"status","url","redir","On page"
"200 no error","https://docs.createwithplay.com/en/articles/getting-started","","starting url"
"200 no error","https://docs.createwithplay.com/mintlify-assets/_next/static/media/bb3ef058b751a6ad-s.p.woff2","","appears 3105 times"
"200 no error","https://docs.createwithplay.com/mintlify-assets/_next/static/media/c4b700dcb2187787-s.p.woff2","","appears 3105 times"
"200 no error","https://docs.createwithplay.com/mintlify-assets/_next/static/media/e4af272ccee01ff0-s.p.woff2","","appears 3105 times"
"200 no error","https://docs.createwithplay.com/mintlify-assets/_next/static/css/19d669961ab2627f.css?dpl=dpl_F2sJAuiMC6VTV1rYERQW1vtPuVrw","","appears 3105 times"
"200 no error","https://docs.createwithplay.com/mintlify-assets/_next/static/css/6f9b80d484ead711.css?dpl=dpl_F2sJAuiMC6VTV1rYERQW1vtPuVrw","","appears 3105 times"
"200 no error","https://docs.createwithplay.com/mintlify-assets/_next/static/css/05d6d8fcb903870d.css?dpl=dpl_F2sJAuiMC6VTV1rYERQW1vtPuVrw","","appears 3105 times"
"200 no error","https://docs.createwithplay.com/mintlify-assets/_next/static/chunks/webpack-cce04b660dec2496.js?dpl=dpl_F2sJAuiMC6VTV1rYERQW1vtPuVrw","","appears 6211 times"
"200 no error","https://docs.createwithplay.com/mintlify-assets/_next/static/chunks/87c73c54-dd8d81ac9604067c.js?dpl=dpl_F2sJAuiMC6VTV1rYERQW1vtPuVrw","","appears 3105 times"
"200 no error","https://docs.createwithplay.com/mintlify-assets/_next/static/chunks/90018-52143b60ae93a62d.js?dpl=dpl_F2sJAuiMC6VTV1rYERQW1vtPuVrw","","appears 3106 times"
"200 no error","https://docs.createwithplay.com/mintlify-assets/_next/static/chunks/main-app-76ddd9525ef90e67.js?dpl=dpl_F2sJAuiMC6VTV1rYERQW1vtPuVrw","","appears 3106 times"
"200 no error","https://docs.createwithplay.com/mintlify-assets/_next/static/chunks/891cff7f-dcf0b8e94fd9e2cd.js?dpl=dpl_F2sJAuiMC6VTV1rYERQW1vtPuVrw","","appears 3106 times"
"200 no error","https://docs.createwithplay.com/mintlify-assets/_next/static/chunks/41043-37eb68ccca5ca6c9.js?dpl=dpl_F2sJAuiMC6VTV1rYERQW1vtPuVrw","","appears 3106 times"
"200 no error","https://docs.createwithplay.com/mintlify-assets/_next/static/chunks/51288-0fb44d6be82e9af5.js?dpl=dpl_F2sJAuiMC6VTV1rYERQW1vtPuVrw","","appears 3106 times"
"200 no error","https://docs.createwithplay.com/mintlify-assets/_next/static/chunks/14079-70bacdc9c734d291.js?dpl=dpl_F2sJAuiMC6VTV1rYERQW1vtPuVrw","","appears 3106 times"
"200 no error","https://docs.createwithplay.com/mintlify-assets/_next/static/chunks/29843-945e948e869f9f3a.js?dpl=dpl_F2sJAuiMC6VTV1rYERQW1vtPuVrw","","appears 3106 times"
"200 no error","https://docs.createwithplay.com/mintlify-assets/_next/static/chunks/38615-c24b51c4faa98f17.js?dpl=dpl_F2sJAuiMC6VTV1rYERQW1vtPuVrw","","appears 3106 times"
"200 no error","https://docs.createwithplay.com/mintlify-assets/_next/static/chunks/26814-d8d8fdc8eed0ce52.js?dpl=dpl_F2sJAuiMC6VTV1rYERQW1vtPuVrw","","appears 3106 times"
"200 no error","https://docs.createwithplay.com/mintlify-assets/_next/static/chunks/98816-4875194b6205382d.js?dpl=dpl_F2sJAuiMC6VTV1rYERQW1vtPuVrw","","appears 3106 times"
"200 no error","https://docs.createwithplay.com/mintlify-assets/_next/static/chunks/24194-76a5afc88b4d820c.js?dpl=dpl_F2sJAuiMC6VTV1rYERQW1vtPuVrw","","appears 3106 times"
"200 no error","https://docs.createwithplay.com/mintlify-assets/_next/static/chunks/19664-8ce43df6b74bea12.js?dpl=dpl_F2sJAuiMC6VTV1rYERQW1vtPuVrw","","appears 3106 times"
"200 no error","https://docs.createwithplay.com/mintlify-assets/_next/static/chunks/29826-3c15959c7c9e4927.js?dpl=dpl_F2sJAuiMC6VTV1rYERQW1vtPuVrw","","appears 3106 times"
"200 no error","https://docs.createwithplay.com/mintlify-assets/_next/static/chunks/63667-1022e8eb19c8b70f.js?dpl=dpl_F2sJAuiMC6VTV1rYERQW1vtPuVrw","","appears 3106 times"
"200 no error","https://docs.createwithplay.com/mintlify-assets/_next/static/chunks/85398-8493714047a0dbca.js?dpl=dpl_F2sJAuiMC6VTV1rYERQW1vtPuVrw","","appears 3106 times"
"200 no error","https://docs.createwithplay.com/mintlify-assets/_next/static/chunks/71251-098e19ce9e1ae57f.js?dpl=dpl_F2sJAuiMC6VTV1rYERQW1vtPuVrw","","appears 3106 times"
"200 no error","https://docs.createwithplay.com/mintlify-assets/_next/static/chunks/app/error-e102f17b105115e1.js?dpl=dpl_F2sJAuiMC6VTV1rYERQW1vtPuVrw","","appears 3106 times"
"200 no error","https://docs.createwithplay.com/mintlify-assets/_next/static/chunks/cfdfcc00-442051842d4b5e4f.js?dpl=dpl_F2sJAuiMC6VTV1rYERQW1vtPuVrw","","appears 3106 times"
"200 no error","https://docs.createwithplay.com/mintlify-assets/_next/static/chunks/d30757c7-4ce3b53815c6f230.js?dpl=dpl_F2sJAuiMC6VTV1rYERQW1vtPuVrw","","appears 3106 times"
"200 no error","https://docs.createwithplay.com/mintlify-assets/_next/static/chunks/26262-3e9d72eef87fb79b.js?dpl=dpl_F2sJAuiMC6VTV1rYERQW1vtPuVrw","","appears 3106 times"
"200 no error","https://docs.createwithplay.com/mintlify-assets/_next/static/chunks/21246-9e982c7fbb080ad3.js?dpl=dpl_F2sJAuiMC6VTV1rYERQW1vtPuVrw","","appears 3106 times"
"200 no error","https://docs.createwithplay.com/mintlify-assets/_next/static/chunks/96613-d9098930227907bd.js?dpl=dpl_F2sJAuiMC6VTV1rYERQW1vtPuVrw","","appears 3106 times"
"200 no error","https://docs.createwithplay.com/mintlify-assets/_next/static/chunks/14518-5b07fdc3346f2d84.js?dpl=dpl_F2sJAuiMC6VTV1rYERQW1vtPuVrw","","appears 3106 times"
"200 no error","https://docs.createwithplay.com/mintlify-assets/_next/static/chunks/49952-fe4f8f797bbd869c.js?dpl=dpl_F2sJAuiMC6VTV1rYERQW1vtPuVrw","","appears 3106 times"
"200 no error","https://docs.createwithplay.com/mintlify-assets/_next/static/chunks/68789-e7d81f669637c445.js?dpl=dpl_F2sJAuiMC6VTV1rYERQW1vtPuVrw","","appears 3106 times"
"200 no error","https://docs.createwithplay.com/mintlify-assets/_next/static/chunks/41302-44a25483adef4763.js?dpl=dpl_F2sJAuiMC6VTV1rYERQW1vtPuVrw","","appears 3106 times"
"200 no error","https://docs.createwithplay.com/mintlify-assets/_next/static/chunks/19821-a9f845016c31bbf5.js?dpl=dpl_F2sJAuiMC6VTV1rYERQW1vtPuVrw","","appears 3106 times"
"200 no error","https://docs.createwithplay.com/mintlify-assets/_next/static/chunks/73205-97f88983d523f23c.js?dpl=dpl_F2sJAuiMC6VTV1rYERQW1vtPuVrw","","appears 3106 times"
"200 no error","https://docs.createwithplay.com/mintlify-assets/_next/static/chunks/66856-70b8f9889f3ba87f.js?dpl=dpl_F2sJAuiMC6VTV1rYERQW1vtPuVrw","","appears 3106 times"
"200 no error","https://docs.createwithplay.com/mintlify-assets/_next/static/chunks/86707-1fab51af5c39032d.js?dpl=dpl_F2sJAuiMC6VTV1rYERQW1vtPuVrw","","appears 3106 times"
"200 no error","https://docs.createwithplay.com/mintlify-assets/_next/static/chunks/29226-149e378bb6d0f357.js?dpl=dpl_F2sJAuiMC6VTV1rYERQW1vtPuVrw","","appears 3106 times"
"200 no error","https://docs.createwithplay.com/mintlify-assets/_next/static/chunks/app/%5Fsites/[subdomain]/(multitenant)/layout-c82a6fe81a03d662.js?dpl=dpl_F2sJAuiMC6VTV1rYERQW1vtPuVrw","","appears 3106 times"
"200 no error","https://docs.createwithplay.com/mintlify-assets/_next/static/chunks/3351-3f5a74ac7a2a659f.js?dpl=dpl_F2sJAuiMC6VTV1rYERQW1vtPuVrw","","appears 3106 times"
"200 no error","https://docs.createwithplay.com/mintlify-assets/_next/static/chunks/app/%5Fsites/[subdomain]/not-found-717dbdb1276060ea.js?dpl=dpl_F2sJAuiMC6VTV1rYERQW1vtPuVrw","","appears 3106 times"
"200 no error","https://docs.createwithplay.com/mintlify-assets/_next/static/chunks/app/%5Fsites/[subdomain]/error-f4919e9fcd731036.js?dpl=dpl_F2sJAuiMC6VTV1rYERQW1vtPuVrw","","appears 3106 times"
"200 no error","https://docs.createwithplay.com/mintlify-assets/_next/static/chunks/41246-bd0553a2dc87c7b6.js?dpl=dpl_F2sJAuiMC6VTV1rYERQW1vtPuVrw","","appears 3106 times"
"200 no error","https://docs.createwithplay.com/mintlify-assets/_next/static/chunks/app/%5Fsites/[subdomain]/(multitenant)/[[...slug]]/page-b27d00ba7f2b3bbf.js?dpl=dpl_F2sJAuiMC6VTV1rYERQW1vtPuVrw","","appears 3106 times"
"200 no error","https://docs.createwithplay.com/mintlify-assets/_next/static/chunks/app/%5Fsites/[subdomain]/(multitenant)/not-found-8d12dfe55a16aa7c.js?dpl=dpl_F2sJAuiMC6VTV1rYERQW1vtPuVrw","","appears 3106 times"
"200 no error","https://docs.createwithplay.com/mintlify-assets/_next/static/chunks/59376-7a26b930dd5f39da.js?dpl=dpl_F2sJAuiMC6VTV1rYERQW1vtPuVrw","","appears 3106 times"
"200 no error","https://docs.createwithplay.com/mintlify-assets/_next/static/chunks/app/%5Fsites/[subdomain]/(multitenant)/@topbar/[[...slug]]/page-adcb3a096d721213.js?dpl=dpl_F2sJAuiMC6VTV1rYERQW1vtPuVrw","","appears 3106 times"
"200 no error","https://docs.createwithplay.com/mintlify-assets/_next/static/chunks/50528.a008835b58c523ea.js?dpl=dpl_F2sJAuiMC6VTV1rYERQW1vtPuVrw","","appears 1091 times"
"200 no error","https://docs.createwithplay.com/sitemap.xml","","appears 3106 times"
"200 no error","https://docs.createwithplay.com/mintlify-assets/_mintlify/favicons/play-9683f630/AT8O5WYNbwvjrEUJ/_generated/favicon/apple-touch-icon.png","","appears 3106 times"
"200 no error","https://docs.createwithplay.com/mintlify-assets/_mintlify/favicons/play-9683f630/AT8O5WYNbwvjrEUJ/_generated/favicon/favicon-16x16.png","","appears 3106 times"
"200 no error","https://docs.createwithplay.com/mintlify-assets/_mintlify/favicons/play-9683f630/AT8O5WYNbwvjrEUJ/_generated/favicon/favicon-32x32.png","","appears 3106 times"
"200 no error","https://docs.createwithplay.com/mintlify-assets/_mintlify/favicons/play-9683f630/AT8O5WYNbwvjrEUJ/_generated/favicon/favicon.ico","","appears 3106 times"
"200 no error","https://docs.createwithplay.com/mintlify-assets/_mintlify/favicons/play-9683f630/AT8O5WYNbwvjrEUJ/_generated/favicon-dark/favicon-16x16.png","","appears 3106 times"
"200 no error","https://docs.createwithplay.com/mintlify-assets/_mintlify/favicons/play-9683f630/AT8O5WYNbwvjrEUJ/_generated/favicon-dark/favicon-32x32.png","","appears 3106 times"
"200 no error","https://docs.createwithplay.com/mintlify-assets/_mintlify/favicons/play-9683f630/AT8O5WYNbwvjrEUJ/_generated/favicon-dark/favicon.ico","","appears 3106 times"
"200 no error","https://docs.createwithplay.com/mintlify-assets/_next/static/chunks/polyfills-42372ed130431b0a.js?dpl=dpl_F2sJAuiMC6VTV1rYERQW1vtPuVrw","","appears 3106 times"
"200 no error","https://docs.createwithplay.com/en/articles/getting-started#content-area","","appears 7 times"
"200 no error","https://createwithplay.com/","","appears 3106 times"
"200 no error","https://docs.createwithplay.com/en/articles/editor","","appears 3354 times"
"200 no error","https://docs.createwithplay.com/en/articles/design-mode","","appears 3685 times"
"200 no error","https://docs.createwithplay.com/en/articles/interactions","","appears 5405 times"
"200 no error","https://docs.createwithplay.com/en/articles/dev-handoff","","appears 3206 times"
"200 no error","https://docs.createwithplay.com/en/articles/projects-and-drafts","","appears 210 times"
"200 no error","https://docs.createwithplay.com/en/articles/organize-projects","","appears 209 times"
"200 no error","https://docs.createwithplay.com/en/articles/view-prototype","","appears 291 times"
"200 no error","https://docs.createwithplay.com/en/articles/keyboard-shortcuts","","appears 245 times"
"200 no error","https://docs.createwithplay.com/en/articles/import-figma","","appears 225 times"
"200 no error","https://docs.createwithplay.com/en/articles/import-figma-design-system","","appears 191 times"
"200 no error","https://docs.createwithplay.com/en/articles/import-figma-assets","","appears 214 times"
"200 no error","https://docs.createwithplay.com/en/articles/import-figma-ui","","appears 207 times"
"200 no error","https://docs.createwithplay.com/en/articles/share-design-file","","appears 197 times"
"200 no error","https://docs.createwithplay.com/en/articles/teams-and-members","","appears 229 times"
"200 no error","https://docs.createwithplay.com/en/articles/billing-payment","","appears 180 times"
"200 no error","https://docs.createwithplay.com/en/articles/administrative-questions","","appears 189 times"
"200 no error","https://docs.createwithplay.com/en/articles/connection-troubleshooting","","appears 192 times"
"200 no error","https://docs.createwithplay.com/en/articles/vpn-exemptions","","appears 192 times"
"200 no error","https://docs.createwithplay.com/en/articles/updating-i-os","","appears 169 times"
"200 no error","https://docs.createwithplay.com/en/articles/getting-started#design-with-play","","appears 14 times"
"200 no error","https://docs.createwithplay.com/en/articles/getting-started#prototype-with-play","","appears 14 times"
"200 no error","https://docs.createwithplay.com/en/articles/getting-started#share-&-ship-with-play","","appears 7 times"
"200 no error","https://docs.createwithplay.com/en/articles/getting-started#resources-and-support","","appears 14 times"
"404 not found","https://docs.createwithplay.com/en/articles/explore-section","","appears 7 times"
"200 no error","https://docs.createwithplay.com/en/articles/triggers","","appears 420 times"
"200 no error","https://docs.createwithplay.com/en/articles/actions","","appears 740 times"
"200 no error","https://docs.createwithplay.com/en/articles/condition","","appears 151 times"
"200 no error","https://docs.createwithplay.com/en/articles/variables","","appears 2531 times"
"200 no error","https://docs.createwithplay.com/en/articles/loop","","appears 145 times"
"200 no error","https://docs.createwithplay.com/en/articles/timer","","appears 94 times"
"200 no error","https://docs.createwithplay.com/en/articles/prefabs","","appears 2251 times"
"200 no error","https://docs.createwithplay.com/en/articles/getting-started#share-&-ship-with-play","","appears 7 times"
"200 no error","https://docs.createwithplay.com/en/articles/share-app-clip","","appears 31 times"
"200 no error","https://docs.createwithplay.com/en/articles/export-sdk","","appears 171 times"
"200 no error","https://docs.createwithplay.com/en/collections/swiftui-code-play-to-xcode","","appears 7 times"
"200 no error","https://docs.createwithplay.com/en/articles/keyboard-shortcuts#content-area","","appears 18 times"
"200 no error","https://docs.createwithplay.com/en/articles/keyboard-shortcuts#lobby-shortcuts","","appears 36 times"
"200 no error","https://docs.createwithplay.com/en/articles/keyboard-shortcuts#editor-shortcuts","","appears 36 times"
"200 no error","https://docs.createwithplay.com/en/articles/keyboard-shortcuts#page-tab-and-window-shortcuts","","appears 36 times"
"200 no error","https://docs.createwithplay.com/en/articles/keyboard-shortcuts#mode-shortcuts","","appears 36 times"
"200 no error","https://docs.createwithplay.com/en/articles/keyboard-shortcuts#ui-shortcuts","","appears 36 times"
"200 no error","https://docs.createwithplay.com/en/articles/keyboard-shortcuts#tab-shortcuts","","appears 36 times"
"200 no error","https://docs.createwithplay.com/en/articles/keyboard-shortcuts#copy-shortcuts","","appears 36 times"
"200 no error","https://docs.createwithplay.com/en/articles/keyboard-shortcuts#grouping-shortcuts","","appears 36 times"
"200 no error","https://docs.createwithplay.com/en/articles/keyboard-shortcuts#zoom-shortcuts","","appears 36 times"
"200 no error","https://docs.createwithplay.com/en/articles/keyboard-shortcuts#add-panel-shortcuts","","appears 36 times"
"200 no error","https://docs.createwithplay.com/en/articles/keyboard-shortcuts#left-panel-shortcuts","","appears 36 times"
"200 no error","https://docs.createwithplay.com/en/articles/keyboard-shortcuts#data-editing-shortcuts","","appears 36 times"
"200 no error","https://docs.createwithplay.com/en/articles/keyboard-shortcuts#order-shortcuts","","appears 36 times"
"200 no error","https://docs.createwithplay.com/en/articles/keyboard-shortcuts#layers-panel-shortcuts","","appears 36 times"
"200 no error","https://docs.createwithplay.com/en/articles/keyboard-shortcuts#selection-shortcuts","","appears 36 times"
"200 no error","https://docs.createwithplay.com/en/articles/keyboard-shortcuts#interaction-ux-shortcuts","","appears 36 times"
"200 no error","https://docs.createwithplay.com/en/articles/projects-and-drafts#content-area","","appears 5 times"
"200 no error","https://docs.createwithplay.com/en/articles/projects-and-drafts#overview","","appears 10 times"
"200 no error","https://docs.createwithplay.com/en/articles/projects-and-drafts#drafts","","appears 10 times"
"200 no error","https://docs.createwithplay.com/en/articles/projects-and-drafts#moving-a-project-or-draft","","appears 10 times"
"200 no error","https://docs.createwithplay.com/en/articles/plans-and-upgrades","","appears 41 times"
"200 no error","https://docs.createwithplay.com/en/articles/dev-handoff#content-area","","appears 7 times"
"200 no error","https://docs.createwithplay.com/en/articles/code-panel","","appears 357 times"
"200 no error","https://docs.createwithplay.com/en/articles/update-sdk","","appears 277 times"
"200 no error","https://docs.createwithplay.com/en/articles/implement-sdk","","appears 273 times"
"200 no error","https://docs.createwithplay.com/en/articles/dev-handoff#overview","","appears 14 times"
"200 no error","https://docs.createwithplay.com/en/articles/dev-handoff#play-to-xcode-complete-integration","","appears 14 times"
"200 no error","https://docs.createwithplay.com/en/articles/dev-handoff#benefits","","appears 14 times"
"200 no error","https://docs.createwithplay.com/en/articles/dev-handoff#swift-ui-code-panel-reference-and-guidance","","appears 14 times"
"200 no error","https://docs.createwithplay.com/en/articles/dev-handoff#key-features","","appears 14 times"
"404 not found","https://createwithplay.com/play-to-xcode/individuals","","appears 14 times"
"404 not found","https://docs.createwithplay.com/en/articles/exporting-your-play-project-to-xcode","","appears 7 times"
"404 not found","https://createwithplay.com/play-to-xcode/startups","","appears 7 times"
"404 not found","https://createwithplay.com/play-to-xcode/enterprise","","appears 7 times"
"200 no error","https://docs.createwithplay.com/en/articles/organize-projects#content-area","","appears 9 times"
"200 no error","https://docs.createwithplay.com/en/articles/organize-projects#overview","","appears 18 times"
"200 no error","https://docs.createwithplay.com/en/articles/organize-projects#tags","","appears 18 times"
"200 no error","https://docs.createwithplay.com/en/articles/organize-projects#create-a-tag","","appears 18 times"
"200 no error","https://docs.createwithplay.com/en/articles/organize-projects#tag-projects","","appears 18 times"
"200 no error","https://docs.createwithplay.com/en/articles/organize-projects#manage-tags","","appears 18 times"
"200 no error","https://docs.createwithplay.com/en/articles/organize-projects#search-projects","","appears 18 times"
"200 no error","https://docs.createwithplay.com/en/articles/organize-projects#view-recent-projects","","appears 18 times"
"Missing link url","#","","https://docs.createwithplay.com/en/articles/organize-projects"
"Missing link url","#","","https://docs.createwithplay.com/en/articles/organize-projects"
"200 no error","https://docs.createwithplay.com/en/articles/view-prototype#content-area","","appears 24 times"
"200 no error","https://docs.createwithplay.com/en/articles/view-prototype#overview","","appears 48 times"
"200 no error","https://docs.createwithplay.com/en/articles/view-prototype#experience-prototypes","","appears 48 times"
"200 no error","https://docs.createwithplay.com/en/articles/view-prototype#connect-to-macos","","appears 24 times"
"200 no error","https://docs.createwithplay.com/en/articles/view-prototype#play-from-the-ios-lobby","","appears 24 times"
"200 no error","https://docs.createwithplay.com/en/articles/view-prototype#play-from-the-ios-editor","","appears 24 times"
"200 no error","https://docs.createwithplay.com/en/articles/view-prototype#refresh-interactions-on-ios","","appears 24 times"
"200 no error","https://docs.createwithplay.com/en/articles/view-prototype#exit-play-mode-on-ios","","appears 24 times"
"200 no error","https://docs.createwithplay.com/en/articles/view-prototype#connect-to-macos-2","","appears 24 times"
"200 no error","https://docs.createwithplay.com/en/articles/view-prototype#play-from-the-ipad-lobby","","appears 24 times"
"200 no error","https://docs.createwithplay.com/en/articles/view-prototype#refresh-interactions-on-ipad","","appears 24 times"
"200 no error","https://docs.createwithplay.com/en/articles/view-prototype#exit-play-mode-on-ipad","","appears 24 times"
"200 no error","https://docs.createwithplay.com/en/articles/view-prototype#opening-the-simulator","","appears 24 times"
"200 no error","https://docs.createwithplay.com/en/articles/view-prototype#customizing-the-simulator","","appears 24 times"
"200 no error","https://docs.createwithplay.com/en/articles/view-prototype#changing-the-simulator’s-device-size","","appears 24 times"
"200 no error","https://docs.createwithplay.com/en/articles/view-prototype#refresh-interactions-on-the-simulator","","appears 24 times"
"200 no error","https://docs.createwithplay.com/en/articles/view-prototype#change-the-simulator’s-ui-appearance","","appears 24 times"
"200 no error","https://docs.createwithplay.com/en/articles/view-prototype#adding-or-removing-bezel","","appears 24 times"
"200 no error","https://docs.createwithplay.com/en/articles/view-prototype#opening-multiple-simulator-windows","","appears 24 times"
"200 no error","https://docs.createwithplay.com/en/articles/view-prototype#change-the-prototype-displayed-by-the-simulator","","appears 24 times"
"200 no error","https://docs.createwithplay.com/en/articles/view-prototype#recording-the-simulator","","appears 24 times"
"200 no error","https://docs.createwithplay.com/en/articles/view-prototype#considerations-for-the-simulator","","appears 24 times"
"200 no error","https://docs.createwithplay.com/en/articles/view-prototype#coming-soon-prototype-sharing-with-the-simulator","","appears 24 times"
"200 no error","https://docs.createwithplay.com/en/articles/interactions#content-area","","appears 16 times"
"200 no error","https://docs.createwithplay.com/en/articles/custom-prefabs","","appears 2233 times"
"200 no error","https://docs.createwithplay.com/en/articles/external-data","","appears 2231 times"
"200 no error","https://docs.createwithplay.com/en/articles/arrays","","appears 2341 times"
"200 no error","https://docs.createwithplay.com/en/articles/rive-overview","","appears 2272 times"
"200 no error","https://docs.createwithplay.com/en/articles/audio","","appears 2278 times"
"200 no error","https://docs.createwithplay.com/en/articles/native-menu","","appears 2270 times"
"200 no error","https://docs.createwithplay.com/en/articles/native-alert","","appears 2237 times"
"200 no error","https://docs.createwithplay.com/en/articles/timer-interactions","","appears 2204 times"
"200 no error","https://docs.createwithplay.com/en/articles/interactions#overview","","appears 32 times"
"200 no error","https://docs.createwithplay.com/en/articles/interactions#anatomy-of-an-interaction","","appears 32 times"
"200 no error","https://docs.createwithplay.com/en/articles/interactions#creating-an-interaction","","appears 32 times"
"200 no error","https://docs.createwithplay.com/en/articles/interactions#managing-an-interaction","","appears 32 times"
"200 no error","https://docs.createwithplay.com/en/articles/interactions#testing-an-interaction","","appears 32 times"
"200 no error","https://docs.createwithplay.com/en/articles/interactions#lock-selection","","appears 32 times"
"200 no error","https://docs.createwithplay.com/en/articles/interactions#annotating-interactions","","appears 32 times"
"200 no error","https://docs.createwithplay.com/en/articles/interactions#advanced-prototyping","","appears 32 times"
"200 no error","https://docs.createwithplay.com/en/articles/interactions#expression-editor","","appears 32 times"
"200 no error","https://docs.createwithplay.com/en/articles/interactions#variables","","appears 32 times"
"200 no error","https://docs.createwithplay.com/en/articles/interactions#conditions","","appears 32 times"
"200 no error","https://docs.createwithplay.com/en/articles/interactions#animate-and-delay-blocks","","appears 32 times"
"200 no error","https://docs.createwithplay.com/en/articles/interactions#loop","","appears 32 times"
"200 no error","https://docs.createwithplay.com/en/articles/interactions#component-interactions","","appears 32 times"
"Missing link url","#","","https://docs.createwithplay.com/en/articles/interactions"
"Missing link url","#","","https://docs.createwithplay.com/en/articles/interactions"
"Missing link url","#","","https://docs.createwithplay.com/en/articles/interactions"
"200 no error","https://docs.createwithplay.com/en/articles/expression-editor","","appears 940 times"
"200 no error","https://docs.createwithplay.com/en/articles/set-variable-action","","appears 729 times"
"200 no error","https://docs.createwithplay.com/en/articles/animate","","appears 114 times"
"200 no error","https://docs.createwithplay.com/en/articles/delay","","appears 106 times"
"200 no error","https://docs.createwithplay.com/en/articles/components","","appears 672 times"
"200 no error","https://docs.createwithplay.com/en/articles/component-instances","","appears 578 times"
"200 no error","https://docs.createwithplay.com/en/articles/editor#content-area","","appears 11 times"
"200 no error","https://docs.createwithplay.com/en/articles/add-objects","","appears 220 times"
"200 no error","https://docs.createwithplay.com/en/articles/manage-assets","","appears 211 times"
"200 no error","https://docs.createwithplay.com/en/articles/project-settings","","appears 210 times"
"200 no error","https://docs.createwithplay.com/en/articles/preview","","appears 205 times"
"200 no error","https://docs.createwithplay.com/en/articles/orientation","","appears 222 times"
"200 no error","https://docs.createwithplay.com/en/articles/attribute-panels","","appears 213 times"
"200 no error","https://docs.createwithplay.com/en/articles/layout-panel","","appears 233 times"
"200 no error","https://docs.createwithplay.com/en/articles/position-panel","","appears 230 times"
"200 no error","https://docs.createwithplay.com/en/articles/appearance-panel","","appears 251 times"
"200 no error","https://docs.createwithplay.com/en/articles/glass","","appears 272 times"
"200 no error","https://docs.createwithplay.com/en/articles/blur","","appears 261 times"
"200 no error","https://docs.createwithplay.com/en/articles/layers-panel","","appears 224 times"
"200 no error","https://docs.createwithplay.com/en/articles/styles","","appears 780 times"
"200 no error","https://docs.createwithplay.com/en/articles/events-panel","","appears 209 times"
"200 no error","https://docs.createwithplay.com/en/articles/play-ai","","appears 248 times"
"200 no error","https://docs.createwithplay.com/en/articles/editor#overview","","appears 22 times"
"200 no error","https://docs.createwithplay.com/en/articles/lobby","","appears 49 times"
"200 no error","https://docs.createwithplay.com/en/articles/editor#pages","","appears 11 times"
"404 not found","https://docs.createwithplay.com/en/articles/navigate-play-s-macos-editor#device-and-orientation","","appears 11 times"
"200 no error","https://docs.createwithplay.com/en/articles/editor#components","","appears 11 times"
"200 no error","https://docs.createwithplay.com/en/articles/editor#design","","appears 11 times"
"200 no error","https://docs.createwithplay.com/en/articles/editor#interaction","","appears 11 times"
"404 not found","https://docs.createwithplay.com/en/articles/introduction-to-interactions","","appears 11 times"
"200 no error","https://docs.createwithplay.com/en/articles/editor#settings","","appears 11 times"
"200 no error","https://docs.createwithplay.com/en/articles/editor#pages-2","","appears 11 times"
"200 no error","https://docs.createwithplay.com/en/articles/editor#components-2","","appears 11 times"
"200 no error","https://docs.createwithplay.com/en/articles/editor#design-2","","appears 11 times"
"404 not found","https://docs.createwithplay.com/en/articles/adding-objects-to-your-design","","appears 16 times"
"200 no error","https://docs.createwithplay.com/en/articles/design-mode#content-area","","appears 8 times"
"200 no error","https://docs.createwithplay.com/en/articles/elements","","appears 586 times"
"200 no error","https://docs.createwithplay.com/en/articles/component-states","","appears 598 times"
"200 no error","https://docs.createwithplay.com/en/articles/nav-bar","","appears 652 times"
"200 no error","https://docs.createwithplay.com/en/articles/tab-bar","","appears 634 times"
"200 no error","https://docs.createwithplay.com/en/articles/color-styles","","appears 560 times"
"200 no error","https://docs.createwithplay.com/en/articles/system-colors","","appears 557 times"
"200 no error","https://docs.createwithplay.com/en/articles/gradient-styles","","appears 557 times"
"200 no error","https://docs.createwithplay.com/en/articles/type-styles","","appears 621 times"
"200 no error","https://docs.createwithplay.com/en/articles/system-fonts","","appears 623 times"
"200 no error","https://docs.createwithplay.com/en/articles/spacing-styles","","appears 560 times"
"200 no error","https://docs.createwithplay.com/en/articles/radius-styles","","appears 542 times"
"200 no error","https://docs.createwithplay.com/en/articles/import-library","","appears 556 times"
"200 no error","https://docs.createwithplay.com/en/articles/liquid-glass","","appears 565 times"
"200 no error","https://docs.createwithplay.com/en/articles/design-mode#overview","","appears 16 times"
"200 no error","https://docs.createwithplay.com/en/articles/design-mode#design-with-structure","","appears 16 times"
"200 no error","https://docs.createwithplay.com/en/articles/design-mode#design-mode-ui","","appears 16 times"
"200 no error","https://docs.createwithplay.com/en/articles/design-mode#add-objects","","appears 16 times"
"200 no error","https://docs.createwithplay.com/en/articles/design-mode#layers-styles-variables-code-events-and-ai-panels","","appears 16 times"
"200 no error","https://docs.createwithplay.com/en/articles/design-mode#attribute-panels","","appears 16 times"
"200 no error","https://docs.createwithplay.com/en/articles/event-trigger","","appears 537 times"
"200 no error","https://docs.createwithplay.com/en/articles/ai-view","","appears 442 times"
"404 not found","https://docs.createwithplay.com/en/articles/overview-of-the-attribute-panels","","appears 8 times"
"200 no error","https://docs.createwithplay.com/en/articles/import-figma-design-system#content-area","","appears 5 times"
"200 no error","https://docs.createwithplay.com/en/articles/import-figma-design-system#overview","","appears 10 times"
"200 no error","https://docs.createwithplay.com/en/articles/import-figma-design-system#figma-plugin","","appears 10 times"
"200 no error","https://docs.createwithplay.com/en/articles/import-figma-design-system#upload-to-play","","appears 10 times"
"200 no error","https://docs.createwithplay.com/en/articles/import-figma#content-area","","appears 14 times"
"200 no error","https://docs.createwithplay.com/en/articles/import-figma#overview","","appears 28 times"
"200 no error","https://docs.createwithplay.com/en/articles/import-figma#authorizing-figma-within-play","","appears 28 times"
"200 no error","https://docs.createwithplay.com/en/articles/import-figma#importing-designs-from-figma","","appears 28 times"
"200 no error","https://docs.createwithplay.com/en/articles/import-figma#the-golden-rules","","appears 28 times"
"200 no error","https://docs.createwithplay.com/en/articles/import-figma#importing-assets-from-figma","","appears 28 times"
"200 no error","https://docs.createwithplay.com/en/articles/import-figma#importing-text-from-figma","","appears 28 times"
"200 no error","https://docs.createwithplay.com/en/articles/import-figma#importing-ui-from-figma","","appears 28 times"
"200 no error","https://docs.createwithplay.com/en/articles/import-figma#considerations","","appears 28 times"
"200 no error","https://docs.createwithplay.com/en/articles/import-figma#general-best-practices","","appears 28 times"
"200 no error","https://docs.createwithplay.com/en/articles/import-figma#troubleshooting","","appears 28 times"
"200 no error","https://docs.createwithplay.com/en/articles/import-figma#coming-soon","","appears 28 times"
"200 no error","https://docs.createwithplay.com/en/articles/import-figma#questions-or-comments","","appears 28 times"
"200 no error","https://docs.createwithplay.com/en/articles/import-figma-text","","appears 31 times"
"200 no error","https://docs.createwithplay.com/en/articles/import-figma-assets#content-area","","appears 9 times"
"200 no error","https://docs.createwithplay.com/en/articles/import-figma-assets#overview","","appears 18 times"
"200 no error","https://docs.createwithplay.com/en/articles/import-figma-assets#images","","appears 18 times"
"200 no error","https://docs.createwithplay.com/en/articles/import-figma-assets#rectangles","","appears 18 times"
"200 no error","https://docs.createwithplay.com/en/articles/import-figma-assets#frames","","appears 18 times"
"200 no error","https://docs.createwithplay.com/en/articles/import-figma-assets#cropping-and-masks","","appears 18 times"
"200 no error","https://docs.createwithplay.com/en/articles/import-figma-assets#svgs","","appears 18 times"
"200 no error","https://docs.createwithplay.com/en/articles/import-figma-assets#why-are-svgs-in-play-sometimes-blurry","","appears 18 times"
"200 no error","https://docs.createwithplay.com/en/articles/billing-payment#content-area","","appears 5 times"
"200 no error","https://docs.createwithplay.com/en/articles/billing-payment#overview","","appears 10 times"
"200 no error","https://docs.createwithplay.com/en/articles/billing-payment#canceling-plans","","appears 10 times"
"200 no error","https://docs.createwithplay.com/en/articles/billing-payment#view-invoices","","appears 10 times"
"200 no error","https://docs.createwithplay.com/en/articles/administrative-questions#content-area","","appears 8 times"
"200 no error","https://docs.createwithplay.com/en/articles/administrative-questions#create-account","","appears 16 times"
"200 no error","https://docs.createwithplay.com/en/articles/administrative-questions#change-password","","appears 16 times"
"200 no error","https://docs.createwithplay.com/en/articles/administrative-questions#delete-data","","appears 16 times"
"200 no error","https://docs.createwithplay.com/en/articles/administrative-questions#change-team-ownership","","appears 16 times"
"200 no error","https://docs.createwithplay.com/en/articles/administrative-questions#report-a-bug","","appears 16 times"
"200 no error","https://docs.createwithplay.com/en/articles/administrative-questions#check-notifications","","appears 16 times"
"200 no error","https://docs.createwithplay.com/en/articles/share-design-file#content-area","","appears 7 times"
"200 no error","https://docs.createwithplay.com/en/articles/share-design-file#overview","","appears 14 times"
"200 no error","https://docs.createwithplay.com/en/articles/share-design-file#generate-an-editor-link","","appears 14 times"
"200 no error","https://docs.createwithplay.com/en/articles/share-design-file#editor-links-for-drafts","","appears 7 times"
"200 no error","https://docs.createwithplay.com/en/articles/share-design-file#from-the-lobby","","appears 7 times"
"200 no error","https://docs.createwithplay.com/en/articles/share-design-file#from-the-editor","","appears 7 times"
"200 no error","https://docs.createwithplay.com/en/articles/teams-and-members#content-area","","appears 4 times"
"200 no error","https://docs.createwithplay.com/en/articles/teams-and-members#overview","","appears 8 times"
"200 no error","https://docs.createwithplay.com/en/articles/teams-and-members#remove-a-team-member","","appears 8 times"
"200 no error","https://docs.createwithplay.com/en/articles/import-figma-ui#content-area","","appears 8 times"
"200 no error","https://docs.createwithplay.com/en/articles/import-figma-ui#overview","","appears 16 times"
"200 no error","https://docs.createwithplay.com/en/articles/import-figma-ui#using-auto-layout","","appears 16 times"
"200 no error","https://docs.createwithplay.com/en/articles/import-figma-ui#making-designs-responsive","","appears 16 times"
"200 no error","https://docs.createwithplay.com/en/articles/import-figma-ui#designs-without-auto-layout","","appears 16 times"
"200 no error","https://docs.createwithplay.com/en/articles/import-figma-ui#components","","appears 16 times"
"200 no error","https://docs.createwithplay.com/en/articles/import-figma-ui#pages","","appears 16 times"
"200 no error","https://docs.createwithplay.com/en/articles/updating-i-os#content-area","","appears 2 times"
"200 no error","https://docs.createwithplay.com/en/articles/connection-troubleshooting#content-area","","appears 7 times"
"200 no error","https://docs.createwithplay.com/en/articles/connection-troubleshooting#internet-connection-issues","","appears 14 times"
"200 no error","https://docs.createwithplay.com/en/articles/connection-troubleshooting#vpns","","appears 14 times"
"200 no error","https://docs.createwithplay.com/en/articles/connection-troubleshooting#firewalls","","appears 14 times"
"200 no error","https://docs.createwithplay.com/en/articles/connection-troubleshooting#unsubscribed","","appears 14 times"
"200 no error","https://docs.createwithplay.com/en/articles/connection-troubleshooting#unknown-issues","","appears 14 times"
"Missing link url","#","","https://docs.createwithplay.com/en/articles/connection-troubleshooting"
"Missing link url","#","","https://docs.createwithplay.com/en/articles/connection-troubleshooting"
"Missing link url","#","","https://docs.createwithplay.com/en/articles/connection-troubleshooting"
"Missing link url","#","","https://docs.createwithplay.com/en/articles/connection-troubleshooting"
"Missing link url","#","","https://docs.createwithplay.com/en/articles/connection-troubleshooting"
"Missing link url","#","","https://docs.createwithplay.com/en/articles/connection-troubleshooting"
"Missing link url","#","","https://docs.createwithplay.com/en/articles/connection-troubleshooting"
"200 no error","https://docs.createwithplay.com/en/articles/vpn-exemptions#content-area","","appears 10 times"
"200 no error","https://docs.createwithplay.com/en/articles/vpn-exemptions#overview","","appears 20 times"
"200 no error","https://docs.createwithplay.com/en/articles/vpn-exemptions#exempting-domains-in-zscaler","","appears 20 times"
"200 no error","https://docs.createwithplay.com/en/articles/vpn-exemptions#exempting-domains-in-palo-alto-globalprotect","","appears 20 times"
"200 no error","https://docs.createwithplay.com/en/articles/vpn-exemptions#exempting-domains-in-cisco-anyconnect-with-umbrella","","appears 20 times"
"200 no error","https://docs.createwithplay.com/en/articles/vpn-exemptions#exempting-domains-in-nordvpn","","appears 20 times"
"200 no error","https://docs.createwithplay.com/en/articles/vpn-exemptions#exempting-domains-in-surfshark","","appears 20 times"
"200 no error","https://docs.createwithplay.com/en/articles/vpn-exemptions#exempting-domains-in-norton-secure-vpn","","appears 20 times"
"200 no error","https://docs.createwithplay.com/en/articles/vpn-exemptions#conclusion","","appears 20 times"
"Missing link url","#","","https://docs.createwithplay.com/en/articles/vpn-exemptions"
"Missing link url","#","","https://docs.createwithplay.com/en/articles/vpn-exemptions"
"Missing link url","#","","https://docs.createwithplay.com/en/articles/vpn-exemptions"
"Missing link url","#","","https://docs.createwithplay.com/en/articles/vpn-exemptions"
"Missing link url","#","","https://docs.createwithplay.com/en/articles/vpn-exemptions"
"Missing link url","#","","https://docs.createwithplay.com/en/articles/vpn-exemptions"
"Missing link url","#","","https://docs.createwithplay.com/en/articles/vpn-exemptions"
"Missing link url","#","","https://docs.createwithplay.com/en/articles/vpn-exemptions"
"Missing link url","#","","https://docs.createwithplay.com/en/articles/vpn-exemptions"
"Missing link url","#","","https://docs.createwithplay.com/en/articles/vpn-exemptions"
"Missing link url","#","","https://docs.createwithplay.com/en/articles/vpn-exemptions"
"Missing link url","#","","https://docs.createwithplay.com/en/articles/vpn-exemptions"
"Missing link url","#","","https://docs.createwithplay.com/en/articles/vpn-exemptions"
"Missing link url","#","","https://docs.createwithplay.com/en/articles/vpn-exemptions"
"Missing link url","#","","https://docs.createwithplay.com/en/articles/vpn-exemptions"
"Missing link url","#","","https://docs.createwithplay.com/en/articles/vpn-exemptions"
"Missing link url","#","","https://docs.createwithplay.com/en/articles/vpn-exemptions"
"Missing link url","#","","https://docs.createwithplay.com/en/articles/vpn-exemptions"
"Missing link url","#","","https://docs.createwithplay.com/en/articles/vpn-exemptions"
"Missing link url","#","","https://docs.createwithplay.com/en/articles/vpn-exemptions"
"Missing link url","#","","https://docs.createwithplay.com/en/articles/vpn-exemptions"
"Missing link url","#","","https://docs.createwithplay.com/en/articles/vpn-exemptions"
"Missing link url","#","","https://docs.createwithplay.com/en/articles/vpn-exemptions"
"Missing link url","#","","https://docs.createwithplay.com/en/articles/vpn-exemptions"
"Missing link url","#","","https://docs.createwithplay.com/en/articles/vpn-exemptions"
"Missing link url","#","","https://docs.createwithplay.com/en/articles/vpn-exemptions"
"Missing link url","#","","https://docs.createwithplay.com/en/articles/vpn-exemptions"
"Missing link url","#","","https://docs.createwithplay.com/en/articles/vpn-exemptions"
"Missing link url","#","","https://docs.createwithplay.com/en/articles/vpn-exemptions"
"Missing link url","#","","https://docs.createwithplay.com/en/articles/vpn-exemptions"
"Missing link url","#","","https://docs.createwithplay.com/en/articles/vpn-exemptions"
"Missing link url","#","","https://docs.createwithplay.com/en/articles/vpn-exemptions"
"Missing link url","#","","https://docs.createwithplay.com/en/articles/vpn-exemptions"
"Missing link url","#","","https://docs.createwithplay.com/en/articles/vpn-exemptions"
"Missing link url","#","","https://docs.createwithplay.com/en/articles/vpn-exemptions"
"Missing link url","#","","https://docs.createwithplay.com/en/articles/vpn-exemptions"
"200 no error","https://docs.createwithplay.com/en/articles/actions#content-area","","appears 4 times"
"200 no error","https://docs.createwithplay.com/en/articles/easing-curves","","appears 706 times"
"200 no error","https://docs.createwithplay.com/en/articles/alert-action","","appears 726 times"
"200 no error","https://docs.createwithplay.com/en/articles/alert-text-field-action","","appears 720 times"
"200 no error","https://docs.createwithplay.com/en/articles/capture-action","","appears 738 times"
"200 no error","https://docs.createwithplay.com/en/articles/copy-to-clipboard-action","","appears 703 times"
"200 no error","https://docs.createwithplay.com/en/articles/dismiss-keyboard-action","","appears 689 times"
"200 no error","https://docs.createwithplay.com/en/articles/dismiss-page-action","","appears 702 times"
"200 no error","https://docs.createwithplay.com/en/articles/dismiss-sheet-action","","appears 721 times"
"200 no error","https://docs.createwithplay.com/en/articles/duplicate-action","","appears 703 times"
"200 no error","https://docs.createwithplay.com/en/articles/fetch-action","","appears 716 times"
"200 no error","https://docs.createwithplay.com/en/articles/fetch-json-action","","appears 710 times"
"200 no error","https://docs.createwithplay.com/en/articles/format-number-action","","appears 704 times"
"200 no error","https://docs.createwithplay.com/en/articles/go-to-url-action","","appears 692 times"
"200 no error","https://docs.createwithplay.com/en/articles/layer-blur-action","","appears 698 times"
"200 no error","https://docs.createwithplay.com/en/articles/menu-action","","appears 773 times"
"200 no error","https://docs.createwithplay.com/en/articles/oauth-action","","appears 699 times"
"200 no error","https://docs.createwithplay.com/en/articles/open-camera-action","","appears 711 times"
"200 no error","https://docs.createwithplay.com/en/articles/open-library-action","","appears 703 times"
"200 no error","https://docs.createwithplay.com/en/articles/open-page-action","","appears 755 times"
"200 no error","https://docs.createwithplay.com/en/articles/open-sheet-action","","appears 739 times"
"200 no error","https://docs.createwithplay.com/en/articles/photo-picker-action","","appears 716 times"
"200 no error","https://docs.createwithplay.com/en/articles/print-action","","appears 699 times"
"200 no error","https://docs.createwithplay.com/en/articles/progressive-blur-action","","appears 692 times"
"200 no error","https://docs.createwithplay.com/en/articles/reload-alert-action","","appears 695 times"
"200 no error","https://docs.createwithplay.com/en/articles/reload-menu-action","","appears 708 times"
"200 no error","https://docs.createwithplay.com/en/articles/remove-action","","appears 697 times"
"200 no error","https://docs.createwithplay.com/en/articles/reset-all-properties-action","","appears 693 times"
"200 no error","https://docs.createwithplay.com/en/articles/rive-set-text-action","","appears 709 times"
"200 no error","https://docs.createwithplay.com/en/articles/rive-set-data-model-property-action","","appears 711 times"
"200 no error","https://docs.createwithplay.com/en/articles/rive-set-data-model-list-action","","appears 743 times"
"200 no error","https://docs.createwithplay.com/en/articles/rive-set-view-model-action","","appears 727 times"
"200 no error","https://docs.createwithplay.com/en/articles/round-number-action","","appears 702 times"
"200 no error","https://docs.createwithplay.com/en/articles/set-activity-indicator-action","","appears 701 times"
"200 no error","https://docs.createwithplay.com/en/articles/set-appearance-action","","appears 694 times"
"200 no error","https://docs.createwithplay.com/en/articles/set-array-action","","appears 721 times"
"200 no error","https://docs.createwithplay.com/en/articles/set-audio-action","","appears 761 times"
"200 no error","https://docs.createwithplay.com/en/articles/set-audio-mute-action","","appears 717 times"
"200 no error","https://docs.createwithplay.com/en/articles/set-audio-volume-action","","appears 704 times"
"200 no error","https://docs.createwithplay.com/en/articles/set-color-action","","appears 692 times"
"200 no error","https://docs.createwithplay.com/en/articles/set-event-action","","appears 712 times"
"200 no error","https://docs.createwithplay.com/en/articles/set-focus-action","","appears 701 times"
"200 no error","https://docs.createwithplay.com/en/articles/set-haptic-action","","appears 701 times"
"200 no error","https://docs.createwithplay.com/en/articles/set-image-action","","appears 732 times"
"200 no error","https://docs.createwithplay.com/en/articles/set-lens-action","","appears 733 times"
"200 no error","https://docs.createwithplay.com/en/articles/set-map-location-action","","appears 741 times"
"200 no error","https://docs.createwithplay.com/en/articles/set-map-pin-action","","appears 739 times"
"200 no error","https://docs.createwithplay.com/en/articles/set-page-loader-action","","appears 716 times"
"200 no error","https://docs.createwithplay.com/en/articles/set-preview-action","","appears 715 times"
"200 no error","https://docs.createwithplay.com/en/articles/set-property-action","","appears 704 times"
"200 no error","https://docs.createwithplay.com/en/articles/set-rive-artboard-action","","appears 711 times"
"200 no error","https://docs.createwithplay.com/en/articles/set-rive-input-action","","appears 711 times"
"200 no error","https://docs.createwithplay.com/en/articles/set-rive-mute-action","","appears 706 times"
"200 no error","https://docs.createwithplay.com/en/articles/set-rive-playback-action","","appears 704 times"
"200 no error","https://docs.createwithplay.com/en/articles/set-rive-volume","","appears 707 times"
"200 no error","https://docs.createwithplay.com/en/articles/set-scroll-x-y-actions","","appears 698 times"
"200 no error","https://docs.createwithplay.com/en/articles/set-segment-action","","appears 709 times"
"200 no error","https://docs.createwithplay.com/en/articles/set-sf-symbol-action","","appears 723 times"
"200 no error","https://docs.createwithplay.com/en/articles/set-sf-symbol-effect-action","","appears 785 times"
"200 no error","https://docs.createwithplay.com/en/articles/set-shadow-action","","appears 729 times"
"200 no error","https://docs.createwithplay.com/en/articles/set-sheet-detent-action","","appears 699 times"
"200 no error","https://docs.createwithplay.com/en/articles/set-state-action","","appears 716 times"
"200 no error","https://docs.createwithplay.com/en/articles/set-status-bar-action","","appears 697 times"
"200 no error","https://docs.createwithplay.com/en/articles/set-text-action","","appears 763 times"
"200 no error","https://docs.createwithplay.com/en/articles/set-video-action","","appears 711 times"
"200 no error","https://docs.createwithplay.com/en/articles/set-video-playback-action","","appears 710 times"
"200 no error","https://docs.createwithplay.com/en/articles/show-alert-action","","appears 717 times"
"200 no error","https://docs.createwithplay.com/en/articles/snapshot-action","","appears 693 times"
"200 no error","https://docs.createwithplay.com/en/articles/start-and-stop-speech-actions","","appears 727 times"
"200 no error","https://docs.createwithplay.com/en/articles/start-and-stop-timer-actions","","appears 718 times"
"200 no error","https://docs.createwithplay.com/en/articles/sub-menu-action","","appears 757 times"
"200 no error","https://docs.createwithplay.com/en/articles/toggle-nav-bar-action","","appears 694 times"
"200 no error","https://docs.createwithplay.com/en/articles/toggle-tab-bar-action","","appears 691 times"
"200 no error","https://docs.createwithplay.com/en/articles/tween-state-action","","appears 695 times"
"200 no error","https://docs.createwithplay.com/en/articles/waveform-set-input-action","","appears 706 times"
"200 no error","https://docs.createwithplay.com/en/articles/waveform-toggle-live-action","","appears 709 times"
"200 no error","https://docs.createwithplay.com/en/articles/actions#overview","","appears 8 times"
"200 no error","https://docs.createwithplay.com/en/articles/view-enter-exit-triggers","","appears 382 times"
"200 no error","https://docs.createwithplay.com/en/articles/export-sdk#content-area","","appears 20 times"
"200 no error","https://docs.createwithplay.com/en/articles/export-sdk#overview","","appears 40 times"
"200 no error","https://docs.createwithplay.com/en/articles/export-sdk#publishing-to-a-new-xcode-project","","appears 40 times"
"200 no error","https://docs.createwithplay.com/en/articles/export-sdk#step-1-configure-your-package","","appears 40 times"
"200 no error","https://docs.createwithplay.com/en/articles/export-sdk#export-as","","appears 40 times"
"200 no error","https://docs.createwithplay.com/en/articles/export-sdk#project-type","","appears 40 times"
"200 no error","https://docs.createwithplay.com/en/articles/export-sdk#include-assets-in-your-module","","appears 40 times"
"200 no error","https://docs.createwithplay.com/en/articles/export-sdk#module-name","","appears 40 times"
"200 no error","https://docs.createwithplay.com/en/articles/export-sdk#step-2-review-names-and-implementation","","appears 40 times"
"200 no error","https://docs.createwithplay.com/en/articles/export-sdk#renaming-best-practices","","appears 40 times"
"200 no error","https://docs.createwithplay.com/en/articles/export-sdk#step-3-export-to-xcode","","appears 40 times"
"200 no error","https://docs.createwithplay.com/en/articles/export-sdk#publishing-to-an-existing-xcode-project","","appears 40 times"
"200 no error","https://docs.createwithplay.com/en/articles/export-sdk#step-1-configure-your-package-2","","appears 40 times"
"200 no error","https://docs.createwithplay.com/en/articles/export-sdk#export-as-2","","appears 40 times"
"200 no error","https://docs.createwithplay.com/en/articles/export-sdk#include-assets-in-your-module-2","","appears 40 times"
"200 no error","https://docs.createwithplay.com/en/articles/export-sdk#module-name-2","","appears 40 times"
"200 no error","https://docs.createwithplay.com/en/articles/export-sdk#step-2-review-names-and-implementation-2","","appears 40 times"
"200 no error","https://docs.createwithplay.com/en/articles/export-sdk#renaming-best-practices-2","","appears 40 times"
"200 no error","https://docs.createwithplay.com/en/articles/export-sdk#step-3-export-to-xcode-2","","appears 40 times"
"200 no error","https://docs.createwithplay.com/en/articles/implement-sdk#content-area","","appears 48 times"
"200 no error","https://docs.createwithplay.com/en/articles/implement-sdk#overview","","appears 96 times"
"200 no error","https://docs.createwithplay.com/en/articles/implement-sdk#swiftui-implementation","","appears 96 times"
"200 no error","https://docs.createwithplay.com/en/articles/implement-sdk#pages","","appears 96 times"
"200 no error","https://docs.createwithplay.com/en/articles/implement-sdk#load-page","","appears 96 times"
"200 no error","https://docs.createwithplay.com/en/articles/implement-sdk#update-page-images-and-text","","appears 96 times"
"200 no error","https://docs.createwithplay.com/en/articles/implement-sdk#use-page-variables","","appears 96 times"
"200 no error","https://docs.createwithplay.com/en/articles/implement-sdk#components","","appears 96 times"
"200 no error","https://docs.createwithplay.com/en/articles/implement-sdk#load-component","","appears 96 times"
"200 no error","https://docs.createwithplay.com/en/articles/implement-sdk#update-component-images-and-text","","appears 96 times"
"200 no error","https://docs.createwithplay.com/en/articles/implement-sdk#change-states","","appears 96 times"
"200 no error","https://docs.createwithplay.com/en/articles/implement-sdk#use-component-variables","","appears 96 times"
"200 no error","https://docs.createwithplay.com/en/articles/implement-sdk#variables","","appears 96 times"
"200 no error","https://docs.createwithplay.com/en/articles/implement-sdk#use-global-variables","","appears 96 times"
"200 no error","https://docs.createwithplay.com/en/articles/implement-sdk#use-global-variables-2","","appears 96 times"
"200 no error","https://docs.createwithplay.com/en/articles/implement-sdk#styles","","appears 96 times"
"200 no error","https://docs.createwithplay.com/en/articles/implement-sdk#color","","appears 96 times"
"200 no error","https://docs.createwithplay.com/en/articles/implement-sdk#type","","appears 96 times"
"200 no error","https://docs.createwithplay.com/en/articles/implement-sdk#spacing","","appears 96 times"
"200 no error","https://docs.createwithplay.com/en/articles/implement-sdk#radius","","appears 96 times"
"200 no error","https://docs.createwithplay.com/en/articles/implement-sdk#gradient","","appears 96 times"
"200 no error","https://docs.createwithplay.com/en/articles/implement-sdk#assets","","appears 96 times"
"200 no error","https://docs.createwithplay.com/en/articles/implement-sdk#image","","appears 96 times"
"200 no error","https://docs.createwithplay.com/en/articles/implement-sdk#video","","appears 96 times"
"200 no error","https://docs.createwithplay.com/en/articles/implement-sdk#font","","appears 96 times"
"200 no error","https://docs.createwithplay.com/en/articles/implement-sdk#uikit-implementation","","appears 96 times"
"200 no error","https://docs.createwithplay.com/en/articles/implement-sdk#pages-2","","appears 96 times"
"200 no error","https://docs.createwithplay.com/en/articles/implement-sdk#load-page-2","","appears 96 times"
"200 no error","https://docs.createwithplay.com/en/articles/implement-sdk#update-page-images-and-text-2","","appears 96 times"
"200 no error","https://docs.createwithplay.com/en/articles/implement-sdk#use-page-variables-2","","appears 96 times"
"200 no error","https://docs.createwithplay.com/en/articles/implement-sdk#components-2","","appears 96 times"
"200 no error","https://docs.createwithplay.com/en/articles/implement-sdk#load-component-2","","appears 96 times"
"200 no error","https://docs.createwithplay.com/en/articles/implement-sdk#update-component-images-and-text-2","","appears 96 times"
"200 no error","https://docs.createwithplay.com/en/articles/implement-sdk#change-states-2","","appears 96 times"
"200 no error","https://docs.createwithplay.com/en/articles/implement-sdk#use-component-variables-2","","appears 96 times"
"200 no error","https://docs.createwithplay.com/en/articles/implement-sdk#variables-2","","appears 96 times"
"200 no error","https://docs.createwithplay.com/en/articles/implement-sdk#use-global-variables-3","","appears 96 times"
"200 no error","https://docs.createwithplay.com/en/articles/implement-sdk#styles-2","","appears 96 times"
"200 no error","https://docs.createwithplay.com/en/articles/implement-sdk#color-2","","appears 96 times"
"200 no error","https://docs.createwithplay.com/en/articles/implement-sdk#type-2","","appears 96 times"
"200 no error","https://docs.createwithplay.com/en/articles/implement-sdk#spacing-2","","appears 96 times"
"200 no error","https://docs.createwithplay.com/en/articles/implement-sdk#radius-2","","appears 96 times"
"200 no error","https://docs.createwithplay.com/en/articles/implement-sdk#gradient-2","","appears 96 times"
"200 no error","https://docs.createwithplay.com/en/articles/implement-sdk#assets-2","","appears 96 times"
"200 no error","https://docs.createwithplay.com/en/articles/implement-sdk#image-2","","appears 96 times"
"200 no error","https://docs.createwithplay.com/en/articles/implement-sdk#video-2","","appears 96 times"
"200 no error","https://docs.createwithplay.com/en/articles/implement-sdk#font-2","","appears 96 times"
"200 no error","https://docs.createwithplay.com/en/articles/plans-and-upgrades#content-area","","appears 6 times"
"200 no error","https://docs.createwithplay.com/en/articles/plans-and-upgrades#overview","","appears 12 times"
"200 no error","https://docs.createwithplay.com/en/articles/plans-and-upgrades#paid-plans","","appears 12 times"
"200 no error","https://docs.createwithplay.com/en/articles/plans-and-upgrades#upgrading-downgrading-and-canceling-plans","","appears 12 times"
"200 no error","https://docs.createwithplay.com/en/articles/plans-and-upgrades#student-discounts","","appears 12 times"
"404 not found","https://createwithplay.com/pricing","","appears 18 times"
"200 no error","https://docs.createwithplay.com/en/articles/code-panel#content-area","","appears 11 times"
"200 no error","https://docs.createwithplay.com/en/articles/code-panel#overview","","appears 22 times"
"200 no error","https://docs.createwithplay.com/en/articles/code-panel#play-sdk","","appears 22 times"
"200 no error","https://docs.createwithplay.com/en/articles/code-panel#swiftui","","appears 22 times"
"200 no error","https://docs.createwithplay.com/en/articles/code-panel#design-mode-code","","appears 22 times"
"200 no error","https://docs.createwithplay.com/en/articles/code-panel#interaction-mode-code","","appears 22 times"
"200 no error","https://docs.createwithplay.com/en/articles/code-panel#properties","","appears 22 times"
"200 no error","https://docs.createwithplay.com/en/articles/code-panel#design-mode-properties","","appears 22 times"
"200 no error","https://docs.createwithplay.com/en/articles/code-panel#interaction-mode-properties","","appears 22 times"
"200 no error","https://docs.createwithplay.com/en/articles/code-panel#hierarchy","","appears 22 times"
"200 no error","https://docs.createwithplay.com/en/articles/update-sdk#content-area","","appears 4 times"
"200 no error","https://docs.createwithplay.com/en/articles/update-sdk#overview","","appears 8 times"
"200 no error","https://docs.createwithplay.com/en/articles/update-sdk#export-to-an-existing-xcode-project","","appears 8 times"
"Missing link url","#","","https://docs.createwithplay.com/en/articles/organize-projects#overview"
"Missing link url","#","","https://docs.createwithplay.com/en/articles/organize-projects#overview"
"Missing link url","#","","https://docs.createwithplay.com/en/articles/organize-projects#create-a-tag"
"Missing link url","#","","https://docs.createwithplay.com/en/articles/organize-projects#create-a-tag"
"Missing link url","#","","https://docs.createwithplay.com/en/articles/organize-projects#tags"
"Missing link url","#","","https://docs.createwithplay.com/en/articles/organize-projects#tags"
"Missing link url","#","","https://docs.createwithplay.com/en/articles/organize-projects#content-area"
"Missing link url","#","","https://docs.createwithplay.com/en/articles/organize-projects#content-area"
"Missing link url","#","","https://docs.createwithplay.com/en/articles/organize-projects#search-projects"
"Missing link url","#","","https://docs.createwithplay.com/en/articles/organize-projects#search-projects"
"Missing link url","#","","https://docs.createwithplay.com/en/articles/organize-projects#manage-tags"
"Missing link url","#","","https://docs.createwithplay.com/en/articles/organize-projects#manage-tags"
"Missing link url","#","","https://docs.createwithplay.com/en/articles/organize-projects#tag-projects"
"Missing link url","#","","https://docs.createwithplay.com/en/articles/organize-projects#tag-projects"
"Missing link url","#","","https://docs.createwithplay.com/en/articles/organize-projects#view-recent-projects"
"Missing link url","#","","https://docs.createwithplay.com/en/articles/organize-projects#view-recent-projects"
"Missing link url","#","","https://docs.createwithplay.com/en/articles/interactions#content-area"
"Missing link url","#","","https://docs.createwithplay.com/en/articles/interactions#content-area"
"Missing link url","#","","https://docs.createwithplay.com/en/articles/interactions#content-area"
"200 no error","https://docs.createwithplay.com/en/articles/arrays#content-area","","appears 28 times"
"200 no error","https://docs.createwithplay.com/en/articles/arrays#overview","","appears 56 times"
"200 no error","https://docs.createwithplay.com/en/articles/arrays#creating-an-array","","appears 56 times"
"200 no error","https://docs.createwithplay.com/en/articles/arrays#accessing-values-in-an-array","","appears 56 times"
"200 no error","https://docs.createwithplay.com/en/articles/arrays#accessing-one-value","","appears 56 times"
"200 no error","https://docs.createwithplay.com/en/articles/arrays#accessing-multiple-value","","appears 56 times"
"200 no error","https://docs.createwithplay.com/en/articles/arrays#editing-an-array","","appears 56 times"
"200 no error","https://docs.createwithplay.com/en/articles/arrays#set-array-action","","appears 56 times"
"200 no error","https://docs.createwithplay.com/en/articles/arrays#array-properties-in-the-expression-editor","","appears 56 times"
"200 no error","https://docs.createwithplay.com/en/articles/arrays#append","","appears 56 times"
"200 no error","https://docs.createwithplay.com/en/articles/arrays#count","","appears 56 times"
"200 no error","https://docs.createwithplay.com/en/articles/arrays#contains","","appears 56 times"
"200 no error","https://docs.createwithplay.com/en/articles/arrays#filter-items-by","","appears 56 times"
"200 no error","https://docs.createwithplay.com/en/articles/arrays#first","","appears 56 times"
"200 no error","https://docs.createwithplay.com/en/articles/arrays#first-index-of","","appears 56 times"
"200 no error","https://docs.createwithplay.com/en/articles/arrays#item","","appears 56 times"
"200 no error","https://docs.createwithplay.com/en/articles/arrays#is-empty","","appears 56 times"
"200 no error","https://docs.createwithplay.com/en/articles/arrays#last","","appears 56 times"
"200 no error","https://docs.createwithplay.com/en/articles/arrays#remove","","appears 56 times"
"200 no error","https://docs.createwithplay.com/en/articles/arrays#remove-all","","appears 56 times"
"200 no error","https://docs.createwithplay.com/en/articles/arrays#remove-first","","appears 56 times"
"200 no error","https://docs.createwithplay.com/en/articles/arrays#remove-last","","appears 56 times"
"200 no error","https://docs.createwithplay.com/en/articles/arrays#remove-by","","appears 56 times"
"200 no error","https://docs.createwithplay.com/en/articles/arrays#remove-first-by","","appears 56 times"
"200 no error","https://docs.createwithplay.com/en/articles/arrays#remove-last-by","","appears 56 times"
"200 no error","https://docs.createwithplay.com/en/articles/arrays#resources","","appears 56 times"
"200 no error","https://docs.createwithplay.com/en/articles/external-data#content-area","","appears 8 times"
"200 no error","https://docs.createwithplay.com/en/articles/external-data#overview","","appears 16 times"
"200 no error","https://docs.createwithplay.com/en/articles/external-data#loading-your-api-or-json-file","","appears 16 times"
"200 no error","https://docs.createwithplay.com/en/articles/external-data#accessing-the-response","","appears 16 times"
"200 no error","https://docs.createwithplay.com/en/articles/external-data#saving-the-response-as-a-dictionary-variable","","appears 16 times"
"200 no error","https://docs.createwithplay.com/en/articles/external-data#displaying-a-value","","appears 16 times"
"200 no error","https://docs.createwithplay.com/en/articles/external-data#displaying-multiple-values","","appears 16 times"
"200 no error","https://docs.createwithplay.com/en/articles/prefab-selection-menu","","appears 60 times"
"Missing link url","#","","https://docs.createwithplay.com/en/articles/interactions#overview"
"Missing link url","#","","https://docs.createwithplay.com/en/articles/interactions#overview"
"Missing link url","#","","https://docs.createwithplay.com/en/articles/interactions#overview"
"200 no error","https://docs.createwithplay.com/en/articles/custom-prefabs#content-area","","appears 10 times"
"200 no error","https://docs.createwithplay.com/en/articles/custom-prefabs#overview","","appears 20 times"
"200 no error","https://docs.createwithplay.com/en/articles/custom-prefabs#creating-a-prefab","","appears 20 times"
"200 no error","https://docs.createwithplay.com/en/articles/custom-prefabs#new-prefab-from-scratch","","appears 20 times"
"200 no error","https://docs.createwithplay.com/en/articles/custom-prefabs#editing-custom-prefabs","","appears 20 times"
"200 no error","https://docs.createwithplay.com/en/articles/custom-prefabs#custom-prefab-controls","","appears 20 times"
"200 no error","https://docs.createwithplay.com/en/articles/custom-prefabs#creating-a-prefab-control","","appears 20 times"
"200 no error","https://docs.createwithplay.com/en/articles/custom-prefabs#connecting-a-prefab-control","","appears 20 times"
"200 no error","https://docs.createwithplay.com/en/articles/custom-prefabs#prefab-variables","","appears 20 times"
"200 no error","https://docs.createwithplay.com/en/articles/prefab-elastic-header","","appears 112 times"
"200 no error","https://docs.createwithplay.com/en/articles/native-alert#content-area","","appears 9 times"
"200 no error","https://docs.createwithplay.com/en/articles/native-alert#overview","","appears 18 times"
"200 no error","https://docs.createwithplay.com/en/articles/native-alert#first-add-an-alert-trigger","","appears 18 times"
"200 no error","https://docs.createwithplay.com/en/articles/native-alert#add-alert-items","","appears 18 times"
"200 no error","https://docs.createwithplay.com/en/articles/native-alert#adding-actions-to-alert-actions","","appears 18 times"
"200 no error","https://docs.createwithplay.com/en/articles/native-alert#add-input-text-field-actions","","appears 18 times"
"200 no error","https://docs.createwithplay.com/en/articles/native-alert#display-the-alert","","appears 18 times"
"200 no error","https://docs.createwithplay.com/en/articles/native-alert#resources","","appears 18 times"
"200 no error","https://docs.createwithplay.com/en/articles/alert-trigger","","appears 447 times"
"200 no error","https://docs.createwithplay.com/en/articles/native-menu#content-area","","appears 20 times"
"200 no error","https://docs.createwithplay.com/en/articles/native-menu#overview","","appears 40 times"
"200 no error","https://docs.createwithplay.com/en/articles/native-menu#first-add-a-menu-trigger","","appears 40 times"
"200 no error","https://docs.createwithplay.com/en/articles/native-menu#add-menu-items-for-a-basic-menu","","appears 40 times"
"200 no error","https://docs.createwithplay.com/en/articles/native-menu#styling-a-basic-menu","","appears 40 times"
"200 no error","https://docs.createwithplay.com/en/articles/native-menu#large-&-default","","appears 20 times"
"200 no error","https://docs.createwithplay.com/en/articles/native-menu#medium-&-default","","appears 20 times"
"200 no error","https://docs.createwithplay.com/en/articles/native-menu#small-&-default","","appears 20 times"
"200 no error","https://docs.createwithplay.com/en/articles/native-menu#palette","","appears 40 times"
"200 no error","https://docs.createwithplay.com/en/articles/native-menu#inline","","appears 40 times"
"200 no error","https://docs.createwithplay.com/en/articles/native-menu#adding-actions-to-menu-actions","","appears 40 times"
"200 no error","https://docs.createwithplay.com/en/articles/native-menu#add-submenu-actions-for-sections-or-submenus","","appears 40 times"
"200 no error","https://docs.createwithplay.com/en/articles/native-menu#default","","appears 40 times"
"200 no error","https://docs.createwithplay.com/en/articles/native-menu#palette-2","","appears 40 times"
"200 no error","https://docs.createwithplay.com/en/articles/native-menu#inline-2","","appears 40 times"
"200 no error","https://docs.createwithplay.com/en/articles/native-menu#resources","","appears 40 times"
"200 no error","https://docs.createwithplay.com/en/articles/button-menu-trigger","","appears 466 times"
"200 no error","https://docs.createwithplay.com/en/articles/context-menu-trigger","","appears 476 times"
"200 no error","https://docs.createwithplay.com/en/articles/bar-item-menu-trigger","","appears 473 times"
"200 no error","https://docs.createwithplay.com/en/articles/native-menu#large-&-default","","appears 20 times"
"200 no error","https://docs.createwithplay.com/en/articles/native-menu#medium-&-default","","appears 20 times"
"200 no error","https://docs.createwithplay.com/en/articles/native-menu#small-&-default","","appears 20 times"
"200 no error","https://docs.createwithplay.com/en/articles/timer-interactions#content-area","","appears 5 times"
"200 no error","https://docs.createwithplay.com/en/articles/timer-interactions#timer-trigger","","appears 10 times"
"200 no error","https://docs.createwithplay.com/en/articles/timer-interactions#timer-node","","appears 10 times"
"200 no error","https://docs.createwithplay.com/en/articles/timer-interactions#start-and-stop-timer-actions","","appears 10 times"
"200 no error","https://docs.createwithplay.com/en/articles/timer-trigger","","appears 409 times"
"200 no error","https://docs.createwithplay.com/en/articles/audio#content-area","","appears 16 times"
"200 no error","https://docs.createwithplay.com/en/articles/audio#play-and-pause","","appears 32 times"
"200 no error","https://docs.createwithplay.com/en/articles/audio#sync-a-waveform-with-an-audio-file","","appears 32 times"
"200 no error","https://docs.createwithplay.com/en/articles/audio#fast-forward-or-rewind","","appears 32 times"
"200 no error","https://docs.createwithplay.com/en/articles/audio#scrubbing-forward-and-back","","appears 32 times"
"200 no error","https://docs.createwithplay.com/en/articles/audio#track-the-audio’s-progress","","appears 32 times"
"200 no error","https://docs.createwithplay.com/en/articles/audio#label-the-current-time","","appears 32 times"
"200 no error","https://docs.createwithplay.com/en/articles/audio#label-the-total-length","","appears 32 times"
"200 no error","https://docs.createwithplay.com/en/articles/audio#restart-and-skip-songs","","appears 32 times"
"200 no error","https://docs.createwithplay.com/en/articles/audio#speed-up-or-slow-down","","appears 32 times"
"200 no error","https://docs.createwithplay.com/en/articles/audio#control-the-volume","","appears 32 times"
"200 no error","https://docs.createwithplay.com/en/articles/audio#control-the-volume-with-a-slider","","appears 32 times"
"200 no error","https://docs.createwithplay.com/en/articles/audio#mute-the-volume","","appears 32 times"
"200 no error","https://docs.createwithplay.com/en/articles/audio#repeat-a-sound-effect","","appears 32 times"
"200 no error","https://docs.createwithplay.com/en/articles/audio#balance-audio-between-earbuds","","appears 32 times"
"200 no error","https://docs.createwithplay.com/en/articles/rive-overview#content-area","","appears 16 times"
"200 no error","https://docs.createwithplay.com/en/articles/rive-overview#overview","","appears 32 times"
"200 no error","https://docs.createwithplay.com/en/articles/rive-overview#upload-rive-files","","appears 32 times"
"200 no error","https://docs.createwithplay.com/en/articles/rive-overview#use-data-binding","","appears 32 times"
"200 no error","https://docs.createwithplay.com/en/articles/rive-overview#set-a-view-model-instance","","appears 32 times"
"200 no error","https://docs.createwithplay.com/en/articles/rive-overview#set-a-data-model-property","","appears 32 times"
"200 no error","https://docs.createwithplay.com/en/articles/rive-overview#set-a-data-model-list","","appears 32 times"
"200 no error","https://docs.createwithplay.com/en/articles/rive-overview#trigger-interactions-when-bound-data-changes","","appears 32 times"
"200 no error","https://docs.createwithplay.com/en/articles/rive-overview#set-playback-inputs-and-more","","appears 32 times"
"200 no error","https://docs.createwithplay.com/en/articles/rive-overview#set-playback","","appears 32 times"
"200 no error","https://docs.createwithplay.com/en/articles/rive-overview#set-input","","appears 32 times"
"200 no error","https://docs.createwithplay.com/en/articles/rive-overview#set-artboard","","appears 32 times"
"200 no error","https://docs.createwithplay.com/en/articles/rive-overview#set-text","","appears 32 times"
"200 no error","https://docs.createwithplay.com/en/articles/rive-overview#set-audio","","appears 32 times"
"200 no error","https://docs.createwithplay.com/en/articles/rive-overview#rive-event","","appears 32 times"
"200 no error","https://docs.createwithplay.com/en/articles/rive","","appears 506 times"
"404 not found","https://docs.createwithplay.com/en/articles/en/articles/rive-set-view-model-action","","appears 16 times"
"404 not found","https://docs.createwithplay.com/en/articles/en/articles/rive-set-data-model-property-action","","appears 16 times"
"404 not found","https://docs.createwithplay.com/en/articles/en/articles/rive-set-data-model-list-action","","appears 16 times"
"404 not found","https://docs.createwithplay.com/en/articles/en/articles/rive-event-trigger","","appears 32 times"
"404 not found","https://docs.createwithplay.com/en/articles/en/articles/set-rive-playback-action","","appears 16 times"
"404 not found","https://docs.createwithplay.com/en/articles/en/articles/set-rive-input-action","","appears 16 times"
"404 not found","https://docs.createwithplay.com/en/articles/en/articles/set-rive-artboard-action","","appears 16 times"
"404 not found","https://docs.createwithplay.com/en/articles/en/articles/rive-set-text-action","","appears 16 times"
"404 not found","https://docs.createwithplay.com/en/articles/en/articles/set-rive-mute-action","","appears 16 times"
"404 not found","https://docs.createwithplay.com/en/articles/en/articles/set-rive-volume","","appears 16 times"
"Missing link url","#","","https://docs.createwithplay.com/en/articles/interactions#anatomy-of-an-interaction"
"Missing link url","#","","https://docs.createwithplay.com/en/articles/interactions#anatomy-of-an-interaction"
"Missing link url","#","","https://docs.createwithplay.com/en/articles/interactions#anatomy-of-an-interaction"
"Missing link url","#","","https://docs.createwithplay.com/en/articles/interactions#creating-an-interaction"
"Missing link url","#","","https://docs.createwithplay.com/en/articles/interactions#creating-an-interaction"
"Missing link url","#","","https://docs.createwithplay.com/en/articles/interactions#creating-an-interaction"
"Missing link url","#","","https://docs.createwithplay.com/en/articles/interactions#expression-editor"
"Missing link url","#","","https://docs.createwithplay.com/en/articles/interactions#expression-editor"
"Missing link url","#","","https://docs.createwithplay.com/en/articles/interactions#expression-editor"
"Missing link url","#","","https://docs.createwithplay.com/en/articles/interactions#variables"
"Missing link url","#","","https://docs.createwithplay.com/en/articles/interactions#variables"
"Missing link url","#","","https://docs.createwithplay.com/en/articles/interactions#variables"
"Missing link url","#","","https://docs.createwithplay.com/en/articles/interactions#advanced-prototyping"
"Missing link url","#","","https://docs.createwithplay.com/en/articles/interactions#advanced-prototyping"
"Missing link url","#","","https://docs.createwithplay.com/en/articles/interactions#advanced-prototyping"
"Missing link url","#","","https://docs.createwithplay.com/en/articles/interactions#annotating-interactions"
"Missing link url","#","","https://docs.createwithplay.com/en/articles/interactions#annotating-interactions"
"Missing link url","#","","https://docs.createwithplay.com/en/articles/interactions#annotating-interactions"
"Missing link url","#","","https://docs.createwithplay.com/en/articles/interactions#testing-an-interaction"
"Missing link url","#","","https://docs.createwithplay.com/en/articles/interactions#testing-an-interaction"
"Missing link url","#","","https://docs.createwithplay.com/en/articles/interactions#testing-an-interaction"
"Missing link url","#","","https://docs.createwithplay.com/en/articles/interactions#loop"
"Missing link url","#","","https://docs.createwithplay.com/en/articles/interactions#loop"
"Missing link url","#","","https://docs.createwithplay.com/en/articles/interactions#loop"
"Missing link url","#","","https://docs.createwithplay.com/en/articles/interactions#lock-selection"
"Missing link url","#","","https://docs.createwithplay.com/en/articles/interactions#lock-selection"
"Missing link url","#","","https://docs.createwithplay.com/en/articles/interactions#lock-selection"
"Missing link url","#","","https://docs.createwithplay.com/en/articles/interactions#managing-an-interaction"
"Missing link url","#","","https://docs.createwithplay.com/en/articles/interactions#managing-an-interaction"
"Missing link url","#","","https://docs.createwithplay.com/en/articles/interactions#managing-an-interaction"
"Missing link url","#","","https://docs.createwithplay.com/en/articles/interactions#conditions"
"Missing link url","#","","https://docs.createwithplay.com/en/articles/interactions#conditions"
"Missing link url","#","","https://docs.createwithplay.com/en/articles/interactions#conditions"
"Missing link url","#","","https://docs.createwithplay.com/en/articles/interactions#animate-and-delay-blocks"
"Missing link url","#","","https://docs.createwithplay.com/en/articles/interactions#animate-and-delay-blocks"
"Missing link url","#","","https://docs.createwithplay.com/en/articles/interactions#animate-and-delay-blocks"
"Missing link url","#","","https://docs.createwithplay.com/en/articles/interactions#component-interactions"
"Missing link url","#","","https://docs.createwithplay.com/en/articles/interactions#component-interactions"
"Missing link url","#","","https://docs.createwithplay.com/en/articles/interactions#component-interactions"
"200 no error","https://docs.createwithplay.com/en/articles/delay#content-area","","appears 6 times"
"200 no error","https://docs.createwithplay.com/en/articles/target","","appears 86 times"
"200 no error","https://docs.createwithplay.com/en/articles/delay#overview","","appears 12 times"
"200 no error","https://docs.createwithplay.com/en/articles/delay#delay-properties","","appears 12 times"
"200 no error","https://docs.createwithplay.com/en/articles/delay#time","","appears 12 times"
"200 no error","https://docs.createwithplay.com/en/articles/delay#resources","","appears 12 times"
"200 no error","https://docs.createwithplay.com/en/articles/animate#content-area","","appears 9 times"
"200 no error","https://docs.createwithplay.com/en/articles/animate#overview","","appears 18 times"
"200 no error","https://docs.createwithplay.com/en/articles/animate#anatomy-of-an-animate-block","","appears 18 times"
"200 no error","https://docs.createwithplay.com/en/articles/animate#animate-properties","","appears 18 times"
"200 no error","https://docs.createwithplay.com/en/articles/animate#delay","","appears 18 times"
"200 no error","https://docs.createwithplay.com/en/articles/animate#duration","","appears 18 times"
"200 no error","https://docs.createwithplay.com/en/articles/animate#easing","","appears 18 times"
"200 no error","https://docs.createwithplay.com/en/articles/animate#resources","","appears 18 times"
"200 no error","https://docs.createwithplay.com/en/articles/manage-assets#content-area","","appears 8 times"
"200 no error","https://docs.createwithplay.com/en/articles/manage-assets#overview","","appears 16 times"
"200 no error","https://docs.createwithplay.com/en/articles/manage-assets#upload-assets","","appears 16 times"
"200 no error","https://docs.createwithplay.com/en/articles/manage-assets#library","","appears 16 times"
"200 no error","https://docs.createwithplay.com/en/articles/manage-assets#drag-and-drop","","appears 16 times"
"200 no error","https://docs.createwithplay.com/en/articles/manage-assets#from-an-element","","appears 16 times"
"200 no error","https://docs.createwithplay.com/en/articles/manage-assets#manage-assets","","appears 16 times"
"200 no error","https://docs.createwithplay.com/en/articles/set-variable-action#content-area","","appears 7 times"
"200 no error","https://docs.createwithplay.com/en/articles/set-variable-action#overview","","appears 14 times"
"200 no error","https://docs.createwithplay.com/en/articles/set-variable-action#action-properties","","appears 14 times"
"200 no error","https://docs.createwithplay.com/en/articles/set-variable-action#variable","","appears 14 times"
"200 no error","https://docs.createwithplay.com/en/articles/set-variable-action#value","","appears 14 times"
"200 no error","https://docs.createwithplay.com/en/articles/set-variable-action#resources","","appears 14 times"
"200 no error","https://docs.createwithplay.com/en/articles/object-properties","","appears 1135 times"
"200 no error","https://docs.createwithplay.com/en/articles/expression-editor#content-area","","appears 7 times"
"200 no error","https://docs.createwithplay.com/en/articles/device-properties","","appears 726 times"
"200 no error","https://docs.createwithplay.com/en/articles/color-properties","","appears 654 times"
"200 no error","https://docs.createwithplay.com/en/articles/equations","","appears 587 times"
"200 no error","https://docs.createwithplay.com/en/articles/expression-editor#expression-output","","appears 14 times"
"200 no error","https://docs.createwithplay.com/en/articles/expression-editor#number-output","","appears 14 times"
"200 no error","https://docs.createwithplay.com/en/articles/expression-editor#string-output","","appears 14 times"
"200 no error","https://docs.createwithplay.com/en/articles/expression-editor#boolean-output","","appears 14 times"
"200 no error","https://docs.createwithplay.com/en/articles/expression-editor#using-the-expression-editor","","appears 14 times"
"200 no error","https://docs.createwithplay.com/en/articles/project-settings#content-area","","appears 8 times"
"200 no error","https://docs.createwithplay.com/en/articles/project-settings#overview","","appears 16 times"
"200 no error","https://docs.createwithplay.com/en/articles/project-settings#editor-appearance","","appears 16 times"
"200 no error","https://docs.createwithplay.com/en/articles/project-settings#project-appearance","","appears 16 times"
"200 no error","https://docs.createwithplay.com/en/articles/project-settings#orientation","","appears 16 times"
"200 no error","https://docs.createwithplay.com/en/articles/project-settings#other-settings","","appears 16 times"
"200 no error","https://docs.createwithplay.com/en/articles/project-settings#snap-to-object","","appears 16 times"
"200 no error","https://docs.createwithplay.com/en/articles/add-objects#content-area","","appears 7 times"
"200 no error","https://docs.createwithplay.com/en/articles/add-objects#overview","","appears 14 times"
"200 no error","https://docs.createwithplay.com/en/articles/add-objects#add-objects","","appears 14 times"
"200 no error","https://docs.createwithplay.com/en/articles/add-objects#add-elements","","appears 7 times"
"200 no error","https://docs.createwithplay.com/en/articles/stacks","","appears 518 times"
"200 no error","https://docs.createwithplay.com/en/articles/text","","appears 643 times"
"200 no error","https://docs.createwithplay.com/en/articles/image","","appears 462 times"
"200 no error","https://docs.createwithplay.com/en/articles/sf-symbol","","appears 524 times"
"200 no error","https://docs.createwithplay.com/en/articles/add-objects#add-components","","appears 7 times"
"200 no error","https://docs.createwithplay.com/en/articles/add-objects#quick-add-menu","","appears 7 times"
"200 no error","https://docs.createwithplay.com/en/articles/component-instances#content-area","","appears 7 times"
"200 no error","https://docs.createwithplay.com/en/articles/component-instances#overview","","appears 14 times"
"200 no error","https://docs.createwithplay.com/en/articles/component-instances#instance-overrides","","appears 14 times"
"200 no error","https://docs.createwithplay.com/en/articles/component-instances#reset-all-overrides","","appears 14 times"
"200 no error","https://docs.createwithplay.com/en/articles/component-instances#push-all-overrides","","appears 14 times"
"200 no error","https://docs.createwithplay.com/en/articles/component-instances#detaching-an-instance","","appears 14 times"
"200 no error","https://docs.createwithplay.com/en/articles/components#content-area","","appears 6 times"
"200 no error","https://docs.createwithplay.com/en/articles/components#overview","","appears 12 times"
"200 no error","https://docs.createwithplay.com/en/articles/components#create-a-component","","appears 12 times"
"200 no error","https://docs.createwithplay.com/en/articles/components#add-an-instance","","appears 12 times"
"200 no error","https://docs.createwithplay.com/en/articles/components#edit-a-main-component","","appears 12 times"
"200 no error","https://docs.createwithplay.com/en/articles/web-view","","appears 423 times"
"200 no error","https://docs.createwithplay.com/en/articles/preview#content-area","","appears 6 times"
"200 no error","https://docs.createwithplay.com/en/articles/preview#overview","","appears 12 times"
"200 no error","https://docs.createwithplay.com/en/articles/preview#device","","appears 12 times"
"200 no error","https://docs.createwithplay.com/en/articles/preview#bezel","","appears 12 times"
"200 no error","https://docs.createwithplay.com/en/articles/preview#size","","appears 12 times"
"200 no error","https://docs.createwithplay.com/en/articles/orientation#content-area","","appears 7 times"
"200 no error","https://docs.createwithplay.com/en/articles/orientation#overview","","appears 14 times"
"200 no error","https://docs.createwithplay.com/en/articles/orientation#choosing-an-initial-orientation","","appears 14 times"
"200 no error","https://docs.createwithplay.com/en/articles/orientation#prototyping-with-orientation","","appears 14 times"
"200 no error","https://docs.createwithplay.com/en/articles/orientation#trigger-actions-on-orientation-change","","appears 14 times"
"200 no error","https://docs.createwithplay.com/en/articles/orientation#conditions-based-on-orientation","","appears 14 times"
"200 no error","https://docs.createwithplay.com/en/articles/attribute-panels#content-area","","appears 7 times"
"200 no error","https://docs.createwithplay.com/en/articles/attribute-panels#overview","","appears 14 times"
"200 no error","https://docs.createwithplay.com/en/articles/attribute-panels#element-settings","","appears 14 times"
"200 no error","https://docs.createwithplay.com/en/articles/attribute-panels#layout","","appears 14 times"
"200 no error","https://docs.createwithplay.com/en/articles/attribute-panels#position","","appears 14 times"
"200 no error","https://docs.createwithplay.com/en/articles/attribute-panels#appearance","","appears 14 times"
"200 no error","https://docs.createwithplay.com/en/articles/position-panel#content-area","","appears 8 times"
"200 no error","https://docs.createwithplay.com/en/articles/position-panel#overview","","appears 16 times"
"200 no error","https://docs.createwithplay.com/en/articles/position-panel#pin-to","","appears 16 times"
"200 no error","https://docs.createwithplay.com/en/articles/position-panel#pin-to-page","","appears 16 times"
"200 no error","https://docs.createwithplay.com/en/articles/position-panel#offset-x-&-y","","appears 8 times"
"200 no error","https://docs.createwithplay.com/en/articles/position-panel#z-depth","","appears 16 times"
"200 no error","https://docs.createwithplay.com/en/articles/position-panel#offset-x-&-y","","appears 8 times"
"200 no error","https://docs.createwithplay.com/en/articles/layout-panel#content-area","","appears 13 times"
"200 no error","https://docs.createwithplay.com/en/articles/layout-panel#overview","","appears 26 times"
"200 no error","https://docs.createwithplay.com/en/articles/layout-panel#width-&-height","","appears 13 times"
"200 no error","https://docs.createwithplay.com/en/articles/layout-panel#fill","","appears 26 times"
"200 no error","https://docs.createwithplay.com/en/articles/layout-panel#auto","","appears 26 times"
"200 no error","https://docs.createwithplay.com/en/articles/layout-panel#scale","","appears 26 times"
"200 no error","https://docs.createwithplay.com/en/articles/layout-panel#padding-&-margin","","appears 13 times"
"200 no error","https://docs.createwithplay.com/en/articles/layout-panel#3d-transform","","appears 26 times"
"200 no error","https://docs.createwithplay.com/en/articles/layout-panel#clip-to-bounds","","appears 26 times"
"200 no error","https://docs.createwithplay.com/en/articles/layout-panel#user-interaction","","appears 26 times"
"200 no error","https://docs.createwithplay.com/en/articles/layout-panel#width-&-height","","appears 13 times"
"200 no error","https://docs.createwithplay.com/en/articles/layout-panel#padding-&-margin","","appears 13 times"
"200 no error","https://docs.createwithplay.com/en/articles/appearance-panel#content-area","","appears 14 times"
"200 no error","https://docs.createwithplay.com/en/articles/appearance-panel#overview","","appears 28 times"
"200 no error","https://docs.createwithplay.com/en/articles/appearance-panel#bg","","appears 28 times"
"200 no error","https://docs.createwithplay.com/en/articles/appearance-panel#opacity","","appears 28 times"
"200 no error","https://docs.createwithplay.com/en/articles/appearance-panel#corner-radius","","appears 28 times"
"200 no error","https://docs.createwithplay.com/en/articles/appearance-panel#blend-modes","","appears 28 times"
"200 no error","https://docs.createwithplay.com/en/articles/appearance-panel#compositing","","appears 28 times"
"200 no error","https://docs.createwithplay.com/en/articles/appearance-panel#border","","appears 28 times"
"200 no error","https://docs.createwithplay.com/en/articles/appearance-panel#shadow","","appears 28 times"
"200 no error","https://docs.createwithplay.com/en/articles/appearance-panel#glass","","appears 28 times"
"200 no error","https://docs.createwithplay.com/en/articles/appearance-panel#blur","","appears 28 times"
"200 no error","https://docs.createwithplay.com/en/articles/appearance-panel#connect-edge-effect","","appears 28 times"
"200 no error","https://docs.createwithplay.com/en/articles/appearance-panel#ui-appearance","","appears 28 times"
"200 no error","https://docs.createwithplay.com/en/articles/events-panel#content-area","","appears 5 times"
"200 no error","https://docs.createwithplay.com/en/articles/events-panel#overview","","appears 10 times"
"200 no error","https://docs.createwithplay.com/en/articles/events-panel#create-an-event","","appears 10 times"
"200 no error","https://docs.createwithplay.com/en/articles/events-panel#edit-an-event","","appears 10 times"
"200 no error","https://docs.createwithplay.com/en/articles/styles#content-area","","appears 4 times"
"200 no error","https://docs.createwithplay.com/en/articles/styles#overview","","appears 8 times"
"200 no error","https://docs.createwithplay.com/en/articles/styles#types-of-styles","","appears 8 times"
"200 no error","https://docs.createwithplay.com/en/articles/glass#content-area","","appears 9 times"
"200 no error","https://docs.createwithplay.com/en/articles/glass#overview","","appears 18 times"
"200 no error","https://docs.createwithplay.com/en/articles/glass#glass-properties","","appears 18 times"
"200 no error","https://docs.createwithplay.com/en/articles/glass#enabling-glass","","appears 18 times"
"200 no error","https://docs.createwithplay.com/en/articles/glass#style","","appears 18 times"
"200 no error","https://docs.createwithplay.com/en/articles/glass#interactivity","","appears 18 times"
"200 no error","https://docs.createwithplay.com/en/articles/glass#tint","","appears 18 times"
"200 no error","https://docs.createwithplay.com/en/articles/glass#ui-appearance","","appears 18 times"
"200 no error","https://docs.createwithplay.com/en/articles/glass-container","","appears 438 times"
"200 no error","https://docs.createwithplay.com/en/articles/blur#content-area","","appears 13 times"
"200 no error","https://docs.createwithplay.com/en/articles/blur#overview","","appears 26 times"
"200 no error","https://docs.createwithplay.com/en/articles/blur#material","","appears 26 times"
"200 no error","https://docs.createwithplay.com/en/articles/blur#blur-effect","","appears 26 times"
"200 no error","https://docs.createwithplay.com/en/articles/blur#foreground","","appears 26 times"
"200 no error","https://docs.createwithplay.com/en/articles/blur#appearance","","appears 26 times"
"200 no error","https://docs.createwithplay.com/en/articles/blur#progressive-blur","","appears 26 times"
"200 no error","https://docs.createwithplay.com/en/articles/blur#radius","","appears 26 times"
"200 no error","https://docs.createwithplay.com/en/articles/blur#intensity-map","","appears 26 times"
"200 no error","https://docs.createwithplay.com/en/articles/blur#invert","","appears 26 times"
"200 no error","https://docs.createwithplay.com/en/articles/blur#layer-blur","","appears 26 times"
"200 no error","https://docs.createwithplay.com/en/articles/blur#radius-2","","appears 26 times"
"200 no error","https://docs.createwithplay.com/en/articles/play-ai#content-area","","appears 19 times"
"200 no error","https://docs.createwithplay.com/en/articles/play-ai#overview","","appears 38 times"
"200 no error","https://docs.createwithplay.com/en/articles/play-ai#availability","","appears 38 times"
"200 no error","https://docs.createwithplay.com/en/articles/play-ai#play-ai-panel","","appears 38 times"
"200 no error","https://docs.createwithplay.com/en/articles/play-ai#add-context","","appears 38 times"
"200 no error","https://docs.createwithplay.com/en/articles/play-ai#best-practices","","appears 38 times"
"200 no error","https://docs.createwithplay.com/en/articles/play-ai#commands","","appears 38 times"
"200 no error","https://docs.createwithplay.com/en/articles/play-ai#generate","","appears 38 times"
"200 no error","https://docs.createwithplay.com/en/articles/play-ai#design","","appears 38 times"
"200 no error","https://docs.createwithplay.com/en/articles/play-ai#effect","","appears 38 times"
"200 no error","https://docs.createwithplay.com/en/articles/play-ai#interaction","","appears 38 times"
"200 no error","https://docs.createwithplay.com/en/articles/play-ai#prefab","","appears 38 times"
"200 no error","https://docs.createwithplay.com/en/articles/play-ai#select","","appears 38 times"
"200 no error","https://docs.createwithplay.com/en/articles/play-ai#command","","appears 38 times"
"200 no error","https://docs.createwithplay.com/en/articles/play-ai#text","","appears 38 times"
"200 no error","https://docs.createwithplay.com/en/articles/play-ai#image","","appears 38 times"
"200 no error","https://docs.createwithplay.com/en/articles/play-ai#rename","","appears 38 times"
"200 no error","https://docs.createwithplay.com/en/articles/play-ai#learn","","appears 38 times"
"200 no error","https://docs.createwithplay.com/en/articles/layers-panel#content-area","","appears 6 times"
"200 no error","https://docs.createwithplay.com/en/articles/layers-panel#overview","","appears 12 times"
"200 no error","https://docs.createwithplay.com/en/articles/layers-panel#the-layers-panel","","appears 12 times"
"200 no error","https://docs.createwithplay.com/en/articles/layers-panel#filtering-the-layers-panel","","appears 6 times"
"200 no error","https://docs.createwithplay.com/en/articles/layers-panel#isolating-a-selection","","appears 6 times"
"200 no error","https://docs.createwithplay.com/en/articles/elements#content-area","","appears 5 times"
"200 no error","https://docs.createwithplay.com/en/articles/elements#overview","","appears 10 times"
"200 no error","https://docs.createwithplay.com/en/articles/elements#adding-an-element","","appears 10 times"
"200 no error","https://docs.createwithplay.com/en/articles/elements#managing-elements","","appears 10 times"
"200 no error","https://docs.createwithplay.com/en/articles/activity-indicator","","appears 418 times"
"200 no error","https://docs.createwithplay.com/en/articles/lobby#content-area","","appears 13 times"
"200 no error","https://docs.createwithplay.com/en/articles/lobby#overview","","appears 26 times"
"200 no error","https://docs.createwithplay.com/en/articles/lobby#projects-tab","","appears 13 times"
"200 no error","https://docs.createwithplay.com/en/articles/lobby#drafts-tab","","appears 13 times"
"200 no error","https://docs.createwithplay.com/en/articles/lobby#team-dropdown","","appears 13 times"
"200 no error","https://docs.createwithplay.com/en/articles/lobby#members-tab","","appears 13 times"
"200 no error","https://docs.createwithplay.com/en/articles/lobby#explore-section-learn-tutorials-&-inspiration","","appears 13 times"
"200 no error","https://docs.createwithplay.com/en/articles/lobby#the-notification-panel","","appears 13 times"
"200 no error","https://docs.createwithplay.com/en/articles/lobby#project-tab","","appears 13 times"
"200 no error","https://docs.createwithplay.com/en/articles/lobby#drafts-tab-2","","appears 13 times"
"200 no error","https://docs.createwithplay.com/en/articles/lobby#team-dropdown-2","","appears 13 times"
"200 no error","https://docs.createwithplay.com/en/articles/lobby#settings-tab","","appears 13 times"
"200 no error","https://docs.createwithplay.com/en/articles/gradient-styles#content-area","","appears 9 times"
"200 no error","https://docs.createwithplay.com/en/articles/gradient-styles#overview","","appears 18 times"
"200 no error","https://docs.createwithplay.com/en/articles/gradient-styles#gradient-styles-in-macos","","appears 18 times"
"200 no error","https://docs.createwithplay.com/en/articles/gradient-styles#adding-colors-along-your-gradient","","appears 18 times"
"200 no error","https://docs.createwithplay.com/en/articles/gradient-styles#choosing-the-gradient-type","","appears 18 times"
"200 no error","https://docs.createwithplay.com/en/articles/gradient-styles#angle-&-spread","","appears 9 times"
"200 no error","https://docs.createwithplay.com/en/articles/gradient-styles#gradient-styles-in-ios","","appears 18 times"
"200 no error","https://docs.createwithplay.com/en/articles/gradient-styles#angle-&-spread","","appears 9 times"
"200 no error","https://docs.createwithplay.com/en/articles/system-colors#content-area","","appears 4 times"
"200 no error","https://docs.createwithplay.com/en/articles/system-colors#overview","","appears 8 times"
"200 no error","https://docs.createwithplay.com/en/articles/system-colors#use-system-colors","","appears 8 times"
"200 no error","https://docs.createwithplay.com/en/articles/component-states#content-area","","appears 10 times"
"200 no error","https://docs.createwithplay.com/en/articles/component-states#overview","","appears 20 times"
"200 no error","https://docs.createwithplay.com/en/articles/component-states#adding-a-state","","appears 20 times"
"200 no error","https://docs.createwithplay.com/en/articles/component-states#managing-states","","appears 20 times"
"200 no error","https://docs.createwithplay.com/en/articles/component-states#from-the-main-component","","appears 20 times"
"200 no error","https://docs.createwithplay.com/en/articles/component-states#from-a-component-instance","","appears 20 times"
"200 no error","https://docs.createwithplay.com/en/articles/component-states#deleting-states","","appears 20 times"
"200 no error","https://docs.createwithplay.com/en/articles/component-states#from-the-main-component-editor","","appears 20 times"
"200 no error","https://docs.createwithplay.com/en/articles/component-states#from-the-canvas","","appears 20 times"
"200 no error","https://docs.createwithplay.com/en/articles/nav-bar#content-area","","appears 27 times"
"200 no error","https://docs.createwithplay.com/en/articles/nav-bar#overview","","appears 54 times"
"200 no error","https://docs.createwithplay.com/en/articles/nav-bar#add-a-navigation-bar","","appears 54 times"
"200 no error","https://docs.createwithplay.com/en/articles/nav-bar#macos","","appears 54 times"
"200 no error","https://docs.createwithplay.com/en/articles/nav-bar#ios","","appears 54 times"
"200 no error","https://docs.createwithplay.com/en/articles/nav-bar#navigation-bar-properties","","appears 54 times"
"200 no error","https://docs.createwithplay.com/en/articles/nav-bar#bar-style","","appears 54 times"
"200 no error","https://docs.createwithplay.com/en/articles/nav-bar#hide-nav-bar","","appears 54 times"
"200 no error","https://docs.createwithplay.com/en/articles/nav-bar#left-&-right-bar-items","","appears 27 times"
"200 no error","https://docs.createwithplay.com/en/articles/nav-bar#prompt","","appears 54 times"
"200 no error","https://docs.createwithplay.com/en/articles/nav-bar#content-inset","","appears 54 times"
"200 no error","https://docs.createwithplay.com/en/articles/nav-bar#enable-back","","appears 54 times"
"200 no error","https://docs.createwithplay.com/en/articles/nav-bar#show-title-on-subpage","","appears 54 times"
"200 no error","https://docs.createwithplay.com/en/articles/nav-bar#large-title-style","","appears 54 times"
"200 no error","https://docs.createwithplay.com/en/articles/nav-bar#small-title-style","","appears 54 times"
"200 no error","https://docs.createwithplay.com/en/articles/nav-bar#default-appearance","","appears 54 times"
"200 no error","https://docs.createwithplay.com/en/articles/nav-bar#blur-effect","","appears 54 times"
"200 no error","https://docs.createwithplay.com/en/articles/nav-bar#shadow","","appears 54 times"
"200 no error","https://docs.createwithplay.com/en/articles/nav-bar#tint","","appears 54 times"
"200 no error","https://docs.createwithplay.com/en/articles/nav-bar#bar-fill","","appears 54 times"
"200 no error","https://docs.createwithplay.com/en/articles/nav-bar#title-fill","","appears 54 times"
"200 no error","https://docs.createwithplay.com/en/articles/nav-bar#scrolled-appearance","","appears 54 times"
"200 no error","https://docs.createwithplay.com/en/articles/nav-bar#managing-navigation-bar-items","","appears 54 times"
"200 no error","https://docs.createwithplay.com/en/articles/nav-bar#navigation-bar-visibility","","appears 54 times"
"200 no error","https://docs.createwithplay.com/en/articles/nav-bar#navigation-bar-interactions","","appears 54 times"
"200 no error","https://docs.createwithplay.com/en/articles/nav-bar#left-&-right-bar-items","","appears 27 times"
"200 no error","https://docs.createwithplay.com/en/articles/tab-bar#content-area","","appears 23 times"
"200 no error","https://docs.createwithplay.com/en/articles/tab-bar#overview","","appears 46 times"
"200 no error","https://docs.createwithplay.com/en/articles/tab-bar#adding-a-tab-bar","","appears 46 times"
"200 no error","https://docs.createwithplay.com/en/articles/tab-bar#tab-bar-properties","","appears 46 times"
"200 no error","https://docs.createwithplay.com/en/articles/tab-bar#items","","appears 46 times"
"200 no error","https://docs.createwithplay.com/en/articles/tab-bar#default-icon","","appears 46 times"
"200 no error","https://docs.createwithplay.com/en/articles/tab-bar#selected-icon","","appears 46 times"
"200 no error","https://docs.createwithplay.com/en/articles/tab-bar#title","","appears 46 times"
"200 no error","https://docs.createwithplay.com/en/articles/tab-bar#edit-badge","","appears 46 times"
"200 no error","https://docs.createwithplay.com/en/articles/tab-bar#link","","appears 46 times"
"200 no error","https://docs.createwithplay.com/en/articles/tab-bar#more-menu","","appears 46 times"
"200 no error","https://docs.createwithplay.com/en/articles/tab-bar#label-style","","appears 46 times"
"200 no error","https://docs.createwithplay.com/en/articles/tab-bar#customize","","appears 46 times"
"200 no error","https://docs.createwithplay.com/en/articles/tab-bar#blur-effect","","appears 46 times"
"200 no error","https://docs.createwithplay.com/en/articles/tab-bar#selected","","appears 46 times"
"200 no error","https://docs.createwithplay.com/en/articles/tab-bar#unselected","","appears 46 times"
"200 no error","https://docs.createwithplay.com/en/articles/tab-bar#bar-fill","","appears 46 times"
"200 no error","https://docs.createwithplay.com/en/articles/tab-bar#item-position","","appears 46 times"
"200 no error","https://docs.createwithplay.com/en/articles/tab-bar#title-gap","","appears 46 times"
"200 no error","https://docs.createwithplay.com/en/articles/tab-bar#managing-tab-bar-items","","appears 46 times"
"200 no error","https://docs.createwithplay.com/en/articles/tab-bar#tab-bar-interactions","","appears 46 times"
"200 no error","https://docs.createwithplay.com/en/articles/tab-bar#custom-tab-bars","","appears 46 times"
"200 no error","https://docs.createwithplay.com/en/articles/color-styles#content-area","","appears 5 times"
"200 no error","https://docs.createwithplay.com/en/articles/color-styles#overview","","appears 10 times"
"200 no error","https://docs.createwithplay.com/en/articles/color-styles#creating-dark-and-light-mode-color-styles","","appears 5 times"
"200 no error","https://docs.createwithplay.com/en/articles/color-styles#using-dark-and-light-mode-color-styles","","appears 5 times"
"200 no error","https://docs.createwithplay.com/en/articles/system-fonts#content-area","","appears 12 times"
"200 no error","https://docs.createwithplay.com/en/articles/system-fonts#overview","","appears 24 times"
"200 no error","https://docs.createwithplay.com/en/articles/system-fonts#system-font-properties","","appears 24 times"
"200 no error","https://docs.createwithplay.com/en/articles/system-fonts#design","","appears 24 times"
"200 no error","https://docs.createwithplay.com/en/articles/system-fonts#width","","appears 24 times"
"200 no error","https://docs.createwithplay.com/en/articles/system-fonts#system-styles","","appears 24 times"
"200 no error","https://docs.createwithplay.com/en/articles/system-fonts#accessibility","","appears 24 times"
"200 no error","https://docs.createwithplay.com/en/articles/system-fonts#accessibility-for-system","","appears 24 times"
"200 no error","https://docs.createwithplay.com/en/articles/system-fonts#accessibility-for-custom-fonts","","appears 24 times"
"200 no error","https://docs.createwithplay.com/en/articles/system-fonts#scale-relative-to","","appears 24 times"
"200 no error","https://docs.createwithplay.com/en/articles/system-fonts#bold-variant","","appears 24 times"
"200 no error","https://docs.createwithplay.com/en/articles/type-styles#content-area","","appears 3 times"
"200 no error","https://docs.createwithplay.com/en/articles/type-styles#overview","","appears 6 times"
"200 no error","https://docs.createwithplay.com/en/articles/radius-styles#content-area","","appears 3 times"
"200 no error","https://docs.createwithplay.com/en/articles/radius-styles#overview","","appears 6 times"
"200 no error","https://docs.createwithplay.com/en/articles/spacing-styles#content-area","","appears 3 times"
"200 no error","https://docs.createwithplay.com/en/articles/spacing-styles#overview","","appears 6 times"
"200 no error","https://docs.createwithplay.com/en/articles/liquid-glass#content-area","","appears 13 times"
"200 no error","https://docs.createwithplay.com/en/articles/liquid-glass#overview","","appears 26 times"
"200 no error","https://docs.createwithplay.com/en/articles/liquid-glass#what’s-different-in-play’s-ios-26","","appears 26 times"
"200 no error","https://docs.createwithplay.com/en/articles/liquid-glass#glass-effect","","appears 26 times"
"200 no error","https://docs.createwithplay.com/en/articles/liquid-glass#glass-container","","appears 26 times"
"200 no error","https://docs.createwithplay.com/en/articles/liquid-glass#scroll-edge-effect","","appears 26 times"
"200 no error","https://docs.createwithplay.com/en/articles/liquid-glass#updated-nav-bar-&-tab-bar","","appears 13 times"
"200 no error","https://docs.createwithplay.com/en/articles/liquid-glass#updated-ui-elements","","appears 26 times"
"200 no error","https://docs.createwithplay.com/en/articles/liquid-glass#new-sf-symbols-&-draw-in/out-effect","","appears 13 times"
"200 no error","https://docs.createwithplay.com/en/articles/liquid-glass#concentric-corners","","appears 26 times"
"200 no error","https://docs.createwithplay.com/en/articles/liquid-glass#updated-nav-bar-&-tab-bar","","appears 13 times"
"200 no error","https://docs.createwithplay.com/en/articles/slider","","appears 468 times"
"200 no error","https://docs.createwithplay.com/en/articles/liquid-glass#new-sf-symbols-&-draw-in/out-effect","","appears 13 times"
"200 no error","https://docs.createwithplay.com/en/articles/import-library#content-area","","appears 7 times"
"200 no error","https://docs.createwithplay.com/en/articles/import-library#overview","","appears 14 times"
"200 no error","https://docs.createwithplay.com/en/articles/import-library#how-it-works","","appears 14 times"
"200 no error","https://docs.createwithplay.com/en/articles/import-library#select-the-project-to-import","","appears 14 times"
"200 no error","https://docs.createwithplay.com/en/articles/import-library#select-the-items-to-import","","appears 14 times"
"200 no error","https://docs.createwithplay.com/en/articles/import-library#updating-the-design-system","","appears 14 times"
"200 no error","https://docs.createwithplay.com/en/articles/event-trigger#content-area","","appears 15 times"
"200 no error","https://docs.createwithplay.com/en/articles/ai-event-trigger","","appears 375 times"
"200 no error","https://docs.createwithplay.com/en/articles/date-picker-event-trigger","","appears 418 times"
"200 no error","https://docs.createwithplay.com/en/articles/edge-pan-trigger","","appears 429 times"
"200 no error","https://docs.createwithplay.com/en/articles/gyroscope-trigger","","appears 438 times"
"200 no error","https://docs.createwithplay.com/en/articles/image-event-trigger","","appears 418 times"
"200 no error","https://docs.createwithplay.com/en/articles/long-press-trigger","","appears 404 times"
"200 no error","https://docs.createwithplay.com/en/articles/map-gesture-trigger","","appears 419 times"
"200 no error","https://docs.createwithplay.com/en/articles/map-pin-event-trigger","","appears 413 times"
"200 no error","https://docs.createwithplay.com/en/articles/page-loader-event-trigger","","appears 404 times"
"200 no error","https://docs.createwithplay.com/en/articles/pan-trigger","","appears 422 times"
"200 no error","https://docs.createwithplay.com/en/articles/picker-event-trigger","","appears 408 times"
"200 no error","https://docs.createwithplay.com/en/articles/rive-event-trigger","","appears 425 times"
"200 no error","https://docs.createwithplay.com/en/articles/scroll-trigger","","appears 429 times"
"200 no error","https://docs.createwithplay.com/en/articles/segmented-control-event-trigger","","appears 419 times"
"200 no error","https://docs.createwithplay.com/en/articles/shake-trigger","","appears 390 times"
"200 no error","https://docs.createwithplay.com/en/articles/slider-event-trigger","","appears 416 times"
"200 no error","https://docs.createwithplay.com/en/articles/speech-trigger","","appears 420 times"
"200 no error","https://docs.createwithplay.com/en/articles/stepper-event-trigger","","appears 401 times"
"200 no error","https://docs.createwithplay.com/en/articles/switch-event-trigger","","appears 392 times"
"200 no error","https://docs.createwithplay.com/en/articles/tap-trigger","","appears 400 times"
"200 no error","https://docs.createwithplay.com/en/articles/text-event-trigger","","appears 414 times"
"200 no error","https://docs.createwithplay.com/en/articles/text-field-event-trigger","","appears 404 times"
"200 no error","https://docs.createwithplay.com/en/articles/touch-trigger","","appears 399 times"
"200 no error","https://docs.createwithplay.com/en/articles/video-event-trigger","","appears 414 times"
"200 no error","https://docs.createwithplay.com/en/articles/event-trigger#overview","","appears 30 times"
"200 no error","https://docs.createwithplay.com/en/articles/event-trigger#trigger-properties","","appears 30 times"
"200 no error","https://docs.createwithplay.com/en/articles/event-trigger#type","","appears 30 times"
"200 no error","https://docs.createwithplay.com/en/articles/event-trigger#is-enabled","","appears 30 times"
"200 no error","https://docs.createwithplay.com/en/articles/event-trigger#event","","appears 15 times"
"200 no error","https://docs.createwithplay.com/en/articles/event-trigger#event-2","","appears 15 times"
"200 no error","https://docs.createwithplay.com/en/articles/event-trigger#variable","","appears 15 times"
"200 no error","https://docs.createwithplay.com/en/articles/event-trigger#event-3","","appears 15 times"
"200 no error","https://docs.createwithplay.com/en/articles/event-trigger#event-4","","appears 15 times"
"200 no error","https://docs.createwithplay.com/en/articles/event-trigger#event-5","","appears 15 times"
"200 no error","https://docs.createwithplay.com/en/articles/event-trigger#event-6","","appears 15 times"
"200 no error","https://docs.createwithplay.com/en/articles/event-trigger#location-event-properties","","appears 15 times"
"200 no error","https://docs.createwithplay.com/en/articles/event-trigger#event-7","","appears 15 times"
"200 no error","https://docs.createwithplay.com/en/articles/ai-view#content-area","","appears 6 times"
"200 no error","https://docs.createwithplay.com/en/articles/audio-waveform","","appears 465 times"
"200 no error","https://docs.createwithplay.com/en/articles/button","","appears 513 times"
"200 no error","https://docs.createwithplay.com/en/articles/camera","","appears 491 times"
"200 no error","https://docs.createwithplay.com/en/articles/chart","","appears 452 times"
"200 no error","https://docs.createwithplay.com/en/articles/color-well","","appears 433 times"
"200 no error","https://docs.createwithplay.com/en/articles/date-picker","","appears 443 times"
"200 no error","https://docs.createwithplay.com/en/articles/gauge","","appears 435 times"
"200 no error","https://docs.createwithplay.com/en/articles/map","","appears 510 times"
"200 no error","https://docs.createwithplay.com/en/articles/page-loader","","appears 444 times"
"200 no error","https://docs.createwithplay.com/en/articles/picker","","appears 421 times"
"200 no error","https://docs.createwithplay.com/en/articles/segmented-control","","appears 456 times"
"200 no error","https://docs.createwithplay.com/en/articles/spacer","","appears 432 times"
"200 no error","https://docs.createwithplay.com/en/articles/stepper","","appears 449 times"
"200 no error","https://docs.createwithplay.com/en/articles/switch","","appears 419 times"
"200 no error","https://docs.createwithplay.com/en/articles/svg","","appears 431 times"
"200 no error","https://docs.createwithplay.com/en/articles/text-field","","appears 501 times"
"200 no error","https://docs.createwithplay.com/en/articles/video","","appears 479 times"
"200 no error","https://docs.createwithplay.com/en/articles/ai-view#overview","","appears 12 times"
"200 no error","https://docs.createwithplay.com/en/articles/ai-view#generate-ai-view","","appears 12 times"
"200 no error","https://docs.createwithplay.com/en/articles/ai-view#edit-ai-view","","appears 12 times"
"200 no error","https://docs.createwithplay.com/en/articles/ai-view#connect-ai-view-to-play-prototype","","appears 12 times"
"200 no error","https://docs.createwithplay.com/en/articles/import-figma-text#content-area","","appears 6 times"
"200 no error","https://docs.createwithplay.com/en/articles/import-figma-text#overview","","appears 12 times"
"200 no error","https://docs.createwithplay.com/en/articles/import-figma-text#editing-figma-text","","appears 12 times"
"200 no error","https://docs.createwithplay.com/en/articles/import-figma-text#custom-fonts","","appears 12 times"
"200 no error","https://docs.createwithplay.com/en/articles/import-figma-text#sf-symbol-as-text-in-figma","","appears 12 times"
"Missing link url","#","","https://docs.createwithplay.com/en/articles/connection-troubleshooting#content-area"
"Missing link url","#","","https://docs.createwithplay.com/en/articles/connection-troubleshooting#content-area"
"Missing link url","#","","https://docs.createwithplay.com/en/articles/connection-troubleshooting#content-area"
"Missing link url","#","","https://docs.createwithplay.com/en/articles/connection-troubleshooting#content-area"
"Missing link url","#","","https://docs.createwithplay.com/en/articles/connection-troubleshooting#content-area"
"Missing link url","#","","https://docs.createwithplay.com/en/articles/connection-troubleshooting#content-area"
"Missing link url","#","","https://docs.createwithplay.com/en/articles/connection-troubleshooting#content-area"
"Missing link url","#","","https://docs.createwithplay.com/en/articles/connection-troubleshooting#vpns"
"Missing link url","#","","https://docs.createwithplay.com/en/articles/connection-troubleshooting#vpns"
"Missing link url","#","","https://docs.createwithplay.com/en/articles/connection-troubleshooting#vpns"
"Missing link url","#","","https://docs.createwithplay.com/en/articles/connection-troubleshooting#vpns"
"Missing link url","#","","https://docs.createwithplay.com/en/articles/connection-troubleshooting#vpns"
"Missing link url","#","","https://docs.createwithplay.com/en/articles/connection-troubleshooting#vpns"
"Missing link url","#","","https://docs.createwithplay.com/en/articles/connection-troubleshooting#vpns"
"Missing link url","#","","https://docs.createwithplay.com/en/articles/connection-troubleshooting#internet-connection-issues"
"Missing link url","#","","https://docs.createwithplay.com/en/articles/connection-troubleshooting#internet-connection-issues"
"Missing link url","#","","https://docs.createwithplay.com/en/articles/connection-troubleshooting#internet-connection-issues"
"Missing link url","#","","https://docs.createwithplay.com/en/articles/connection-troubleshooting#internet-connection-issues"
"Missing link url","#","","https://docs.createwithplay.com/en/articles/connection-troubleshooting#internet-connection-issues"
"Missing link url","#","","https://docs.createwithplay.com/en/articles/connection-troubleshooting#internet-connection-issues"
"Missing link url","#","","https://docs.createwithplay.com/en/articles/connection-troubleshooting#internet-connection-issues"
"Missing link url","#","","https://docs.createwithplay.com/en/articles/vpn-exemptions#content-area"
"Missing link url","#","","https://docs.createwithplay.com/en/articles/vpn-exemptions#content-area"
"Missing link url","#","","https://docs.createwithplay.com/en/articles/vpn-exemptions#content-area"
"Missing link url","#","","https://docs.createwithplay.com/en/articles/vpn-exemptions#content-area"
"Missing link url","#","","https://docs.createwithplay.com/en/articles/vpn-exemptions#content-area"
"Missing link url","#","","https://docs.createwithplay.com/en/articles/vpn-exemptions#content-area"
"Missing link url","#","","https://docs.createwithplay.com/en/articles/vpn-exemptions#content-area"
"Missing link url","#","","https://docs.createwithplay.com/en/articles/vpn-exemptions#content-area"
"Missing link url","#","","https://docs.createwithplay.com/en/articles/vpn-exemptions#content-area"
"Missing link url","#","","https://docs.createwithplay.com/en/articles/vpn-exemptions#content-area"
"Missing link url","#","","https://docs.createwithplay.com/en/articles/vpn-exemptions#content-area"
"Missing link url","#","","https://docs.createwithplay.com/en/articles/vpn-exemptions#content-area"
"Missing link url","#","","https://docs.createwithplay.com/en/articles/vpn-exemptions#content-area"
"Missing link url","#","","https://docs.createwithplay.com/en/articles/vpn-exemptions#content-area"
"Missing link url","#","","https://docs.createwithplay.com/en/articles/vpn-exemptions#content-area"
"Missing link url","#","","https://docs.createwithplay.com/en/articles/vpn-exemptions#content-area"
"Missing link url","#","","https://docs.createwithplay.com/en/articles/vpn-exemptions#content-area"
"Missing link url","#","","https://docs.createwithplay.com/en/articles/vpn-exemptions#content-area"
"Missing link url","#","","https://docs.createwithplay.com/en/articles/vpn-exemptions#content-area"
"Missing link url","#","","https://docs.createwithplay.com/en/articles/vpn-exemptions#content-area"
"Missing link url","#","","https://docs.createwithplay.com/en/articles/vpn-exemptions#content-area"
"Missing link url","#","","https://docs.createwithplay.com/en/articles/vpn-exemptions#content-area"
"Missing link url","#","","https://docs.createwithplay.com/en/articles/vpn-exemptions#content-area"
"Missing link url","#","","https://docs.createwithplay.com/en/articles/vpn-exemptions#content-area"
"Missing link url","#","","https://docs.createwithplay.com/en/articles/vpn-exemptions#content-area"
"Missing link url","#","","https://docs.createwithplay.com/en/articles/vpn-exemptions#content-area"
"Missing link url","#","","https://docs.createwithplay.com/en/articles/vpn-exemptions#content-area"
"Missing link url","#","","https://docs.createwithplay.com/en/articles/vpn-exemptions#content-area"
"Missing link url","#","","https://docs.createwithplay.com/en/articles/vpn-exemptions#content-area"
"Missing link url","#","","https://docs.createwithplay.com/en/articles/vpn-exemptions#content-area"
"Missing link url","#","","https://docs.createwithplay.com/en/articles/vpn-exemptions#content-area"
"Missing link url","#","","https://docs.createwithplay.com/en/articles/vpn-exemptions#content-area"
"Missing link url","#","","https://docs.createwithplay.com/en/articles/vpn-exemptions#content-area"
"Missing link url","#","","https://docs.createwithplay.com/en/articles/vpn-exemptions#content-area"
"Missing link url","#","","https://docs.createwithplay.com/en/articles/vpn-exemptions#content-area"
"Missing link url","#","","https://docs.createwithplay.com/en/articles/vpn-exemptions#content-area"
"Missing link url","#","","https://docs.createwithplay.com/en/articles/vpn-exemptions#overview"
"Missing link url","#","","https://docs.createwithplay.com/en/articles/vpn-exemptions#overview"
"Missing link url","#","","https://docs.createwithplay.com/en/articles/vpn-exemptions#overview"
"Missing link url","#","","https://docs.createwithplay.com/en/articles/vpn-exemptions#overview"
"Missing link url","#","","https://docs.createwithplay.com/en/articles/vpn-exemptions#overview"
"Missing link url","#","","https://docs.createwithplay.com/en/articles/vpn-exemptions#overview"
"Missing link url","#","","https://docs.createwithplay.com/en/articles/vpn-exemptions#overview"
"Missing link url","#","","https://docs.createwithplay.com/en/articles/vpn-exemptions#overview"
"Missing link url","#","","https://docs.createwithplay.com/en/articles/vpn-exemptions#overview"
"Missing link url","#","","https://docs.createwithplay.com/en/articles/vpn-exemptions#overview"
"Missing link url","#","","https://docs.createwithplay.com/en/articles/vpn-exemptions#overview"
"Missing link url","#","","https://docs.createwithplay.com/en/articles/vpn-exemptions#overview"
"Missing link url","#","","https://docs.createwithplay.com/en/articles/vpn-exemptions#overview"
"Missing link url","#","","https://docs.createwithplay.com/en/articles/vpn-exemptions#overview"
"Missing link url","#","","https://docs.createwithplay.com/en/articles/vpn-exemptions#overview"
"Missing link url","#","","https://docs.createwithplay.com/en/articles/vpn-exemptions#overview"
"Missing link url","#","","https://docs.createwithplay.com/en/articles/vpn-exemptions#overview"
"Missing link url","#","","https://docs.createwithplay.com/en/articles/vpn-exemptions#overview"
"Missing link url","#","","https://docs.createwithplay.com/en/articles/vpn-exemptions#overview"
"Missing link url","#","","https://docs.createwithplay.com/en/articles/vpn-exemptions#overview"
"Missing link url","#","","https://docs.createwithplay.com/en/articles/vpn-exemptions#overview"
"Missing link url","#","","https://docs.createwithplay.com/en/articles/vpn-exemptions#overview"
"Missing link url","#","","https://docs.createwithplay.com/en/articles/vpn-exemptions#overview"
"Missing link url","#","","https://docs.createwithplay.com/en/articles/vpn-exemptions#overview"
"Missing link url","#","","https://docs.createwithplay.com/en/articles/vpn-exemptions#overview"
"Missing link url","#","","https://docs.createwithplay.com/en/articles/vpn-exemptions#overview"
"Missing link url","#","","https://docs.createwithplay.com/en/articles/vpn-exemptions#overview"
"Missing link url","#","","https://docs.createwithplay.com/en/articles/vpn-exemptions#overview"
"Missing link url","#","","https://docs.createwithplay.com/en/articles/vpn-exemptions#overview"
"Missing link url","#","","https://docs.createwithplay.com/en/articles/vpn-exemptions#overview"
"Missing link url","#","","https://docs.createwithplay.com/en/articles/vpn-exemptions#overview"
"Missing link url","#","","https://docs.createwithplay.com/en/articles/vpn-exemptions#overview"
"Missing link url","#","","https://docs.createwithplay.com/en/articles/vpn-exemptions#overview"
"Missing link url","#","","https://docs.createwithplay.com/en/articles/vpn-exemptions#overview"
"Missing link url","#","","https://docs.createwithplay.com/en/articles/vpn-exemptions#overview"
"Missing link url","#","","https://docs.createwithplay.com/en/articles/vpn-exemptions#overview"
"Missing link url","#","","https://docs.createwithplay.com/en/articles/connection-troubleshooting#unknown-issues"
"Missing link url","#","","https://docs.createwithplay.com/en/articles/connection-troubleshooting#unknown-issues"
"Missing link url","#","","https://docs.createwithplay.com/en/articles/connection-troubleshooting#unknown-issues"
"Missing link url","#","","https://docs.createwithplay.com/en/articles/connection-troubleshooting#unknown-issues"
"Missing link url","#","","https://docs.createwithplay.com/en/articles/connection-troubleshooting#unknown-issues"
"Missing link url","#","","https://docs.createwithplay.com/en/articles/connection-troubleshooting#unknown-issues"
"Missing link url","#","","https://docs.createwithplay.com/en/articles/connection-troubleshooting#unknown-issues"
"Missing link url","#","","https://docs.createwithplay.com/en/articles/connection-troubleshooting#unsubscribed"
"Missing link url","#","","https://docs.createwithplay.com/en/articles/connection-troubleshooting#unsubscribed"
"Missing link url","#","","https://docs.createwithplay.com/en/articles/connection-troubleshooting#unsubscribed"
"Missing link url","#","","https://docs.createwithplay.com/en/articles/connection-troubleshooting#unsubscribed"
"Missing link url","#","","https://docs.createwithplay.com/en/articles/connection-troubleshooting#unsubscribed"
"Missing link url","#","","https://docs.createwithplay.com/en/articles/connection-troubleshooting#unsubscribed"
"Missing link url","#","","https://docs.createwithplay.com/en/articles/connection-troubleshooting#unsubscribed"
"Missing link url","#","","https://docs.createwithplay.com/en/articles/connection-troubleshooting#firewalls"
"Missing link url","#","","https://docs.createwithplay.com/en/articles/connection-troubleshooting#firewalls"
"Missing link url","#","","https://docs.createwithplay.com/en/articles/connection-troubleshooting#firewalls"
"Missing link url","#","","https://docs.createwithplay.com/en/articles/connection-troubleshooting#firewalls"
"Missing link url","#","","https://docs.createwithplay.com/en/articles/connection-troubleshooting#firewalls"
"Missing link url","#","","https://docs.createwithplay.com/en/articles/connection-troubleshooting#firewalls"
"Missing link url","#","","https://docs.createwithplay.com/en/articles/connection-troubleshooting#firewalls"
"Missing link url","#","","https://docs.createwithplay.com/en/articles/vpn-exemptions#exempting-domains-in-surfshark"
"Missing link url","#","","https://docs.createwithplay.com/en/articles/vpn-exemptions#exempting-domains-in-surfshark"
"Missing link url","#","","https://docs.createwithplay.com/en/articles/vpn-exemptions#exempting-domains-in-surfshark"
"Missing link url","#","","https://docs.createwithplay.com/en/articles/vpn-exemptions#exempting-domains-in-surfshark"
"Missing link url","#","","https://docs.createwithplay.com/en/articles/vpn-exemptions#exempting-domains-in-surfshark"
"Missing link url","#","","https://docs.createwithplay.com/en/articles/vpn-exemptions#exempting-domains-in-surfshark"
"Missing link url","#","","https://docs.createwithplay.com/en/articles/vpn-exemptions#exempting-domains-in-surfshark"
"Missing link url","#","","https://docs.createwithplay.com/en/articles/vpn-exemptions#exempting-domains-in-surfshark"
"Missing link url","#","","https://docs.createwithplay.com/en/articles/vpn-exemptions#exempting-domains-in-surfshark"
"Missing link url","#","","https://docs.createwithplay.com/en/articles/vpn-exemptions#exempting-domains-in-surfshark"
"Missing link url","#","","https://docs.createwithplay.com/en/articles/vpn-exemptions#exempting-domains-in-surfshark"
"Missing link url","#","","https://docs.createwithplay.com/en/articles/vpn-exemptions#exempting-domains-in-surfshark"
"Missing link url","#","","https://docs.createwithplay.com/en/articles/vpn-exemptions#exempting-domains-in-surfshark"
"Missing link url","#","","https://docs.createwithplay.com/en/articles/vpn-exemptions#exempting-domains-in-surfshark"
"Missing link url","#","","https://docs.createwithplay.com/en/articles/vpn-exemptions#exempting-domains-in-surfshark"
"Missing link url","#","","https://docs.createwithplay.com/en/articles/vpn-exemptions#exempting-domains-in-surfshark"
"Missing link url","#","","https://docs.createwithplay.com/en/articles/vpn-exemptions#exempting-domains-in-surfshark"
"Missing link url","#","","https://docs.createwithplay.com/en/articles/vpn-exemptions#exempting-domains-in-surfshark"
"Missing link url","#","","https://docs.createwithplay.com/en/articles/vpn-exemptions#exempting-domains-in-surfshark"
"Missing link url","#","","https://docs.createwithplay.com/en/articles/vpn-exemptions#exempting-domains-in-surfshark"
"Missing link url","#","","https://docs.createwithplay.com/en/articles/vpn-exemptions#exempting-domains-in-surfshark"
"Missing link url","#","","https://docs.createwithplay.com/en/articles/vpn-exemptions#exempting-domains-in-surfshark"
"Missing link url","#","","https://docs.createwithplay.com/en/articles/vpn-exemptions#exempting-domains-in-surfshark"
"Missing link url","#","","https://docs.createwithplay.com/en/articles/vpn-exemptions#exempting-domains-in-surfshark"
"Missing link url","#","","https://docs.createwithplay.com/en/articles/vpn-exemptions#exempting-domains-in-surfshark"
"Missing link url","#","","https://docs.createwithplay.com/en/articles/vpn-exemptions#exempting-domains-in-surfshark"
"Missing link url","#","","https://docs.createwithplay.com/en/articles/vpn-exemptions#exempting-domains-in-surfshark"
"Missing link url","#","","https://docs.createwithplay.com/en/articles/vpn-exemptions#exempting-domains-in-surfshark"
"Missing link url","#","","https://docs.createwithplay.com/en/articles/vpn-exemptions#exempting-domains-in-surfshark"
"Missing link url","#","","https://docs.createwithplay.com/en/articles/vpn-exemptions#exempting-domains-in-surfshark"
"Missing link url","#","","https://docs.createwithplay.com/en/articles/vpn-exemptions#exempting-domains-in-surfshark"
"Missing link url","#","","https://docs.createwithplay.com/en/articles/vpn-exemptions#exempting-domains-in-surfshark"
"Missing link url","#","","https://docs.createwithplay.com/en/articles/vpn-exemptions#exempting-domains-in-surfshark"
"Missing link url","#","","https://docs.createwithplay.com/en/articles/vpn-exemptions#exempting-domains-in-surfshark"
"Missing link url","#","","https://docs.createwithplay.com/en/articles/vpn-exemptions#exempting-domains-in-surfshark"
"Missing link url","#","","https://docs.createwithplay.com/en/articles/vpn-exemptions#exempting-domains-in-surfshark"
"Missing link url","#","","https://docs.createwithplay.com/en/articles/vpn-exemptions#exempting-domains-in-nordvpn"
"Missing link url","#","","https://docs.createwithplay.com/en/articles/vpn-exemptions#exempting-domains-in-nordvpn"
"Missing link url","#","","https://docs.createwithplay.com/en/articles/vpn-exemptions#exempting-domains-in-nordvpn"
"Missing link url","#","","https://docs.createwithplay.com/en/articles/vpn-exemptions#exempting-domains-in-nordvpn"
"Missing link url","#","","https://docs.createwithplay.com/en/articles/vpn-exemptions#exempting-domains-in-nordvpn"
"Missing link url","#","","https://docs.createwithplay.com/en/articles/vpn-exemptions#exempting-domains-in-nordvpn"
"Missing link url","#","","https://docs.createwithplay.com/en/articles/vpn-exemptions#exempting-domains-in-nordvpn"
"Missing link url","#","","https://docs.createwithplay.com/en/articles/vpn-exemptions#exempting-domains-in-nordvpn"
"Missing link url","#","","https://docs.createwithplay.com/en/articles/vpn-exemptions#exempting-domains-in-nordvpn"
"Missing link url","#","","https://docs.createwithplay.com/en/articles/vpn-exemptions#exempting-domains-in-nordvpn"
"Missing link url","#","","https://docs.createwithplay.com/en/articles/vpn-exemptions#exempting-domains-in-nordvpn"
"Missing link url","#","","https://docs.createwithplay.com/en/articles/vpn-exemptions#exempting-domains-in-nordvpn"
"Missing link url","#","","https://docs.createwithplay.com/en/articles/vpn-exemptions#exempting-domains-in-nordvpn"
"Missing link url","#","","https://docs.createwithplay.com/en/articles/vpn-exemptions#exempting-domains-in-nordvpn"
"Missing link url","#","","https://docs.createwithplay.com/en/articles/vpn-exemptions#exempting-domains-in-nordvpn"
"Missing link url","#","","https://docs.createwithplay.com/en/articles/vpn-exemptions#exempting-domains-in-nordvpn"
"Missing link url","#","","https://docs.createwithplay.com/en/articles/vpn-exemptions#exempting-domains-in-nordvpn"
"Missing link url","#","","https://docs.createwithplay.com/en/articles/vpn-exemptions#exempting-domains-in-nordvpn"
"Missing link url","#","","https://docs.createwithplay.com/en/articles/vpn-exemptions#exempting-domains-in-nordvpn"
"Missing link url","#","","https://docs.createwithplay.com/en/articles/vpn-exemptions#exempting-domains-in-nordvpn"
"Missing link url","#","","https://docs.createwithplay.com/en/articles/vpn-exemptions#exempting-domains-in-nordvpn"
"Missing link url","#","","https://docs.createwithplay.com/en/articles/vpn-exemptions#exempting-domains-in-nordvpn"
"Missing link url","#","","https://docs.createwithplay.com/en/articles/vpn-exemptions#exempting-domains-in-nordvpn"
"Missing link url","#","","https://docs.createwithplay.com/en/articles/vpn-exemptions#exempting-domains-in-nordvpn"
"Missing link url","#","","https://docs.createwithplay.com/en/articles/vpn-exemptions#exempting-domains-in-nordvpn"
"Missing link url","#","","https://docs.createwithplay.com/en/articles/vpn-exemptions#exempting-domains-in-nordvpn"
"Missing link url","#","","https://docs.createwithplay.com/en/articles/vpn-exemptions#exempting-domains-in-nordvpn"
"Missing link url","#","","https://docs.createwithplay.com/en/articles/vpn-exemptions#exempting-domains-in-nordvpn"
"Missing link url","#","","https://docs.createwithplay.com/en/articles/vpn-exemptions#exempting-domains-in-nordvpn"
"Missing link url","#","","https://docs.createwithplay.com/en/articles/vpn-exemptions#exempting-domains-in-nordvpn"
"Missing link url","#","","https://docs.createwithplay.com/en/articles/vpn-exemptions#exempting-domains-in-nordvpn"
"Missing link url","#","","https://docs.createwithplay.com/en/articles/vpn-exemptions#exempting-domains-in-nordvpn"
"Missing link url","#","","https://docs.createwithplay.com/en/articles/vpn-exemptions#exempting-domains-in-nordvpn"
"Missing link url","#","","https://docs.createwithplay.com/en/articles/vpn-exemptions#exempting-domains-in-nordvpn"
"Missing link url","#","","https://docs.createwithplay.com/en/articles/vpn-exemptions#exempting-domains-in-nordvpn"
"Missing link url","#","","https://docs.createwithplay.com/en/articles/vpn-exemptions#exempting-domains-in-nordvpn"
"Missing link url","#","","https://docs.createwithplay.com/en/articles/vpn-exemptions#exempting-domains-in-cisco-anyconnect-with-umbrella"
"Missing link url","#","","https://docs.createwithplay.com/en/articles/vpn-exemptions#exempting-domains-in-cisco-anyconnect-with-umbrella"
"Missing link url","#","","https://docs.createwithplay.com/en/articles/vpn-exemptions#exempting-domains-in-cisco-anyconnect-with-umbrella"
"Missing link url","#","","https://docs.createwithplay.com/en/articles/vpn-exemptions#exempting-domains-in-cisco-anyconnect-with-umbrella"
"Missing link url","#","","https://docs.createwithplay.com/en/articles/vpn-exemptions#exempting-domains-in-cisco-anyconnect-with-umbrella"
"Missing link url","#","","https://docs.createwithplay.com/en/articles/vpn-exemptions#exempting-domains-in-cisco-anyconnect-with-umbrella"
"Missing link url","#","","https://docs.createwithplay.com/en/articles/vpn-exemptions#exempting-domains-in-cisco-anyconnect-with-umbrella"
"Missing link url","#","","https://docs.createwithplay.com/en/articles/vpn-exemptions#exempting-domains-in-cisco-anyconnect-with-umbrella"
"Missing link url","#","","https://docs.createwithplay.com/en/articles/vpn-exemptions#exempting-domains-in-cisco-anyconnect-with-umbrella"
"Missing link url","#","","https://docs.createwithplay.com/en/articles/vpn-exemptions#exempting-domains-in-cisco-anyconnect-with-umbrella"
"Missing link url","#","","https://docs.createwithplay.com/en/articles/vpn-exemptions#exempting-domains-in-cisco-anyconnect-with-umbrella"
"Missing link url","#","","https://docs.createwithplay.com/en/articles/vpn-exemptions#exempting-domains-in-cisco-anyconnect-with-umbrella"
"Missing link url","#","","https://docs.createwithplay.com/en/articles/vpn-exemptions#exempting-domains-in-cisco-anyconnect-with-umbrella"
"Missing link url","#","","https://docs.createwithplay.com/en/articles/vpn-exemptions#exempting-domains-in-cisco-anyconnect-with-umbrella"
"Missing link url","#","","https://docs.createwithplay.com/en/articles/vpn-exemptions#exempting-domains-in-cisco-anyconnect-with-umbrella"
"Missing link url","#","","https://docs.createwithplay.com/en/articles/vpn-exemptions#exempting-domains-in-cisco-anyconnect-with-umbrella"
"Missing link url","#","","https://docs.createwithplay.com/en/articles/vpn-exemptions#exempting-domains-in-cisco-anyconnect-with-umbrella"
"Missing link url","#","","https://docs.createwithplay.com/en/articles/vpn-exemptions#exempting-domains-in-cisco-anyconnect-with-umbrella"
"Missing link url","#","","https://docs.createwithplay.com/en/articles/vpn-exemptions#exempting-domains-in-cisco-anyconnect-with-umbrella"
"Missing link url","#","","https://docs.createwithplay.com/en/articles/vpn-exemptions#exempting-domains-in-cisco-anyconnect-with-umbrella"
"Missing link url","#","","https://docs.createwithplay.com/en/articles/vpn-exemptions#exempting-domains-in-cisco-anyconnect-with-umbrella"
"Missing link url","#","","https://docs.createwithplay.com/en/articles/vpn-exemptions#exempting-domains-in-cisco-anyconnect-with-umbrella"
"Missing link url","#","","https://docs.createwithplay.com/en/articles/vpn-exemptions#exempting-domains-in-cisco-anyconnect-with-umbrella"
"Missing link url","#","","https://docs.createwithplay.com/en/articles/vpn-exemptions#exempting-domains-in-cisco-anyconnect-with-umbrella"
"Missing link url","#","","https://docs.createwithplay.com/en/articles/vpn-exemptions#exempting-domains-in-cisco-anyconnect-with-umbrella"
"Missing link url","#","","https://docs.createwithplay.com/en/articles/vpn-exemptions#exempting-domains-in-cisco-anyconnect-with-umbrella"
"Missing link url","#","","https://docs.createwithplay.com/en/articles/vpn-exemptions#exempting-domains-in-cisco-anyconnect-with-umbrella"
"Missing link url","#","","https://docs.createwithplay.com/en/articles/vpn-exemptions#exempting-domains-in-cisco-anyconnect-with-umbrella"
"Missing link url","#","","https://docs.createwithplay.com/en/articles/vpn-exemptions#exempting-domains-in-cisco-anyconnect-with-umbrella"
"Missing link url","#","","https://docs.createwithplay.com/en/articles/vpn-exemptions#exempting-domains-in-cisco-anyconnect-with-umbrella"
"Missing link url","#","","https://docs.createwithplay.com/en/articles/vpn-exemptions#exempting-domains-in-cisco-anyconnect-with-umbrella"
"Missing link url","#","","https://docs.createwithplay.com/en/articles/vpn-exemptions#exempting-domains-in-cisco-anyconnect-with-umbrella"
"Missing link url","#","","https://docs.createwithplay.com/en/articles/vpn-exemptions#exempting-domains-in-cisco-anyconnect-with-umbrella"
"Missing link url","#","","https://docs.createwithplay.com/en/articles/vpn-exemptions#exempting-domains-in-cisco-anyconnect-with-umbrella"
"Missing link url","#","","https://docs.createwithplay.com/en/articles/vpn-exemptions#exempting-domains-in-cisco-anyconnect-with-umbrella"
"Missing link url","#","","https://docs.createwithplay.com/en/articles/vpn-exemptions#exempting-domains-in-cisco-anyconnect-with-umbrella"
"Missing link url","#","","https://docs.createwithplay.com/en/articles/vpn-exemptions#exempting-domains-in-zscaler"
"Missing link url","#","","https://docs.createwithplay.com/en/articles/vpn-exemptions#exempting-domains-in-zscaler"
"Missing link url","#","","https://docs.createwithplay.com/en/articles/vpn-exemptions#exempting-domains-in-zscaler"
"Missing link url","#","","https://docs.createwithplay.com/en/articles/vpn-exemptions#exempting-domains-in-zscaler"
"Missing link url","#","","https://docs.createwithplay.com/en/articles/vpn-exemptions#exempting-domains-in-zscaler"
"Missing link url","#","","https://docs.createwithplay.com/en/articles/vpn-exemptions#exempting-domains-in-zscaler"
"Missing link url","#","","https://docs.createwithplay.com/en/articles/vpn-exemptions#exempting-domains-in-zscaler"
"Missing link url","#","","https://docs.createwithplay.com/en/articles/vpn-exemptions#exempting-domains-in-zscaler"
"Missing link url","#","","https://docs.createwithplay.com/en/articles/vpn-exemptions#exempting-domains-in-zscaler"
"Missing link url","#","","https://docs.createwithplay.com/en/articles/vpn-exemptions#exempting-domains-in-zscaler"
"Missing link url","#","","https://docs.createwithplay.com/en/articles/vpn-exemptions#exempting-domains-in-zscaler"
"Missing link url","#","","https://docs.createwithplay.com/en/articles/vpn-exemptions#exempting-domains-in-zscaler"
"Missing link url","#","","https://docs.createwithplay.com/en/articles/vpn-exemptions#exempting-domains-in-zscaler"
"Missing link url","#","","https://docs.createwithplay.com/en/articles/vpn-exemptions#exempting-domains-in-zscaler"
"Missing link url","#","","https://docs.createwithplay.com/en/articles/vpn-exemptions#exempting-domains-in-zscaler"
"Missing link url","#","","https://docs.createwithplay.com/en/articles/vpn-exemptions#exempting-domains-in-zscaler"
"Missing link url","#","","https://docs.createwithplay.com/en/articles/vpn-exemptions#exempting-domains-in-zscaler"
"Missing link url","#","","https://docs.createwithplay.com/en/articles/vpn-exemptions#exempting-domains-in-zscaler"
"Missing link url","#","","https://docs.createwithplay.com/en/articles/vpn-exemptions#exempting-domains-in-zscaler"
"Missing link url","#","","https://docs.createwithplay.com/en/articles/vpn-exemptions#exempting-domains-in-zscaler"
"Missing link url","#","","https://docs.createwithplay.com/en/articles/vpn-exemptions#exempting-domains-in-zscaler"
"Missing link url","#","","https://docs.createwithplay.com/en/articles/vpn-exemptions#exempting-domains-in-zscaler"
"Missing link url","#","","https://docs.createwithplay.com/en/articles/vpn-exemptions#exempting-domains-in-zscaler"
"Missing link url","#","","https://docs.createwithplay.com/en/articles/vpn-exemptions#exempting-domains-in-zscaler"
"Missing link url","#","","https://docs.createwithplay.com/en/articles/vpn-exemptions#exempting-domains-in-zscaler"
"Missing link url","#","","https://docs.createwithplay.com/en/articles/vpn-exemptions#exempting-domains-in-zscaler"
"Missing link url","#","","https://docs.createwithplay.com/en/articles/vpn-exemptions#exempting-domains-in-zscaler"
"Missing link url","#","","https://docs.createwithplay.com/en/articles/vpn-exemptions#exempting-domains-in-zscaler"
"Missing link url","#","","https://docs.createwithplay.com/en/articles/vpn-exemptions#exempting-domains-in-zscaler"
"Missing link url","#","","https://docs.createwithplay.com/en/articles/vpn-exemptions#exempting-domains-in-zscaler"
"Missing link url","#","","https://docs.createwithplay.com/en/articles/vpn-exemptions#exempting-domains-in-zscaler"
"Missing link url","#","","https://docs.createwithplay.com/en/articles/vpn-exemptions#exempting-domains-in-zscaler"
"Missing link url","#","","https://docs.createwithplay.com/en/articles/vpn-exemptions#exempting-domains-in-zscaler"
"Missing link url","#","","https://docs.createwithplay.com/en/articles/vpn-exemptions#exempting-domains-in-zscaler"
"Missing link url","#","","https://docs.createwithplay.com/en/articles/vpn-exemptions#exempting-domains-in-zscaler"
"Missing link url","#","","https://docs.createwithplay.com/en/articles/vpn-exemptions#exempting-domains-in-zscaler"
"Missing link url","#","","https://docs.createwithplay.com/en/articles/vpn-exemptions#exempting-domains-in-palo-alto-globalprotect"
"Missing link url","#","","https://docs.createwithplay.com/en/articles/vpn-exemptions#exempting-domains-in-palo-alto-globalprotect"
"Missing link url","#","","https://docs.createwithplay.com/en/articles/vpn-exemptions#exempting-domains-in-palo-alto-globalprotect"
"Missing link url","#","","https://docs.createwithplay.com/en/articles/vpn-exemptions#exempting-domains-in-palo-alto-globalprotect"
"Missing link url","#","","https://docs.createwithplay.com/en/articles/vpn-exemptions#exempting-domains-in-palo-alto-globalprotect"
"Missing link url","#","","https://docs.createwithplay.com/en/articles/vpn-exemptions#exempting-domains-in-palo-alto-globalprotect"
"Missing link url","#","","https://docs.createwithplay.com/en/articles/vpn-exemptions#exempting-domains-in-palo-alto-globalprotect"
"Missing link url","#","","https://docs.createwithplay.com/en/articles/vpn-exemptions#exempting-domains-in-palo-alto-globalprotect"
"Missing link url","#","","https://docs.createwithplay.com/en/articles/vpn-exemptions#exempting-domains-in-palo-alto-globalprotect"
"Missing link url","#","","https://docs.createwithplay.com/en/articles/vpn-exemptions#exempting-domains-in-palo-alto-globalprotect"
"Missing link url","#","","https://docs.createwithplay.com/en/articles/vpn-exemptions#exempting-domains-in-palo-alto-globalprotect"
"Missing link url","#","","https://docs.createwithplay.com/en/articles/vpn-exemptions#exempting-domains-in-palo-alto-globalprotect"
"Missing link url","#","","https://docs.createwithplay.com/en/articles/vpn-exemptions#exempting-domains-in-palo-alto-globalprotect"
"Missing link url","#","","https://docs.createwithplay.com/en/articles/vpn-exemptions#exempting-domains-in-palo-alto-globalprotect"
"Missing link url","#","","https://docs.createwithplay.com/en/articles/vpn-exemptions#exempting-domains-in-palo-alto-globalprotect"
"Missing link url","#","","https://docs.createwithplay.com/en/articles/vpn-exemptions#exempting-domains-in-palo-alto-globalprotect"
"Missing link url","#","","https://docs.createwithplay.com/en/articles/vpn-exemptions#exempting-domains-in-palo-alto-globalprotect"
"Missing link url","#","","https://docs.createwithplay.com/en/articles/vpn-exemptions#exempting-domains-in-palo-alto-globalprotect"
"Missing link url","#","","https://docs.createwithplay.com/en/articles/vpn-exemptions#exempting-domains-in-palo-alto-globalprotect"
"Missing link url","#","","https://docs.createwithplay.com/en/articles/vpn-exemptions#exempting-domains-in-palo-alto-globalprotect"
"Missing link url","#","","https://docs.createwithplay.com/en/articles/vpn-exemptions#exempting-domains-in-palo-alto-globalprotect"
"Missing link url","#","","https://docs.createwithplay.com/en/articles/vpn-exemptions#exempting-domains-in-palo-alto-globalprotect"
"Missing link url","#","","https://docs.createwithplay.com/en/articles/vpn-exemptions#exempting-domains-in-palo-alto-globalprotect"
"Missing link url","#","","https://docs.createwithplay.com/en/articles/vpn-exemptions#exempting-domains-in-palo-alto-globalprotect"
"Missing link url","#","","https://docs.createwithplay.com/en/articles/vpn-exemptions#exempting-domains-in-palo-alto-globalprotect"
"Missing link url","#","","https://docs.createwithplay.com/en/articles/vpn-exemptions#exempting-domains-in-palo-alto-globalprotect"
"Missing link url","#","","https://docs.createwithplay.com/en/articles/vpn-exemptions#exempting-domains-in-palo-alto-globalprotect"
"Missing link url","#","","https://docs.createwithplay.com/en/articles/vpn-exemptions#exempting-domains-in-palo-alto-globalprotect"
"Missing link url","#","","https://docs.createwithplay.com/en/articles/vpn-exemptions#exempting-domains-in-palo-alto-globalprotect"
"Missing link url","#","","https://docs.createwithplay.com/en/articles/vpn-exemptions#exempting-domains-in-palo-alto-globalprotect"
"Missing link url","#","","https://docs.createwithplay.com/en/articles/vpn-exemptions#exempting-domains-in-palo-alto-globalprotect"
"Missing link url","#","","https://docs.createwithplay.com/en/articles/vpn-exemptions#exempting-domains-in-palo-alto-globalprotect"
"Missing link url","#","","https://docs.createwithplay.com/en/articles/vpn-exemptions#exempting-domains-in-palo-alto-globalprotect"
"Missing link url","#","","https://docs.createwithplay.com/en/articles/vpn-exemptions#exempting-domains-in-palo-alto-globalprotect"
"Missing link url","#","","https://docs.createwithplay.com/en/articles/vpn-exemptions#exempting-domains-in-palo-alto-globalprotect"
"Missing link url","#","","https://docs.createwithplay.com/en/articles/vpn-exemptions#exempting-domains-in-palo-alto-globalprotect"
"Missing link url","#","","https://docs.createwithplay.com/en/articles/vpn-exemptions#conclusion"
"Missing link url","#","","https://docs.createwithplay.com/en/articles/vpn-exemptions#conclusion"
"Missing link url","#","","https://docs.createwithplay.com/en/articles/vpn-exemptions#conclusion"
"Missing link url","#","","https://docs.createwithplay.com/en/articles/vpn-exemptions#conclusion"
"Missing link url","#","","https://docs.createwithplay.com/en/articles/vpn-exemptions#conclusion"
"Missing link url","#","","https://docs.createwithplay.com/en/articles/vpn-exemptions#conclusion"
"Missing link url","#","","https://docs.createwithplay.com/en/articles/vpn-exemptions#conclusion"
"Missing link url","#","","https://docs.createwithplay.com/en/articles/vpn-exemptions#conclusion"
"Missing link url","#","","https://docs.createwithplay.com/en/articles/vpn-exemptions#conclusion"
"Missing link url","#","","https://docs.createwithplay.com/en/articles/vpn-exemptions#conclusion"
"Missing link url","#","","https://docs.createwithplay.com/en/articles/vpn-exemptions#conclusion"
"Missing link url","#","","https://docs.createwithplay.com/en/articles/vpn-exemptions#conclusion"
"Missing link url","#","","https://docs.createwithplay.com/en/articles/vpn-exemptions#conclusion"
"Missing link url","#","","https://docs.createwithplay.com/en/articles/vpn-exemptions#conclusion"
"Missing link url","#","","https://docs.createwithplay.com/en/articles/vpn-exemptions#conclusion"
"Missing link url","#","","https://docs.createwithplay.com/en/articles/vpn-exemptions#conclusion"
"Missing link url","#","","https://docs.createwithplay.com/en/articles/vpn-exemptions#conclusion"
"Missing link url","#","","https://docs.createwithplay.com/en/articles/vpn-exemptions#conclusion"
"Missing link url","#","","https://docs.createwithplay.com/en/articles/vpn-exemptions#conclusion"
"Missing link url","#","","https://docs.createwithplay.com/en/articles/vpn-exemptions#conclusion"
"Missing link url","#","","https://docs.createwithplay.com/en/articles/vpn-exemptions#conclusion"
"Missing link url","#","","https://docs.createwithplay.com/en/articles/vpn-exemptions#conclusion"
"Missing link url","#","","https://docs.createwithplay.com/en/articles/vpn-exemptions#conclusion"
"Missing link url","#","","https://docs.createwithplay.com/en/articles/vpn-exemptions#conclusion"
"Missing link url","#","","https://docs.createwithplay.com/en/articles/vpn-exemptions#conclusion"
"Missing link url","#","","https://docs.createwithplay.com/en/articles/vpn-exemptions#conclusion"
"Missing link url","#","","https://docs.createwithplay.com/en/articles/vpn-exemptions#conclusion"
"Missing link url","#","","https://docs.createwithplay.com/en/articles/vpn-exemptions#conclusion"
"Missing link url","#","","https://docs.createwithplay.com/en/articles/vpn-exemptions#conclusion"
"Missing link url","#","","https://docs.createwithplay.com/en/articles/vpn-exemptions#conclusion"
"Missing link url","#","","https://docs.createwithplay.com/en/articles/vpn-exemptions#conclusion"
"Missing link url","#","","https://docs.createwithplay.com/en/articles/vpn-exemptions#conclusion"
"Missing link url","#","","https://docs.createwithplay.com/en/articles/vpn-exemptions#conclusion"
"Missing link url","#","","https://docs.createwithplay.com/en/articles/vpn-exemptions#conclusion"
"Missing link url","#","","https://docs.createwithplay.com/en/articles/vpn-exemptions#conclusion"
"Missing link url","#","","https://docs.createwithplay.com/en/articles/vpn-exemptions#conclusion"
"Missing link url","#","","https://docs.createwithplay.com/en/articles/vpn-exemptions#exempting-domains-in-norton-secure-vpn"
"Missing link url","#","","https://docs.createwithplay.com/en/articles/vpn-exemptions#exempting-domains-in-norton-secure-vpn"
"Missing link url","#","","https://docs.createwithplay.com/en/articles/vpn-exemptions#exempting-domains-in-norton-secure-vpn"
"Missing link url","#","","https://docs.createwithplay.com/en/articles/vpn-exemptions#exempting-domains-in-norton-secure-vpn"
"Missing link url","#","","https://docs.createwithplay.com/en/articles/vpn-exemptions#exempting-domains-in-norton-secure-vpn"
"Missing link url","#","","https://docs.createwithplay.com/en/articles/vpn-exemptions#exempting-domains-in-norton-secure-vpn"
"Missing link url","#","","https://docs.createwithplay.com/en/articles/vpn-exemptions#exempting-domains-in-norton-secure-vpn"
"Missing link url","#","","https://docs.createwithplay.com/en/articles/vpn-exemptions#exempting-domains-in-norton-secure-vpn"
"Missing link url","#","","https://docs.createwithplay.com/en/articles/vpn-exemptions#exempting-domains-in-norton-secure-vpn"
"Missing link url","#","","https://docs.createwithplay.com/en/articles/vpn-exemptions#exempting-domains-in-norton-secure-vpn"
"Missing link url","#","","https://docs.createwithplay.com/en/articles/vpn-exemptions#exempting-domains-in-norton-secure-vpn"
"Missing link url","#","","https://docs.createwithplay.com/en/articles/vpn-exemptions#exempting-domains-in-norton-secure-vpn"
"Missing link url","#","","https://docs.createwithplay.com/en/articles/vpn-exemptions#exempting-domains-in-norton-secure-vpn"
"Missing link url","#","","https://docs.createwithplay.com/en/articles/vpn-exemptions#exempting-domains-in-norton-secure-vpn"
"Missing link url","#","","https://docs.createwithplay.com/en/articles/vpn-exemptions#exempting-domains-in-norton-secure-vpn"
"Missing link url","#","","https://docs.createwithplay.com/en/articles/vpn-exemptions#exempting-domains-in-norton-secure-vpn"
"Missing link url","#","","https://docs.createwithplay.com/en/articles/vpn-exemptions#exempting-domains-in-norton-secure-vpn"
"Missing link url","#","","https://docs.createwithplay.com/en/articles/vpn-exemptions#exempting-domains-in-norton-secure-vpn"
"Missing link url","#","","https://docs.createwithplay.com/en/articles/vpn-exemptions#exempting-domains-in-norton-secure-vpn"
"Missing link url","#","","https://docs.createwithplay.com/en/articles/vpn-exemptions#exempting-domains-in-norton-secure-vpn"
"Missing link url","#","","https://docs.createwithplay.com/en/articles/vpn-exemptions#exempting-domains-in-norton-secure-vpn"
"Missing link url","#","","https://docs.createwithplay.com/en/articles/vpn-exemptions#exempting-domains-in-norton-secure-vpn"
"Missing link url","#","","https://docs.createwithplay.com/en/articles/vpn-exemptions#exempting-domains-in-norton-secure-vpn"
"Missing link url","#","","https://docs.createwithplay.com/en/articles/vpn-exemptions#exempting-domains-in-norton-secure-vpn"
"Missing link url","#","","https://docs.createwithplay.com/en/articles/vpn-exemptions#exempting-domains-in-norton-secure-vpn"
"Missing link url","#","","https://docs.createwithplay.com/en/articles/vpn-exemptions#exempting-domains-in-norton-secure-vpn"
"Missing link url","#","","https://docs.createwithplay.com/en/articles/vpn-exemptions#exempting-domains-in-norton-secure-vpn"
"Missing link url","#","","https://docs.createwithplay.com/en/articles/vpn-exemptions#exempting-domains-in-norton-secure-vpn"
"Missing link url","#","","https://docs.createwithplay.com/en/articles/vpn-exemptions#exempting-domains-in-norton-secure-vpn"
"Missing link url","#","","https://docs.createwithplay.com/en/articles/vpn-exemptions#exempting-domains-in-norton-secure-vpn"
"Missing link url","#","","https://docs.createwithplay.com/en/articles/vpn-exemptions#exempting-domains-in-norton-secure-vpn"
"Missing link url","#","","https://docs.createwithplay.com/en/articles/vpn-exemptions#exempting-domains-in-norton-secure-vpn"
"Missing link url","#","","https://docs.createwithplay.com/en/articles/vpn-exemptions#exempting-domains-in-norton-secure-vpn"
"Missing link url","#","","https://docs.createwithplay.com/en/articles/vpn-exemptions#exempting-domains-in-norton-secure-vpn"
"Missing link url","#","","https://docs.createwithplay.com/en/articles/vpn-exemptions#exempting-domains-in-norton-secure-vpn"
"Missing link url","#","","https://docs.createwithplay.com/en/articles/vpn-exemptions#exempting-domains-in-norton-secure-vpn"
"200 no error","https://docs.createwithplay.com/en/articles/alert-action#content-area","","appears 7 times"
"200 no error","https://docs.createwithplay.com/en/articles/alert-action#overview","","appears 14 times"
"200 no error","https://docs.createwithplay.com/en/articles/alert-action#action-properties","","appears 14 times"
"200 no error","https://docs.createwithplay.com/en/articles/alert-action#title","","appears 14 times"
"200 no error","https://docs.createwithplay.com/en/articles/alert-action#style","","appears 14 times"
"200 no error","https://docs.createwithplay.com/en/articles/alert-action#preferred-action","","appears 14 times"
"200 no error","https://docs.createwithplay.com/en/articles/alert-text-field-action#content-area","","appears 8 times"
"200 no error","https://docs.createwithplay.com/en/articles/alert-text-field-action#overview","","appears 16 times"
"200 no error","https://docs.createwithplay.com/en/articles/alert-text-field-action#action-properties","","appears 16 times"
"200 no error","https://docs.createwithplay.com/en/articles/alert-text-field-action#text","","appears 16 times"
"200 no error","https://docs.createwithplay.com/en/articles/alert-text-field-action#placeholder","","appears 16 times"
"200 no error","https://docs.createwithplay.com/en/articles/alert-text-field-action#secure-entry","","appears 16 times"
"200 no error","https://docs.createwithplay.com/en/articles/alert-text-field-action#keyboard-type","","appears 16 times"
"200 no error","https://docs.createwithplay.com/en/articles/easing-curves#content-area","","appears 12 times"
"200 no error","https://docs.createwithplay.com/en/articles/easing-curves#overview","","appears 24 times"
"200 no error","https://docs.createwithplay.com/en/articles/easing-curves#types-of-easing-curves","","appears 24 times"
"200 no error","https://docs.createwithplay.com/en/articles/easing-curves#linear","","appears 24 times"
"200 no error","https://docs.createwithplay.com/en/articles/easing-curves#ease-in","","appears 24 times"
"200 no error","https://docs.createwithplay.com/en/articles/easing-curves#ease-out","","appears 24 times"
"200 no error","https://docs.createwithplay.com/en/articles/easing-curves#ease-in-&-out","","appears 12 times"
"200 no error","https://docs.createwithplay.com/en/articles/easing-curves#custom-cubic-bezier","","appears 24 times"
"200 no error","https://docs.createwithplay.com/en/articles/easing-curves#spring","","appears 24 times"
"200 no error","https://docs.createwithplay.com/en/articles/easing-curves#custom-spring","","appears 24 times"
"200 no error","https://docs.createwithplay.com/en/articles/easing-curves#ease-in-&-out","","appears 12 times"
"200 no error","https://docs.createwithplay.com/en/articles/dismiss-page-action#content-area","","appears 6 times"
"200 no error","https://docs.createwithplay.com/en/articles/dismiss-page-action#overview","","appears 12 times"
"200 no error","https://docs.createwithplay.com/en/articles/dismiss-page-action#action-properties","","appears 12 times"
"200 no error","https://docs.createwithplay.com/en/articles/dismiss-page-action#duration","","appears 12 times"
"200 no error","https://docs.createwithplay.com/en/articles/dismiss-page-action#easing","","appears 12 times"
"200 no error","https://docs.createwithplay.com/en/articles/copy-to-clipboard-action#content-area","","appears 9 times"
"200 no error","https://docs.createwithplay.com/en/articles/copy-to-clipboard-action#overview","","appears 18 times"
"200 no error","https://docs.createwithplay.com/en/articles/copy-to-clipboard-action#action-properties","","appears 18 times"
"200 no error","https://docs.createwithplay.com/en/articles/copy-to-clipboard-action#type","","appears 18 times"
"200 no error","https://docs.createwithplay.com/en/articles/copy-to-clipboard-action#string-/-image","","appears 9 times"
"200 no error","https://docs.createwithplay.com/en/articles/copy-to-clipboard-action#relevant-expression-editor-properties","","appears 18 times"
"200 no error","https://docs.createwithplay.com/en/articles/copy-to-clipboard-action#device’s-clipboard","","appears 18 times"
"200 no error","https://docs.createwithplay.com/en/articles/copy-to-clipboard-action#string-/-image","","appears 9 times"
"200 no error","https://docs.createwithplay.com/en/articles/dismiss-keyboard-action#content-area","","appears 5 times"
"200 no error","https://docs.createwithplay.com/en/articles/dismiss-keyboard-action#overview","","appears 10 times"
"200 no error","https://docs.createwithplay.com/en/articles/dismiss-keyboard-action#action-properties","","appears 10 times"
"200 no error","https://docs.createwithplay.com/en/articles/dismiss-keyboard-action#delay","","appears 10 times"
"200 no error","https://docs.createwithplay.com/en/articles/duplicate-action#content-area","","appears 9 times"
"200 no error","https://docs.createwithplay.com/en/articles/duplicate-action#overview","","appears 18 times"
"200 no error","https://docs.createwithplay.com/en/articles/duplicate-action#action-properties","","appears 18 times"
"200 no error","https://docs.createwithplay.com/en/articles/duplicate-action#target","","appears 18 times"
"200 no error","https://docs.createwithplay.com/en/articles/duplicate-action#duplicate-to","","appears 18 times"
"200 no error","https://docs.createwithplay.com/en/articles/duplicate-action#insert-to","","appears 18 times"
"200 no error","https://docs.createwithplay.com/en/articles/duplicate-action#animate-in","","appears 18 times"
"200 no error","https://docs.createwithplay.com/en/articles/duplicate-action#resources","","appears 18 times"
"200 no error","https://docs.createwithplay.com/en/articles/dismiss-sheet-action#content-area","","appears 6 times"
"200 no error","https://docs.createwithplay.com/en/articles/dismiss-sheet-action#overview","","appears 12 times"
"200 no error","https://docs.createwithplay.com/en/articles/dismiss-sheet-action#action-properties","","appears 12 times"
"200 no error","https://docs.createwithplay.com/en/articles/dismiss-sheet-action#animate","","appears 12 times"
"200 no error","https://docs.createwithplay.com/en/articles/dismiss-sheet-action#close-all-sheets","","appears 12 times"
"200 no error","https://docs.createwithplay.com/en/articles/fetch-action#content-area","","appears 11 times"
"200 no error","https://docs.createwithplay.com/en/articles/fetch-action#overview","","appears 22 times"
"200 no error","https://docs.createwithplay.com/en/articles/fetch-action#action-properties","","appears 22 times"
"200 no error","https://docs.createwithplay.com/en/articles/fetch-action#url","","appears 22 times"
"200 no error","https://docs.createwithplay.com/en/articles/fetch-action#http-method","","appears 22 times"
"200 no error","https://docs.createwithplay.com/en/articles/fetch-action#headers","","appears 22 times"
"200 no error","https://docs.createwithplay.com/en/articles/fetch-action#body-type","","appears 22 times"
"200 no error","https://docs.createwithplay.com/en/articles/fetch-action#expression-editor-properties","","appears 22 times"
"200 no error","https://docs.createwithplay.com/en/articles/fetch-action#response","","appears 22 times"
"200 no error","https://docs.createwithplay.com/en/articles/fetch-action#on-error","","appears 22 times"
"200 no error","https://docs.createwithplay.com/en/articles/capture-action#content-area","","appears 12 times"
"200 no error","https://docs.createwithplay.com/en/articles/capture-action#overview","","appears 24 times"
"200 no error","https://docs.createwithplay.com/en/articles/capture-action#action-properties","","appears 24 times"
"200 no error","https://docs.createwithplay.com/en/articles/capture-action#mode","","appears 24 times"
"200 no error","https://docs.createwithplay.com/en/articles/capture-action#target","","appears 24 times"
"200 no error","https://docs.createwithplay.com/en/articles/capture-action#output","","appears 24 times"
"200 no error","https://docs.createwithplay.com/en/articles/capture-action#save-to-library","","appears 24 times"
"200 no error","https://docs.createwithplay.com/en/articles/capture-action#capture","","appears 24 times"
"200 no error","https://docs.createwithplay.com/en/articles/capture-action#recording","","appears 24 times"
"200 no error","https://docs.createwithplay.com/en/articles/capture-action#recording-quality","","appears 24 times"
"200 no error","https://docs.createwithplay.com/en/articles/capture-action#recording-fps","","appears 24 times"
"200 no error","https://docs.createwithplay.com/en/articles/go-to-url-action#content-area","","appears 5 times"
"200 no error","https://docs.createwithplay.com/en/articles/go-to-url-action#overview","","appears 10 times"
"200 no error","https://docs.createwithplay.com/en/articles/go-to-url-action#action-properties","","appears 10 times"
"200 no error","https://docs.createwithplay.com/en/articles/go-to-url-action#url","","appears 10 times"
"200 no error","https://docs.createwithplay.com/en/articles/fetch-json-action#content-area","","appears 7 times"
"200 no error","https://docs.createwithplay.com/en/articles/fetch-json-action#overview","","appears 14 times"
"200 no error","https://docs.createwithplay.com/en/articles/fetch-json-action#action-properties","","appears 14 times"
"200 no error","https://docs.createwithplay.com/en/articles/fetch-json-action#file","","appears 14 times"
"200 no error","https://docs.createwithplay.com/en/articles/fetch-json-action#expression-editor-properties","","appears 14 times"
"200 no error","https://docs.createwithplay.com/en/articles/fetch-json-action#response","","appears 14 times"
"200 no error","https://docs.createwithplay.com/en/articles/menu-action#content-area","","appears 13 times"
"200 no error","https://docs.createwithplay.com/en/articles/menu-action#overview","","appears 26 times"
"200 no error","https://docs.createwithplay.com/en/articles/menu-action#action-properties","","appears 26 times"
"200 no error","https://docs.createwithplay.com/en/articles/menu-action#title","","appears 26 times"
"200 no error","https://docs.createwithplay.com/en/articles/menu-action#subtitle","","appears 26 times"
"200 no error","https://docs.createwithplay.com/en/articles/menu-action#image","","appears 26 times"
"200 no error","https://docs.createwithplay.com/en/articles/menu-action#tint-color","","appears 26 times"
"200 no error","https://docs.createwithplay.com/en/articles/menu-action#state","","appears 26 times"
"200 no error","https://docs.createwithplay.com/en/articles/menu-action#destructive","","appears 26 times"
"200 no error","https://docs.createwithplay.com/en/articles/menu-action#disabled","","appears 26 times"
"200 no error","https://docs.createwithplay.com/en/articles/menu-action#hidden","","appears 26 times"
"200 no error","https://docs.createwithplay.com/en/articles/menu-action#keeps-menu-presented","","appears 26 times"
"200 no error","https://docs.createwithplay.com/en/articles/format-number-action#content-area","","appears 11 times"
"200 no error","https://docs.createwithplay.com/en/articles/format-number-action#overview","","appears 22 times"
"200 no error","https://docs.createwithplay.com/en/articles/format-number-action#action-properties","","appears 22 times"
"200 no error","https://docs.createwithplay.com/en/articles/format-number-action#target","","appears 22 times"
"200 no error","https://docs.createwithplay.com/en/articles/format-number-action#variable","","appears 22 times"
"200 no error","https://docs.createwithplay.com/en/articles/format-number-action#format","","appears 22 times"
"200 no error","https://docs.createwithplay.com/en/articles/format-number-action#from","","appears 22 times"
"200 no error","https://docs.createwithplay.com/en/articles/format-number-action#to","","appears 22 times"
"200 no error","https://docs.createwithplay.com/en/articles/format-number-action#code","","appears 22 times"
"200 no error","https://docs.createwithplay.com/en/articles/format-number-action#style","","appears 22 times"
"200 no error","https://docs.createwithplay.com/en/articles/layer-blur-action#content-area","","appears 7 times"
"200 no error","https://docs.createwithplay.com/en/articles/layer-blur-action#overview","","appears 14 times"
"200 no error","https://docs.createwithplay.com/en/articles/layer-blur-action#action-properties","","appears 14 times"
"200 no error","https://docs.createwithplay.com/en/articles/layer-blur-action#target","","appears 14 times"
"200 no error","https://docs.createwithplay.com/en/articles/layer-blur-action#value","","appears 14 times"
"200 no error","https://docs.createwithplay.com/en/articles/layer-blur-action#animate","","appears 14 times"
"200 no error","https://docs.createwithplay.com/en/articles/oauth-action#content-area","","appears 6 times"
"200 no error","https://docs.createwithplay.com/en/articles/oauth-action#overview","","appears 12 times"
"200 no error","https://docs.createwithplay.com/en/articles/oauth-action#action-properties","","appears 12 times"
"200 no error","https://docs.createwithplay.com/en/articles/oauth-action#url","","appears 12 times"
"200 no error","https://docs.createwithplay.com/en/articles/oauth-action#on-error","","appears 12 times"
"200 no error","https://docs.createwithplay.com/en/articles/open-sheet-action#content-area","","appears 14 times"
"200 no error","https://docs.createwithplay.com/en/articles/open-sheet-action#overview","","appears 28 times"
"200 no error","https://docs.createwithplay.com/en/articles/open-sheet-action#action-properties","","appears 28 times"
"200 no error","https://docs.createwithplay.com/en/articles/open-sheet-action#page","","appears 28 times"
"200 no error","https://docs.createwithplay.com/en/articles/open-sheet-action#style","","appears 28 times"
"200 no error","https://docs.createwithplay.com/en/articles/open-sheet-action#detents","","appears 28 times"
"200 no error","https://docs.createwithplay.com/en/articles/open-sheet-action#start-detent","","appears 28 times"
"200 no error","https://docs.createwithplay.com/en/articles/open-sheet-action#corner-radius","","appears 28 times"
"200 no error","https://docs.createwithplay.com/en/articles/open-sheet-action#grabber","","appears 28 times"
"200 no error","https://docs.createwithplay.com/en/articles/open-sheet-action#prevent-dismissal","","appears 28 times"
"200 no error","https://docs.createwithplay.com/en/articles/open-sheet-action#always-scrollable","","appears 28 times"
"200 no error","https://docs.createwithplay.com/en/articles/open-sheet-action#interaction-beneath","","appears 28 times"
"200 no error","https://docs.createwithplay.com/en/articles/open-sheet-action#resources","","appears 28 times"
"200 no error","https://docs.createwithplay.com/en/articles/open-page-action#content-area","","appears 14 times"
"200 no error","https://docs.createwithplay.com/en/articles/open-page-action#overview","","appears 28 times"
"200 no error","https://docs.createwithplay.com/en/articles/open-page-action#action-properties","","appears 28 times"
"200 no error","https://docs.createwithplay.com/en/articles/open-page-action#page","","appears 28 times"
"200 no error","https://docs.createwithplay.com/en/articles/open-page-action#style","","appears 28 times"
"200 no error","https://docs.createwithplay.com/en/articles/open-page-action#transition","","appears 28 times"
"200 no error","https://docs.createwithplay.com/en/articles/open-page-action#zoom-target","","appears 28 times"
"200 no error","https://docs.createwithplay.com/en/articles/open-page-action#custom-style-properties","","appears 28 times"
"200 no error","https://docs.createwithplay.com/en/articles/open-page-action#animation","","appears 28 times"
"200 no error","https://docs.createwithplay.com/en/articles/open-page-action#move-in-from","","appears 28 times"
"200 no error","https://docs.createwithplay.com/en/articles/open-page-action#load-on-root-level","","appears 28 times"
"200 no error","https://docs.createwithplay.com/en/articles/open-page-action#animate","","appears 28 times"
"200 no error","https://docs.createwithplay.com/en/articles/open-page-action#resources","","appears 28 times"
"200 no error","https://docs.createwithplay.com/en/articles/open-library-action#content-area","","appears 7 times"
"200 no error","https://docs.createwithplay.com/en/articles/open-library-action#overview","","appears 14 times"
"200 no error","https://docs.createwithplay.com/en/articles/open-library-action#action-properties","","appears 14 times"
"200 no error","https://docs.createwithplay.com/en/articles/open-library-action#output","","appears 14 times"
"200 no error","https://docs.createwithplay.com/en/articles/open-library-action#allow-editing","","appears 14 times"
"200 no error","https://docs.createwithplay.com/en/articles/open-library-action#resources","","appears 14 times"
"200 no error","https://docs.createwithplay.com/en/articles/open-camera-action#content-area","","appears 9 times"
"200 no error","https://docs.createwithplay.com/en/articles/open-camera-action#overview","","appears 18 times"
"200 no error","https://docs.createwithplay.com/en/articles/open-camera-action#action-properties","","appears 18 times"
"200 no error","https://docs.createwithplay.com/en/articles/open-camera-action#output","","appears 18 times"
"200 no error","https://docs.createwithplay.com/en/articles/open-camera-action#camera","","appears 18 times"
"200 no error","https://docs.createwithplay.com/en/articles/open-camera-action#allow-editing","","appears 18 times"
"200 no error","https://docs.createwithplay.com/en/articles/open-camera-action#flash","","appears 18 times"
"200 no error","https://docs.createwithplay.com/en/articles/open-camera-action#resources","","appears 18 times"
"200 no error","https://docs.createwithplay.com/en/articles/photo-picker-action#content-area","","appears 12 times"
"200 no error","https://docs.createwithplay.com/en/articles/photo-picker-action#overview","","appears 24 times"
"200 no error","https://docs.createwithplay.com/en/articles/photo-picker-action#action-properties","","appears 24 times"
"200 no error","https://docs.createwithplay.com/en/articles/photo-picker-action#filter","","appears 24 times"
"200 no error","https://docs.createwithplay.com/en/articles/photo-picker-action#selection","","appears 24 times"
"200 no error","https://docs.createwithplay.com/en/articles/photo-picker-action#selection-limit","","appears 24 times"
"200 no error","https://docs.createwithplay.com/en/articles/photo-picker-action#representation-mode","","appears 24 times"
"200 no error","https://docs.createwithplay.com/en/articles/photo-picker-action#compact-on-ipad","","appears 24 times"
"200 no error","https://docs.createwithplay.com/en/articles/photo-picker-action#expression-editor-properties","","appears 24 times"
"200 no error","https://docs.createwithplay.com/en/articles/photo-picker-action#output","","appears 24 times"
"200 no error","https://docs.createwithplay.com/en/articles/photo-picker-action#output-types","","appears 24 times"
"200 no error","https://docs.createwithplay.com/en/articles/arrays#h_00f7b1ee4a","","appears 24 times"
"200 no error","https://docs.createwithplay.com/en/articles/reload-alert-action#content-area","","appears 5 times"
"200 no error","https://docs.createwithplay.com/en/articles/reload-alert-action#overview","","appears 10 times"
"200 no error","https://docs.createwithplay.com/en/articles/reload-alert-action#action-properties","","appears 10 times"
"200 no error","https://docs.createwithplay.com/en/articles/reload-alert-action#target","","appears 10 times"
"200 no error","https://docs.createwithplay.com/en/articles/progressive-blur-action#content-area","","appears 7 times"
"200 no error","https://docs.createwithplay.com/en/articles/progressive-blur-action#overview","","appears 14 times"
"200 no error","https://docs.createwithplay.com/en/articles/progressive-blur-action#action-properties","","appears 14 times"
"200 no error","https://docs.createwithplay.com/en/articles/progressive-blur-action#target","","appears 14 times"
"200 no error","https://docs.createwithplay.com/en/articles/progressive-blur-action#value","","appears 14 times"
"200 no error","https://docs.createwithplay.com/en/articles/progressive-blur-action#animate","","appears 14 times"
"200 no error","https://docs.createwithplay.com/en/articles/rive-set-text-action#content-area","","appears 7 times"
"200 no error","https://docs.createwithplay.com/en/articles/rive-set-text-action#overview","","appears 14 times"
"200 no error","https://docs.createwithplay.com/en/articles/rive-set-text-action#action-properties","","appears 14 times"
"200 no error","https://docs.createwithplay.com/en/articles/rive-set-text-action#target","","appears 14 times"
"200 no error","https://docs.createwithplay.com/en/articles/rive-set-text-action#text-name","","appears 14 times"
"200 no error","https://docs.createwithplay.com/en/articles/rive-set-text-action#value","","appears 14 times"
"200 no error","https://docs.createwithplay.com/en/articles/rive-set-data-model-property-action#content-area","","appears 8 times"
"200 no error","https://docs.createwithplay.com/en/articles/rive-set-data-model-property-action#overview","","appears 16 times"
"200 no error","https://docs.createwithplay.com/en/articles/rive-set-data-model-property-action#action-properties","","appears 16 times"
"200 no error","https://docs.createwithplay.com/en/articles/rive-set-data-model-property-action#target","","appears 16 times"
"200 no error","https://docs.createwithplay.com/en/articles/rive-set-data-model-property-action#view-model","","appears 16 times"
"200 no error","https://docs.createwithplay.com/en/articles/rive-set-data-model-property-action#property","","appears 16 times"
"200 no error","https://docs.createwithplay.com/en/articles/rive-set-data-model-property-action#value","","appears 16 times"
"200 no error","https://docs.createwithplay.com/en/articles/remove-action#content-area","","appears 9 times"
"200 no error","https://docs.createwithplay.com/en/articles/remove-action#overview","","appears 18 times"
"200 no error","https://docs.createwithplay.com/en/articles/remove-action#action-properties","","appears 18 times"
"200 no error","https://docs.createwithplay.com/en/articles/remove-action#target","","appears 18 times"
"200 no error","https://docs.createwithplay.com/en/articles/remove-action#animate-out","","appears 18 times"
"200 no error","https://docs.createwithplay.com/en/articles/remove-action#remove-child","","appears 18 times"
"200 no error","https://docs.createwithplay.com/en/articles/remove-action#index","","appears 18 times"
"200 no error","https://docs.createwithplay.com/en/articles/remove-action#resources","","appears 18 times"
"200 no error","https://docs.createwithplay.com/en/articles/reset-all-properties-action#content-area","","appears 6 times"
"200 no error","https://docs.createwithplay.com/en/articles/reset-all-properties-action#overview","","appears 12 times"
"200 no error","https://docs.createwithplay.com/en/articles/reset-all-properties-action#action-properties","","appears 12 times"
"200 no error","https://docs.createwithplay.com/en/articles/reset-all-properties-action#target","","appears 12 times"
"200 no error","https://docs.createwithplay.com/en/articles/reset-all-properties-action#animate","","appears 12 times"
"200 no error","https://docs.createwithplay.com/en/articles/reload-menu-action#content-area","","appears 5 times"
"200 no error","https://docs.createwithplay.com/en/articles/reload-menu-action#overview","","appears 10 times"
"200 no error","https://docs.createwithplay.com/en/articles/reload-menu-action#action-properties","","appears 10 times"
"200 no error","https://docs.createwithplay.com/en/articles/reload-menu-action#target","","appears 10 times"
"200 no error","https://docs.createwithplay.com/en/articles/print-action#content-area","","appears 7 times"
"200 no error","https://docs.createwithplay.com/en/articles/print-action#overview","","appears 14 times"
"200 no error","https://docs.createwithplay.com/en/articles/print-action#action-properties","","appears 14 times"
"200 no error","https://docs.createwithplay.com/en/articles/print-action#title","","appears 14 times"
"200 no error","https://docs.createwithplay.com/en/articles/print-action#value","","appears 14 times"
"200 no error","https://docs.createwithplay.com/en/articles/print-action#debugging-with-print-actions","","appears 14 times"
"200 no error","https://docs.createwithplay.com/en/articles/round-number-action#content-area","","appears 8 times"
"200 no error","https://docs.createwithplay.com/en/articles/round-number-action#overview","","appears 16 times"
"200 no error","https://docs.createwithplay.com/en/articles/round-number-action#action-properties","","appears 16 times"
"200 no error","https://docs.createwithplay.com/en/articles/round-number-action#target","","appears 16 times"
"200 no error","https://docs.createwithplay.com/en/articles/round-number-action#variable","","appears 16 times"
"200 no error","https://docs.createwithplay.com/en/articles/round-number-action#before-decimal","","appears 16 times"
"200 no error","https://docs.createwithplay.com/en/articles/round-number-action#after-decimal","","appears 16 times"
"200 no error","https://docs.createwithplay.com/en/articles/rive-set-view-model-action#content-area","","appears 13 times"
"200 no error","https://docs.createwithplay.com/en/articles/rive-set-view-model-action#overview","","appears 26 times"
"200 no error","https://docs.createwithplay.com/en/articles/rive-set-view-model-action#action-properties","","appears 26 times"
"200 no error","https://docs.createwithplay.com/en/articles/rive-set-view-model-action#target","","appears 26 times"
"200 no error","https://docs.createwithplay.com/en/articles/rive-set-view-model-action#type","","appears 26 times"
"200 no error","https://docs.createwithplay.com/en/articles/rive-set-view-model-action#artboard","","appears 13 times"
"200 no error","https://docs.createwithplay.com/en/articles/rive-set-view-model-action#view-model","","appears 13 times"
"200 no error","https://docs.createwithplay.com/en/articles/rive-set-view-model-action#instance","","appears 13 times"
"200 no error","https://docs.createwithplay.com/en/articles/rive-set-view-model-action#view-model-2","","appears 13 times"
"200 no error","https://docs.createwithplay.com/en/articles/rive-set-view-model-action#instance-2","","appears 13 times"
"200 no error","https://docs.createwithplay.com/en/articles/rive-set-view-model-action#to-view-model","","appears 13 times"
"200 no error","https://docs.createwithplay.com/en/articles/rive-set-view-model-action#to-instance","","appears 13 times"
"200 no error","https://docs.createwithplay.com/en/articles/set-activity-indicator-action#content-area","","appears 6 times"
"200 no error","https://docs.createwithplay.com/en/articles/set-activity-indicator-action#overview","","appears 12 times"
"200 no error","https://docs.createwithplay.com/en/articles/set-activity-indicator-action#action-properties","","appears 12 times"
"200 no error","https://docs.createwithplay.com/en/articles/set-activity-indicator-action#target","","appears 12 times"
"200 no error","https://docs.createwithplay.com/en/articles/set-activity-indicator-action#type","","appears 12 times"
"200 no error","https://docs.createwithplay.com/en/articles/set-array-action#content-area","","appears 8 times"
"200 no error","https://docs.createwithplay.com/en/articles/set-array-action#overview","","appears 16 times"
"200 no error","https://docs.createwithplay.com/en/articles/set-array-action#action-properties","","appears 16 times"
"200 no error","https://docs.createwithplay.com/en/articles/set-array-action#variable","","appears 16 times"
"200 no error","https://docs.createwithplay.com/en/articles/set-array-action#action","","appears 16 times"
"200 no error","https://docs.createwithplay.com/en/articles/set-array-action#value","","appears 16 times"
"200 no error","https://docs.createwithplay.com/en/articles/set-array-action#index","","appears 16 times"
"200 no error","https://docs.createwithplay.com/en/articles/rive-set-data-model-list-action#content-area","","appears 21 times"
"200 no error","https://docs.createwithplay.com/en/articles/rive-set-data-model-list-action#overview","","appears 42 times"
"200 no error","https://docs.createwithplay.com/en/articles/rive-set-data-model-list-action#action-properties","","appears 42 times"
"200 no error","https://docs.createwithplay.com/en/articles/rive-set-data-model-list-action#target","","appears 42 times"
"200 no error","https://docs.createwithplay.com/en/articles/rive-set-data-model-list-action#view-model","","appears 42 times"
"200 no error","https://docs.createwithplay.com/en/articles/rive-set-data-model-list-action#list","","appears 42 times"
"200 no error","https://docs.createwithplay.com/en/articles/rive-set-data-model-list-action#action","","appears 42 times"
"200 no error","https://docs.createwithplay.com/en/articles/rive-set-data-model-list-action#view-model-2","","appears 21 times"
"200 no error","https://docs.createwithplay.com/en/articles/rive-set-data-model-list-action#instance","","appears 21 times"
"200 no error","https://docs.createwithplay.com/en/articles/rive-set-data-model-list-action#view-model-3","","appears 21 times"
"200 no error","https://docs.createwithplay.com/en/articles/rive-set-data-model-list-action#instance-2","","appears 21 times"
"200 no error","https://docs.createwithplay.com/en/articles/rive-set-data-model-list-action#index","","appears 21 times"
"200 no error","https://docs.createwithplay.com/en/articles/rive-set-data-model-list-action#view-model-4","","appears 21 times"
"200 no error","https://docs.createwithplay.com/en/articles/rive-set-data-model-list-action#property","","appears 21 times"
"200 no error","https://docs.createwithplay.com/en/articles/rive-set-data-model-list-action#index-2","","appears 42 times"
"200 no error","https://docs.createwithplay.com/en/articles/rive-set-data-model-list-action#value","","appears 21 times"
"200 no error","https://docs.createwithplay.com/en/articles/rive-set-data-model-list-action#index-1","","appears 21 times"
"200 no error","https://docs.createwithplay.com/en/articles/rive-set-data-model-list-action#view-model-5","","appears 21 times"
"200 no error","https://docs.createwithplay.com/en/articles/rive-set-data-model-list-action#instance-3","","appears 21 times"
"200 no error","https://docs.createwithplay.com/en/articles/rive-set-data-model-list-action#index-3","","appears 21 times"
"200 no error","https://docs.createwithplay.com/en/articles/set-focus-action#content-area","","appears 8 times"
"200 no error","https://docs.createwithplay.com/en/articles/set-focus-action#overview","","appears 16 times"
"200 no error","https://docs.createwithplay.com/en/articles/set-focus-action#action-properties","","appears 16 times"
"200 no error","https://docs.createwithplay.com/en/articles/set-focus-action#direction","","appears 16 times"
"200 no error","https://docs.createwithplay.com/en/articles/set-focus-action#text","","appears 16 times"
"200 no error","https://docs.createwithplay.com/en/articles/set-focus-action#start-tag","","appears 16 times"
"200 no error","https://docs.createwithplay.com/en/articles/set-focus-action#wrap","","appears 16 times"
"200 no error","https://docs.createwithplay.com/en/articles/set-event-action#content-area","","appears 6 times"
"200 no error","https://docs.createwithplay.com/en/articles/set-event-action#overview","","appears 12 times"
"200 no error","https://docs.createwithplay.com/en/articles/set-event-action#action-properties","","appears 12 times"
"200 no error","https://docs.createwithplay.com/en/articles/set-event-action#event","","appears 12 times"
"200 no error","https://docs.createwithplay.com/en/articles/set-event-action#delay","","appears 12 times"
"200 no error","https://docs.createwithplay.com/en/articles/set-appearance-action#content-area","","appears 7 times"
"200 no error","https://docs.createwithplay.com/en/articles/set-appearance-action#overview","","appears 14 times"
"200 no error","https://docs.createwithplay.com/en/articles/set-appearance-action#action-properties","","appears 14 times"
"200 no error","https://docs.createwithplay.com/en/articles/set-appearance-action#type","","appears 14 times"
"200 no error","https://docs.createwithplay.com/en/articles/set-appearance-action#target","","appears 14 times"
"200 no error","https://docs.createwithplay.com/en/articles/set-appearance-action#ui-appearance","","appears 14 times"
"200 no error","https://docs.createwithplay.com/en/articles/set-color-action#content-area","","appears 7 times"
"200 no error","https://docs.createwithplay.com/en/articles/set-color-action#overview","","appears 14 times"
"200 no error","https://docs.createwithplay.com/en/articles/set-color-action#properties","","appears 14 times"
"200 no error","https://docs.createwithplay.com/en/articles/set-color-action#target","","appears 14 times"
"200 no error","https://docs.createwithplay.com/en/articles/set-color-action#property","","appears 14 times"
"200 no error","https://docs.createwithplay.com/en/articles/set-color-action#set-to","","appears 14 times"
"200 no error","https://docs.createwithplay.com/en/articles/set-audio-mute-action#content-area","","appears 6 times"
"200 no error","https://docs.createwithplay.com/en/articles/set-audio-mute-action#overview","","appears 12 times"
"200 no error","https://docs.createwithplay.com/en/articles/set-audio-mute-action#action-properties","","appears 12 times"
"200 no error","https://docs.createwithplay.com/en/articles/set-audio-mute-action#audio","","appears 12 times"
"200 no error","https://docs.createwithplay.com/en/articles/set-audio-mute-action#mute","","appears 12 times"
"200 no error","https://docs.createwithplay.com/en/articles/set-audio-action#content-area","","appears 20 times"
"200 no error","https://docs.createwithplay.com/en/articles/set-audio-action#overview","","appears 40 times"
"200 no error","https://docs.createwithplay.com/en/articles/set-audio-action#action-properties","","appears 40 times"
"200 no error","https://docs.createwithplay.com/en/articles/set-audio-action#audio","","appears 40 times"
"200 no error","https://docs.createwithplay.com/en/articles/set-audio-action#playback","","appears 40 times"
"200 no error","https://docs.createwithplay.com/en/articles/set-audio-action#play-playback-properties","","appears 40 times"
"200 no error","https://docs.createwithplay.com/en/articles/set-audio-action#return-to-start-on-end","","appears 40 times"
"200 no error","https://docs.createwithplay.com/en/articles/set-audio-action#play-at-playback-properties","","appears 40 times"
"200 no error","https://docs.createwithplay.com/en/articles/set-audio-action#time","","appears 40 times"
"200 no error","https://docs.createwithplay.com/en/articles/set-audio-action#return-to-start-on-end-2","","appears 40 times"
"200 no error","https://docs.createwithplay.com/en/articles/set-audio-action#seek-playback-properties","","appears 40 times"
"200 no error","https://docs.createwithplay.com/en/articles/set-audio-action#type","","appears 40 times"
"200 no error","https://docs.createwithplay.com/en/articles/set-audio-action#rate-playback-properties","","appears 40 times"
"200 no error","https://docs.createwithplay.com/en/articles/set-audio-action#rate","","appears 40 times"
"200 no error","https://docs.createwithplay.com/en/articles/set-audio-action#pan-playback-properties","","appears 40 times"
"200 no error","https://docs.createwithplay.com/en/articles/set-audio-action#pan","","appears 40 times"
"200 no error","https://docs.createwithplay.com/en/articles/set-audio-action#repeat-playback-properties","","appears 40 times"
"200 no error","https://docs.createwithplay.com/en/articles/set-audio-action#repeat","","appears 40 times"
"200 no error","https://docs.createwithplay.com/en/articles/set-audio-action#resources","","appears 40 times"
"200 no error","https://docs.createwithplay.com/en/articles/set-audio-volume-action#content-area","","appears 6 times"
"200 no error","https://docs.createwithplay.com/en/articles/set-audio-volume-action#overview","","appears 12 times"
"200 no error","https://docs.createwithplay.com/en/articles/set-audio-volume-action#action-properties","","appears 12 times"
"200 no error","https://docs.createwithplay.com/en/articles/set-audio-volume-action#audio","","appears 12 times"
"200 no error","https://docs.createwithplay.com/en/articles/set-audio-volume-action#volume","","appears 12 times"
"200 no error","https://docs.createwithplay.com/en/articles/set-image-action#content-area","","appears 13 times"
"200 no error","https://docs.createwithplay.com/en/articles/set-image-action#overview","","appears 26 times"
"200 no error","https://docs.createwithplay.com/en/articles/set-image-action#action-properties","","appears 26 times"
"200 no error","https://docs.createwithplay.com/en/articles/set-image-action#target","","appears 26 times"
"200 no error","https://docs.createwithplay.com/en/articles/set-image-action#image","","appears 26 times"
"200 no error","https://docs.createwithplay.com/en/articles/set-image-action#remove-current-image","","appears 26 times"
"200 no error","https://docs.createwithplay.com/en/articles/set-image-action#transition","","appears 26 times"
"200 no error","https://docs.createwithplay.com/en/articles/set-image-action#delay","","appears 26 times"
"200 no error","https://docs.createwithplay.com/en/articles/set-image-action#duration","","appears 26 times"
"200 no error","https://docs.createwithplay.com/en/articles/set-image-action#easing","","appears 26 times"
"200 no error","https://docs.createwithplay.com/en/articles/set-image-action#back-drop","","appears 26 times"
"200 no error","https://docs.createwithplay.com/en/articles/set-image-action#back-drop-opacity","","appears 26 times"
"200 no error","https://docs.createwithplay.com/en/articles/set-lens-action#content-area","","appears 9 times"
"200 no error","https://docs.createwithplay.com/en/articles/set-lens-action#overview","","appears 18 times"
"200 no error","https://docs.createwithplay.com/en/articles/set-lens-action#action-properties","","appears 18 times"
"200 no error","https://docs.createwithplay.com/en/articles/set-lens-action#target","","appears 18 times"
"200 no error","https://docs.createwithplay.com/en/articles/set-lens-action#mode","","appears 18 times"
"200 no error","https://docs.createwithplay.com/en/articles/set-lens-action#lens","","appears 18 times"
"200 no error","https://docs.createwithplay.com/en/articles/set-lens-action#digital-zoom","","appears 18 times"
"200 no error","https://docs.createwithplay.com/en/articles/set-lens-action#animate-zoom","","appears 18 times"
"200 no error","https://docs.createwithplay.com/en/articles/set-page-loader-action#content-area","","appears 11 times"
"200 no error","https://docs.createwithplay.com/en/articles/set-page-loader-action#overview","","appears 22 times"
"200 no error","https://docs.createwithplay.com/en/articles/set-page-loader-action#action-properties","","appears 22 times"
"200 no error","https://docs.createwithplay.com/en/articles/set-page-loader-action#target","","appears 22 times"
"200 no error","https://docs.createwithplay.com/en/articles/set-page-loader-action#select-page","","appears 22 times"
"200 no error","https://docs.createwithplay.com/en/articles/set-page-loader-action#remove-page","","appears 22 times"
"200 no error","https://docs.createwithplay.com/en/articles/set-page-loader-action#animation","","appears 22 times"
"200 no error","https://docs.createwithplay.com/en/articles/set-page-loader-action#delay","","appears 22 times"
"200 no error","https://docs.createwithplay.com/en/articles/set-page-loader-action#duration","","appears 22 times"
"200 no error","https://docs.createwithplay.com/en/articles/set-page-loader-action#easing","","appears 22 times"
"200 no error","https://docs.createwithplay.com/en/articles/set-haptic-action#content-area","","appears 7 times"
"200 no error","https://docs.createwithplay.com/en/articles/set-haptic-action#overview","","appears 14 times"
"200 no error","https://docs.createwithplay.com/en/articles/set-haptic-action#action-properties","","appears 14 times"
"200 no error","https://docs.createwithplay.com/en/articles/set-haptic-action#type","","appears 14 times"
"200 no error","https://docs.createwithplay.com/en/articles/set-haptic-action#file","","appears 14 times"
"200 no error","https://docs.createwithplay.com/en/articles/set-haptic-action#resources","","appears 14 times"
"200 no error","https://docs.createwithplay.com/en/articles/set-map-location-action#content-area","","appears 12 times"
"200 no error","https://docs.createwithplay.com/en/articles/set-map-location-action#overview","","appears 24 times"
"200 no error","https://docs.createwithplay.com/en/articles/set-map-location-action#action-properties","","appears 24 times"
"200 no error","https://docs.createwithplay.com/en/articles/set-map-location-action#map","","appears 24 times"
"200 no error","https://docs.createwithplay.com/en/articles/set-map-location-action#type","","appears 24 times"
"200 no error","https://docs.createwithplay.com/en/articles/set-map-location-action#latitude","","appears 24 times"
"200 no error","https://docs.createwithplay.com/en/articles/set-map-location-action#longitude","","appears 24 times"
"200 no error","https://docs.createwithplay.com/en/articles/set-map-location-action#altitude","","appears 24 times"
"200 no error","https://docs.createwithplay.com/en/articles/set-map-location-action#offset-x","","appears 24 times"
"200 no error","https://docs.createwithplay.com/en/articles/set-map-location-action#offset-y","","appears 24 times"
"200 no error","https://docs.createwithplay.com/en/articles/set-map-location-action#animate","","appears 24 times"
"200 no error","https://docs.createwithplay.com/en/articles/set-preview-action#content-area","","appears 8 times"
"200 no error","https://docs.createwithplay.com/en/articles/set-preview-action#overview","","appears 16 times"
"200 no error","https://docs.createwithplay.com/en/articles/set-preview-action#action-properties","","appears 16 times"
"200 no error","https://docs.createwithplay.com/en/articles/set-preview-action#target","","appears 16 times"
"200 no error","https://docs.createwithplay.com/en/articles/set-preview-action#preview","","appears 16 times"
"200 no error","https://docs.createwithplay.com/en/articles/set-preview-action#preview-quality","","appears 16 times"
"200 no error","https://docs.createwithplay.com/en/articles/set-preview-action#preview-fps","","appears 16 times"
"200 no error","https://docs.createwithplay.com/en/articles/set-rive-artboard-action#content-area","","appears 7 times"
"200 no error","https://docs.createwithplay.com/en/articles/set-rive-artboard-action#overview","","appears 14 times"
"200 no error","https://docs.createwithplay.com/en/articles/set-rive-artboard-action#action-properties","","appears 14 times"
"200 no error","https://docs.createwithplay.com/en/articles/set-rive-artboard-action#target","","appears 14 times"
"200 no error","https://docs.createwithplay.com/en/articles/set-rive-artboard-action#artboard","","appears 14 times"
"200 no error","https://docs.createwithplay.com/en/articles/set-rive-artboard-action#state-machine","","appears 14 times"
"200 no error","https://docs.createwithplay.com/en/articles/set-rive-input-action#content-area","","appears 8 times"
"200 no error","https://docs.createwithplay.com/en/articles/set-rive-input-action#overview","","appears 16 times"
"200 no error","https://docs.createwithplay.com/en/articles/set-rive-input-action#action-properties","","appears 16 times"
"200 no error","https://docs.createwithplay.com/en/articles/set-rive-input-action#target","","appears 16 times"
"200 no error","https://docs.createwithplay.com/en/articles/set-rive-input-action#artboard","","appears 16 times"
"200 no error","https://docs.createwithplay.com/en/articles/set-rive-input-action#state-machine","","appears 16 times"
"200 no error","https://docs.createwithplay.com/en/articles/set-rive-input-action#input","","appears 16 times"
"200 no error","https://docs.createwithplay.com/en/articles/set-map-pin-action#content-area","","appears 10 times"
"200 no error","https://docs.createwithplay.com/en/articles/set-map-pin-action#overview","","appears 20 times"
"200 no error","https://docs.createwithplay.com/en/articles/set-map-pin-action#action-properties","","appears 20 times"
"200 no error","https://docs.createwithplay.com/en/articles/set-map-pin-action#type","","appears 20 times"
"200 no error","https://docs.createwithplay.com/en/articles/set-map-pin-action#map","","appears 20 times"
"200 no error","https://docs.createwithplay.com/en/articles/set-map-pin-action#pin","","appears 20 times"
"200 no error","https://docs.createwithplay.com/en/articles/set-map-pin-action#move-to-pin","","appears 20 times"
"200 no error","https://docs.createwithplay.com/en/articles/set-map-pin-action#animate","","appears 20 times"
"200 no error","https://docs.createwithplay.com/en/articles/set-map-pin-action#resources","","appears 20 times"
"200 no error","https://docs.createwithplay.com/en/articles/set-sf-symbol-action#content-area","","appears 11 times"
"200 no error","https://docs.createwithplay.com/en/articles/set-sf-symbol-action#overview","","appears 22 times"
"200 no error","https://docs.createwithplay.com/en/articles/set-sf-symbol-action#action-properties","","appears 22 times"
"200 no error","https://docs.createwithplay.com/en/articles/set-sf-symbol-action#target","","appears 22 times"
"200 no error","https://docs.createwithplay.com/en/articles/set-sf-symbol-action#symbol","","appears 22 times"
"200 no error","https://docs.createwithplay.com/en/articles/set-sf-symbol-action#variable-progress","","appears 22 times"
"200 no error","https://docs.createwithplay.com/en/articles/set-sf-symbol-action#replace-animation","","appears 22 times"
"200 no error","https://docs.createwithplay.com/en/articles/set-sf-symbol-action#by-layer","","appears 22 times"
"200 no error","https://docs.createwithplay.com/en/articles/set-sf-symbol-action#direction","","appears 22 times"
"200 no error","https://docs.createwithplay.com/en/articles/set-sf-symbol-action#resources","","appears 22 times"
"200 no error","https://docs.createwithplay.com/en/articles/set-property-action#content-area","","appears 8 times"
"200 no error","https://docs.createwithplay.com/en/articles/set-property-action#overview","","appears 16 times"
"200 no error","https://docs.createwithplay.com/en/articles/set-property-action#action-properties","","appears 16 times"
"200 no error","https://docs.createwithplay.com/en/articles/set-property-action#target","","appears 16 times"
"200 no error","https://docs.createwithplay.com/en/articles/set-property-action#property","","appears 16 times"
"200 no error","https://docs.createwithplay.com/en/articles/set-property-action#value","","appears 16 times"
"200 no error","https://docs.createwithplay.com/en/articles/set-property-action#animate","","appears 16 times"
"200 no error","https://docs.createwithplay.com/en/articles/set-rive-mute-action#content-area","","appears 6 times"
"200 no error","https://docs.createwithplay.com/en/articles/set-rive-mute-action#overview","","appears 12 times"
"200 no error","https://docs.createwithplay.com/en/articles/set-rive-mute-action#action-properties","","appears 12 times"
"200 no error","https://docs.createwithplay.com/en/articles/set-rive-mute-action#target","","appears 12 times"
"200 no error","https://docs.createwithplay.com/en/articles/set-rive-mute-action#mute","","appears 12 times"
"200 no error","https://docs.createwithplay.com/en/articles/set-rive-volume#content-area","","appears 6 times"
"200 no error","https://docs.createwithplay.com/en/articles/set-rive-volume#overview","","appears 12 times"
"200 no error","https://docs.createwithplay.com/en/articles/set-rive-volume#action-properties","","appears 12 times"
"200 no error","https://docs.createwithplay.com/en/articles/set-rive-volume#target","","appears 12 times"
"200 no error","https://docs.createwithplay.com/en/articles/set-rive-volume#volume","","appears 12 times"
"200 no error","https://docs.createwithplay.com/en/articles/set-scroll-x-y-actions#content-area","","appears 9 times"
"200 no error","https://docs.createwithplay.com/en/articles/set-scroll-x-y-actions#overview","","appears 18 times"
"200 no error","https://docs.createwithplay.com/en/articles/set-scroll-x-y-actions#action-properties","","appears 18 times"
"200 no error","https://docs.createwithplay.com/en/articles/set-scroll-x-y-actions#target","","appears 18 times"
"200 no error","https://docs.createwithplay.com/en/articles/set-scroll-x-y-actions#type","","appears 18 times"
"200 no error","https://docs.createwithplay.com/en/articles/set-scroll-x-y-actions#value","","appears 18 times"
"200 no error","https://docs.createwithplay.com/en/articles/set-scroll-x-y-actions#alignment","","appears 18 times"
"200 no error","https://docs.createwithplay.com/en/articles/set-scroll-x-y-actions#animate","","appears 18 times"
"200 no error","https://docs.createwithplay.com/en/articles/set-segment-action#content-area","","appears 6 times"
"200 no error","https://docs.createwithplay.com/en/articles/set-segment-action#overview","","appears 12 times"
"200 no error","https://docs.createwithplay.com/en/articles/set-segment-action#action-properties","","appears 12 times"
"200 no error","https://docs.createwithplay.com/en/articles/set-segment-action#target","","appears 12 times"
"200 no error","https://docs.createwithplay.com/en/articles/set-segment-action#segment","","appears 12 times"
"200 no error","https://docs.createwithplay.com/en/articles/set-rive-playback-action#content-area","","appears 6 times"
"200 no error","https://docs.createwithplay.com/en/articles/set-rive-playback-action#overview","","appears 12 times"
"200 no error","https://docs.createwithplay.com/en/articles/set-rive-playback-action#action-properties","","appears 12 times"
"200 no error","https://docs.createwithplay.com/en/articles/set-rive-playback-action#target","","appears 12 times"
"200 no error","https://docs.createwithplay.com/en/articles/set-rive-playback-action#playback","","appears 12 times"
"200 no error","https://docs.createwithplay.com/en/articles/set-sf-symbol-effect-action#content-area","","appears 25 times"
"200 no error","https://docs.createwithplay.com/en/articles/set-sf-symbol-effect-action#overview","","appears 50 times"
"200 no error","https://docs.createwithplay.com/en/articles/set-sf-symbol-effect-action#action-properties","","appears 50 times"
"200 no error","https://docs.createwithplay.com/en/articles/set-sf-symbol-effect-action#target","","appears 50 times"
"200 no error","https://docs.createwithplay.com/en/articles/set-sf-symbol-effect-action#animation","","appears 50 times"
"200 no error","https://docs.createwithplay.com/en/articles/set-sf-symbol-effect-action#direction","","appears 25 times"
"200 no error","https://docs.createwithplay.com/en/articles/set-sf-symbol-effect-action#direction-2","","appears 25 times"
"200 no error","https://docs.createwithplay.com/en/articles/set-sf-symbol-effect-action#scope","","appears 25 times"
"200 no error","https://docs.createwithplay.com/en/articles/set-sf-symbol-effect-action#scope-2","","appears 25 times"
"200 no error","https://docs.createwithplay.com/en/articles/set-sf-symbol-effect-action#by-layer","","appears 25 times"
"200 no error","https://docs.createwithplay.com/en/articles/set-sf-symbol-effect-action#speed","","appears 25 times"
"200 no error","https://docs.createwithplay.com/en/articles/set-sf-symbol-effect-action#repeat","","appears 25 times"
"200 no error","https://docs.createwithplay.com/en/articles/set-sf-symbol-effect-action#direction-3","","appears 25 times"
"200 no error","https://docs.createwithplay.com/en/articles/set-sf-symbol-effect-action#by-layer-2","","appears 25 times"
"200 no error","https://docs.createwithplay.com/en/articles/set-sf-symbol-effect-action#speed-2","","appears 25 times"
"200 no error","https://docs.createwithplay.com/en/articles/set-sf-symbol-effect-action#repeat-2","","appears 25 times"
"200 no error","https://docs.createwithplay.com/en/articles/set-sf-symbol-effect-action#direction-4","","appears 25 times"
"200 no error","https://docs.createwithplay.com/en/articles/set-sf-symbol-effect-action#by-layer-3","","appears 25 times"
"200 no error","https://docs.createwithplay.com/en/articles/set-sf-symbol-effect-action#speed-3","","appears 25 times"
"200 no error","https://docs.createwithplay.com/en/articles/set-sf-symbol-effect-action#layer-style","","appears 25 times"
"200 no error","https://docs.createwithplay.com/en/articles/set-sf-symbol-effect-action#hide-inactive-layers","","appears 25 times"
"200 no error","https://docs.createwithplay.com/en/articles/set-sf-symbol-effect-action#auto-reverse","","appears 25 times"
"200 no error","https://docs.createwithplay.com/en/articles/set-sf-symbol-effect-action#speed-4","","appears 25 times"
"200 no error","https://docs.createwithplay.com/en/articles/set-sf-symbol-effect-action#repeat-3","","appears 25 times"
"200 no error","https://docs.createwithplay.com/en/articles/set-shadow-action#content-area","","appears 13 times"
"200 no error","https://docs.createwithplay.com/en/articles/set-shadow-action#overview","","appears 26 times"
"200 no error","https://docs.createwithplay.com/en/articles/set-shadow-action#action-properties","","appears 26 times"
"200 no error","https://docs.createwithplay.com/en/articles/set-shadow-action#target","","appears 26 times"
"200 no error","https://docs.createwithplay.com/en/articles/set-shadow-action#shadow-index","","appears 26 times"
"200 no error","https://docs.createwithplay.com/en/articles/set-shadow-action#offset-x-&-y","","appears 13 times"
"200 no error","https://docs.createwithplay.com/en/articles/set-shadow-action#blur","","appears 26 times"
"200 no error","https://docs.createwithplay.com/en/articles/set-shadow-action#spread","","appears 26 times"
"200 no error","https://docs.createwithplay.com/en/articles/set-shadow-action#opacity","","appears 26 times"
"200 no error","https://docs.createwithplay.com/en/articles/set-shadow-action#color","","appears 26 times"
"200 no error","https://docs.createwithplay.com/en/articles/set-shadow-action#animate","","appears 26 times"
"200 no error","https://docs.createwithplay.com/en/articles/set-shadow-action#offset-x-&-y","","appears 13 times"
"200 no error","https://docs.createwithplay.com/en/articles/set-sheet-detent-action#content-area","","appears 6 times"
"200 no error","https://docs.createwithplay.com/en/articles/set-sheet-detent-action#overview","","appears 12 times"
"200 no error","https://docs.createwithplay.com/en/articles/set-sheet-detent-action#action-properties","","appears 12 times"
"200 no error","https://docs.createwithplay.com/en/articles/set-sheet-detent-action#detent","","appears 12 times"
"200 no error","https://docs.createwithplay.com/en/articles/set-sheet-detent-action#animate","","appears 12 times"
"200 no error","https://docs.createwithplay.com/en/articles/set-text-action#content-area","","appears 8 times"
"200 no error","https://docs.createwithplay.com/en/articles/set-text-action#overview","","appears 16 times"
"200 no error","https://docs.createwithplay.com/en/articles/set-text-action#action-properties","","appears 16 times"
"200 no error","https://docs.createwithplay.com/en/articles/set-text-action#target","","appears 16 times"
"200 no error","https://docs.createwithplay.com/en/articles/set-text-action#text","","appears 16 times"
"200 no error","https://docs.createwithplay.com/en/articles/set-text-action#delay","","appears 16 times"
"200 no error","https://docs.createwithplay.com/en/articles/set-text-action#resources","","appears 16 times"
"200 no error","https://docs.createwithplay.com/en/articles/set-status-bar-action#content-area","","appears 7 times"
"200 no error","https://docs.createwithplay.com/en/articles/set-status-bar-action#overview","","appears 14 times"
"200 no error","https://docs.createwithplay.com/en/articles/set-status-bar-action#action-properties","","appears 14 times"
"200 no error","https://docs.createwithplay.com/en/articles/set-status-bar-action#appearance","","appears 14 times"
"200 no error","https://docs.createwithplay.com/en/articles/set-status-bar-action#show-status-bar","","appears 14 times"
"200 no error","https://docs.createwithplay.com/en/articles/set-status-bar-action#animate","","appears 14 times"
"200 no error","https://docs.createwithplay.com/en/articles/set-state-action#content-area","","appears 9 times"
"200 no error","https://docs.createwithplay.com/en/articles/set-state-action#overview","","appears 18 times"
"200 no error","https://docs.createwithplay.com/en/articles/set-state-action#action-properties","","appears 18 times"
"200 no error","https://docs.createwithplay.com/en/articles/set-state-action#target","","appears 18 times"
"200 no error","https://docs.createwithplay.com/en/articles/set-state-action#state","","appears 18 times"
"200 no error","https://docs.createwithplay.com/en/articles/set-state-action#invert-other-instances","","appears 18 times"
"200 no error","https://docs.createwithplay.com/en/articles/set-state-action#animate","","appears 18 times"
"200 no error","https://docs.createwithplay.com/en/articles/set-state-action#resources","","appears 18 times"
"200 no error","https://docs.createwithplay.com/en/articles/start-and-stop-speech-actions#content-area","","appears 7 times"
"200 no error","https://docs.createwithplay.com/en/articles/start-and-stop-speech-actions#overview","","appears 14 times"
"200 no error","https://docs.createwithplay.com/en/articles/start-and-stop-speech-actions#action-properties","","appears 14 times"
"200 no error","https://docs.createwithplay.com/en/articles/start-and-stop-speech-actions#target","","appears 14 times"
"200 no error","https://docs.createwithplay.com/en/articles/start-and-stop-speech-actions#speech","","appears 14 times"
"200 no error","https://docs.createwithplay.com/en/articles/start-and-stop-speech-actions#language","","appears 14 times"
"200 no error","https://docs.createwithplay.com/en/articles/speech-trigger#h_3b3c5058c1","","appears 7 times"
"200 no error","https://docs.createwithplay.com/en/articles/set-video-playback-action#content-area","","appears 7 times"
"200 no error","https://docs.createwithplay.com/en/articles/set-video-playback-action#overview","","appears 14 times"
"200 no error","https://docs.createwithplay.com/en/articles/set-video-playback-action#action-properties","","appears 14 times"
"200 no error","https://docs.createwithplay.com/en/articles/set-video-playback-action#target","","appears 14 times"
"200 no error","https://docs.createwithplay.com/en/articles/set-video-playback-action#playback","","appears 14 times"
"200 no error","https://docs.createwithplay.com/en/articles/set-video-playback-action#resources","","appears 14 times"
"200 no error","https://docs.createwithplay.com/en/articles/show-alert-action#content-area","","appears 6 times"
"200 no error","https://docs.createwithplay.com/en/articles/show-alert-action#overview","","appears 12 times"
"200 no error","https://docs.createwithplay.com/en/articles/show-alert-action#action-properties","","appears 12 times"
"200 no error","https://docs.createwithplay.com/en/articles/show-alert-action#target","","appears 12 times"
"200 no error","https://docs.createwithplay.com/en/articles/show-alert-action#alert","","appears 12 times"
"200 no error","https://docs.createwithplay.com/en/articles/start-and-stop-timer-actions#content-area","","appears 6 times"
"200 no error","https://docs.createwithplay.com/en/articles/start-and-stop-timer-actions#overview","","appears 12 times"
"200 no error","https://docs.createwithplay.com/en/articles/start-and-stop-timer-actions#action-properties","","appears 12 times"
"200 no error","https://docs.createwithplay.com/en/articles/start-and-stop-timer-actions#target","","appears 12 times"
"200 no error","https://docs.createwithplay.com/en/articles/start-and-stop-timer-actions#timer","","appears 12 times"
"200 no error","https://docs.createwithplay.com/en/articles/set-video-action#content-area","","appears 7 times"
"200 no error","https://docs.createwithplay.com/en/articles/set-video-action#overview","","appears 14 times"
"200 no error","https://docs.createwithplay.com/en/articles/set-video-action#action-properties","","appears 14 times"
"200 no error","https://docs.createwithplay.com/en/articles/set-video-action#target","","appears 14 times"
"200 no error","https://docs.createwithplay.com/en/articles/set-video-action#video","","appears 14 times"
"200 no error","https://docs.createwithplay.com/en/articles/set-video-action#remove-current-video","","appears 14 times"
"200 no error","https://docs.createwithplay.com/en/articles/toggle-tab-bar-action#content-area","","appears 6 times"
"200 no error","https://docs.createwithplay.com/en/articles/toggle-tab-bar-action#overview","","appears 12 times"
"200 no error","https://docs.createwithplay.com/en/articles/toggle-tab-bar-action#action-properties","","appears 12 times"
"200 no error","https://docs.createwithplay.com/en/articles/toggle-tab-bar-action#visibility","","appears 12 times"
"200 no error","https://docs.createwithplay.com/en/articles/toggle-tab-bar-action#animated","","appears 12 times"
"200 no error","https://docs.createwithplay.com/en/articles/snapshot-action#content-area","","appears 7 times"
"200 no error","https://docs.createwithplay.com/en/articles/snapshot-action#overview","","appears 14 times"
"200 no error","https://docs.createwithplay.com/en/articles/snapshot-action#action-properties","","appears 14 times"
"200 no error","https://docs.createwithplay.com/en/articles/snapshot-action#target","","appears 14 times"
"200 no error","https://docs.createwithplay.com/en/articles/snapshot-action#expression-editor-properties","","appears 14 times"
"200 no error","https://docs.createwithplay.com/en/articles/snapshot-action#snapshot-image","","appears 14 times"
"200 no error","https://docs.createwithplay.com/en/articles/sub-menu-action#content-area","","appears 11 times"
"200 no error","https://docs.createwithplay.com/en/articles/sub-menu-action#overview","","appears 22 times"
"200 no error","https://docs.createwithplay.com/en/articles/sub-menu-action#trigger-properties","","appears 22 times"
"200 no error","https://docs.createwithplay.com/en/articles/sub-menu-action#title","","appears 22 times"
"200 no error","https://docs.createwithplay.com/en/articles/sub-menu-action#subtitle","","appears 22 times"
"200 no error","https://docs.createwithplay.com/en/articles/sub-menu-action#image","","appears 22 times"
"200 no error","https://docs.createwithplay.com/en/articles/sub-menu-action#element-size","","appears 22 times"
"200 no error","https://docs.createwithplay.com/en/articles/sub-menu-action#display","","appears 22 times"
"200 no error","https://docs.createwithplay.com/en/articles/sub-menu-action#destructive","","appears 22 times"
"200 no error","https://docs.createwithplay.com/en/articles/sub-menu-action#single-selection","","appears 22 times"
"200 no error","https://docs.createwithplay.com/en/articles/waveform-toggle-live-action#content-area","","appears 7 times"
"200 no error","https://docs.createwithplay.com/en/articles/waveform-toggle-live-action#overview","","appears 14 times"
"200 no error","https://docs.createwithplay.com/en/articles/waveform-toggle-live-action#action-properties","","appears 14 times"
"200 no error","https://docs.createwithplay.com/en/articles/waveform-toggle-live-action#target","","appears 14 times"
"200 no error","https://docs.createwithplay.com/en/articles/waveform-toggle-live-action#listening","","appears 14 times"
"200 no error","https://docs.createwithplay.com/en/articles/waveform-toggle-live-action#resources","","appears 14 times"
"200 no error","https://docs.createwithplay.com/en/articles/tween-state-action#content-area","","appears 8 times"
"200 no error","https://docs.createwithplay.com/en/articles/tween-state-action#overview","","appears 16 times"
"200 no error","https://docs.createwithplay.com/en/articles/tween-state-action#action-properties","","appears 16 times"
"200 no error","https://docs.createwithplay.com/en/articles/tween-state-action#target","","appears 16 times"
"200 no error","https://docs.createwithplay.com/en/articles/tween-state-action#state","","appears 16 times"
"200 no error","https://docs.createwithplay.com/en/articles/tween-state-action#percent","","appears 16 times"
"200 no error","https://docs.createwithplay.com/en/articles/tween-state-action#resources","","appears 16 times"
"200 no error","https://docs.createwithplay.com/en/articles/toggle-nav-bar-action#content-area","","appears 6 times"
"200 no error","https://docs.createwithplay.com/en/articles/toggle-nav-bar-action#overview","","appears 12 times"
"200 no error","https://docs.createwithplay.com/en/articles/toggle-nav-bar-action#action-properties","","appears 12 times"
"200 no error","https://docs.createwithplay.com/en/articles/toggle-nav-bar-action#visibility","","appears 12 times"
"200 no error","https://docs.createwithplay.com/en/articles/toggle-nav-bar-action#animated","","appears 12 times"
"200 no error","https://docs.createwithplay.com/en/articles/waveform-set-input-action#content-area","","appears 6 times"
"200 no error","https://docs.createwithplay.com/en/articles/waveform-set-input-action#overview","","appears 12 times"
"200 no error","https://docs.createwithplay.com/en/articles/waveform-set-input-action#action-properties","","appears 12 times"
"200 no error","https://docs.createwithplay.com/en/articles/waveform-set-input-action#target","","appears 12 times"
"200 no error","https://docs.createwithplay.com/en/articles/waveform-set-input-action#input","","appears 12 times"
"200 no error","https://docs.createwithplay.com/en/articles/view-enter-exit-triggers#content-area","","appears 7 times"
"200 no error","https://docs.createwithplay.com/en/articles/view-enter-exit-triggers#overview","","appears 14 times"
"200 no error","https://docs.createwithplay.com/en/articles/view-enter-exit-triggers#action-properties","","appears 14 times"
"200 no error","https://docs.createwithplay.com/en/articles/view-enter-exit-triggers#view","","appears 14 times"
"200 no error","https://docs.createwithplay.com/en/articles/view-enter-exit-triggers#threshold","","appears 14 times"
"200 no error","https://docs.createwithplay.com/en/articles/view-enter-exit-triggers#trigger","","appears 14 times"
"200 no error","https://docs.createwithplay.com/en/articles/variables#content-area","","appears 11 times"
"200 no error","https://docs.createwithplay.com/en/articles/variables#overview","","appears 22 times"
"200 no error","https://docs.createwithplay.com/en/articles/variables#creating-a-variable","","appears 22 times"
"200 no error","https://docs.createwithplay.com/en/articles/variables#variable-scope","","appears 22 times"
"200 no error","https://docs.createwithplay.com/en/articles/variables#variable-properties","","appears 22 times"
"200 no error","https://docs.createwithplay.com/en/articles/variables#using-a-variable","","appears 22 times"
"200 no error","https://docs.createwithplay.com/en/articles/variables#set-variable","","appears 22 times"
"200 no error","https://docs.createwithplay.com/en/articles/variables#set-array","","appears 22 times"
"200 no error","https://docs.createwithplay.com/en/articles/variables#using-variables-as-values","","appears 22 times"
"200 no error","https://docs.createwithplay.com/en/articles/variables#variables-in-expressions-and-conditions","","appears 22 times"
"200 no error","https://docs.createwithplay.com/en/articles/condition#content-area","","appears 8 times"
"200 no error","https://docs.createwithplay.com/en/articles/condition#overview","","appears 16 times"
"200 no error","https://docs.createwithplay.com/en/articles/condition#creating-conditions-in-play","","appears 16 times"
"200 no error","https://docs.createwithplay.com/en/articles/condition#and-&-or","","appears 8 times"
"200 no error","https://docs.createwithplay.com/en/articles/condition#nested-conditions","","appears 16 times"
"200 no error","https://docs.createwithplay.com/en/articles/condition#and-&-or","","appears 8 times"
"200 no error","https://docs.createwithplay.com/en/articles/triggers#content-area","","appears 3 times"
"200 no error","https://docs.createwithplay.com/en/articles/triggers#overview","","appears 6 times"
"200 no error","https://docs.createwithplay.com/en/articles/prefabs#content-area","","appears 8 times"
"200 no error","https://docs.createwithplay.com/en/articles/prefabs#overview","","appears 16 times"
"200 no error","https://docs.createwithplay.com/en/articles/prefabs#adding-a-prefab","","appears 16 times"
"200 no error","https://docs.createwithplay.com/en/articles/prefabs#action-prefabs","","appears 16 times"
"200 no error","https://docs.createwithplay.com/en/articles/prefabs#renaming-prefabs","","appears 16 times"
"200 no error","https://docs.createwithplay.com/en/articles/prefabs#prefab-controls","","appears 16 times"
"200 no error","https://docs.createwithplay.com/en/articles/prefabs#editing-prefabs","","appears 16 times"
"200 no error","https://docs.createwithplay.com/en/articles/as-text","","appears 62 times"
"200 no error","https://docs.createwithplay.com/en/articles/share-app-clip#content-area","","appears 6 times"
"200 no error","https://docs.createwithplay.com/en/articles/share-app-clip#overview","","appears 12 times"
"200 no error","https://docs.createwithplay.com/en/articles/share-app-clip#generate-an-app-clip-link","","appears 12 times"
"200 no error","https://docs.createwithplay.com/en/articles/share-app-clip#from-the-lobby","","appears 6 times"
"200 no error","https://docs.createwithplay.com/en/articles/share-app-clip#from-the-editor","","appears 6 times"
"200 no error","https://docs.createwithplay.com/en/articles/timer#content-area","","appears 7 times"
"200 no error","https://docs.createwithplay.com/en/articles/timer#overview","","appears 14 times"
"200 no error","https://docs.createwithplay.com/en/articles/timer#timer-properties","","appears 14 times"
"200 no error","https://docs.createwithplay.com/en/articles/timer#interval","","appears 14 times"
"200 no error","https://docs.createwithplay.com/en/articles/timer#repetitions","","appears 14 times"
"200 no error","https://docs.createwithplay.com/en/articles/timer#fires-immediately","","appears 14 times"
"200 no error","https://docs.createwithplay.com/en/articles/loop#content-area","","appears 15 times"
"200 no error","https://docs.createwithplay.com/en/articles/loop#overview","","appears 30 times"
"200 no error","https://docs.createwithplay.com/en/articles/loop#action-properties","","appears 30 times"
"200 no error","https://docs.createwithplay.com/en/articles/loop#type","","appears 30 times"
"200 no error","https://docs.createwithplay.com/en/articles/loop#parent","","appears 30 times"
"200 no error","https://docs.createwithplay.com/en/articles/loop#start","","appears 30 times"
"200 no error","https://docs.createwithplay.com/en/articles/loop#end","","appears 30 times"
"200 no error","https://docs.createwithplay.com/en/articles/loop#array","","appears 30 times"
"200 no error","https://docs.createwithplay.com/en/articles/loop#index","","appears 30 times"
"200 no error","https://docs.createwithplay.com/en/articles/loop#expression-editor-properties","","appears 30 times"
"200 no error","https://docs.createwithplay.com/en/articles/loop#child","","appears 30 times"
"200 no error","https://docs.createwithplay.com/en/articles/loop#count","","appears 30 times"
"200 no error","https://docs.createwithplay.com/en/articles/loop#index-2","","appears 30 times"
"200 no error","https://docs.createwithplay.com/en/articles/loop#index-inverted","","appears 30 times"
"200 no error","https://docs.createwithplay.com/en/articles/prefab-selection-menu#content-area","","appears 9 times"
"200 no error","https://docs.createwithplay.com/en/articles/prefab-selection-menu#overview","","appears 18 times"
"200 no error","https://docs.createwithplay.com/en/articles/prefab-selection-menu#controls","","appears 18 times"
"200 no error","https://docs.createwithplay.com/en/articles/prefab-selection-menu#title","","appears 18 times"
"200 no error","https://docs.createwithplay.com/en/articles/prefab-selection-menu#items","","appears 18 times"
"200 no error","https://docs.createwithplay.com/en/articles/prefab-selection-menu#selected-index","","appears 18 times"
"200 no error","https://docs.createwithplay.com/en/articles/prefab-selection-menu#keep-menu-open","","appears 18 times"
"200 no error","https://docs.createwithplay.com/en/articles/prefab-selection-menu#action","","appears 18 times"
"200 no error","https://docs.createwithplay.com/en/articles/prefab-weather-api","","appears 163 times"
"200 no error","https://docs.createwithplay.com/en/articles/prefab-elastic-header#content-area","","appears 7 times"
"200 no error","https://docs.createwithplay.com/en/articles/prefab-hide-header-on-scroll","","appears 113 times"
"200 no error","https://docs.createwithplay.com/en/articles/prefab-scroll-progress-bar","","appears 109 times"
"200 no error","https://docs.createwithplay.com/en/articles/prefab-sticky-headers","","appears 108 times"
"200 no error","https://docs.createwithplay.com/en/articles/prefab-slide-in-menu","","appears 111 times"
"200 no error","https://docs.createwithplay.com/en/articles/prefab-bottom-drawer","","appears 115 times"
"200 no error","https://docs.createwithplay.com/en/articles/prefab-tinder-swipe","","appears 121 times"
"200 no error","https://docs.createwithplay.com/en/articles/prefab-card-flip","","appears 115 times"
"200 no error","https://docs.createwithplay.com/en/articles/prefab-set-pagination-dots","","appears 111 times"
"200 no error","https://docs.createwithplay.com/en/articles/prefab-elastic-header#overview","","appears 14 times"
"200 no error","https://docs.createwithplay.com/en/articles/prefab-elastic-header#controls","","appears 14 times"
"200 no error","https://docs.createwithplay.com/en/articles/prefab-elastic-header#header","","appears 14 times"
"200 no error","https://docs.createwithplay.com/en/articles/prefab-elastic-header#stretch","","appears 14 times"
"200 no error","https://docs.createwithplay.com/en/articles/prefab-elastic-header#resources","","appears 14 times"
"200 no error","https://docs.createwithplay.com/en/articles/alert-trigger#content-area","","appears 8 times"
"200 no error","https://docs.createwithplay.com/en/articles/alert-trigger#overview","","appears 16 times"
"200 no error","https://docs.createwithplay.com/en/articles/alert-trigger#trigger-properties","","appears 16 times"
"200 no error","https://docs.createwithplay.com/en/articles/alert-trigger#title","","appears 16 times"
"200 no error","https://docs.createwithplay.com/en/articles/alert-trigger#message","","appears 16 times"
"200 no error","https://docs.createwithplay.com/en/articles/alert-trigger#preferred-style","","appears 16 times"
"200 no error","https://docs.createwithplay.com/en/articles/alert-trigger#build-on-load","","appears 16 times"
"200 no error","https://docs.createwithplay.com/en/articles/button-menu-trigger#content-area","","appears 11 times"
"200 no error","https://docs.createwithplay.com/en/articles/button-menu-trigger#overview","","appears 22 times"
"200 no error","https://docs.createwithplay.com/en/articles/button-menu-trigger#trigger-properties","","appears 22 times"
"200 no error","https://docs.createwithplay.com/en/articles/button-menu-trigger#title","","appears 22 times"
"200 no error","https://docs.createwithplay.com/en/articles/button-menu-trigger#subtitle","","appears 22 times"
"200 no error","https://docs.createwithplay.com/en/articles/button-menu-trigger#element-size","","appears 22 times"
"200 no error","https://docs.createwithplay.com/en/articles/button-menu-trigger#display","","appears 22 times"
"200 no error","https://docs.createwithplay.com/en/articles/button-menu-trigger#destructive","","appears 22 times"
"200 no error","https://docs.createwithplay.com/en/articles/button-menu-trigger#single-selection","","appears 22 times"
"200 no error","https://docs.createwithplay.com/en/articles/button-menu-trigger#build-on-load","","appears 22 times"
"200 no error","https://docs.createwithplay.com/en/articles/bar-item-menu-trigger#content-area","","appears 11 times"
"200 no error","https://docs.createwithplay.com/en/articles/bar-item-menu-trigger#overview","","appears 22 times"
"200 no error","https://docs.createwithplay.com/en/articles/bar-item-menu-trigger#trigger-properties","","appears 22 times"
"200 no error","https://docs.createwithplay.com/en/articles/bar-item-menu-trigger#title","","appears 22 times"
"200 no error","https://docs.createwithplay.com/en/articles/bar-item-menu-trigger#subtitle","","appears 22 times"
"200 no error","https://docs.createwithplay.com/en/articles/bar-item-menu-trigger#element-size","","appears 22 times"
"200 no error","https://docs.createwithplay.com/en/articles/bar-item-menu-trigger#display","","appears 22 times"
"200 no error","https://docs.createwithplay.com/en/articles/bar-item-menu-trigger#destructive","","appears 22 times"
"200 no error","https://docs.createwithplay.com/en/articles/bar-item-menu-trigger#single-selection","","appears 22 times"
"200 no error","https://docs.createwithplay.com/en/articles/bar-item-menu-trigger#build-on-load","","appears 22 times"
"200 no error","https://docs.createwithplay.com/en/articles/context-menu-trigger#content-area","","appears 12 times"
"200 no error","https://docs.createwithplay.com/en/articles/context-menu-trigger#overview","","appears 24 times"
"200 no error","https://docs.createwithplay.com/en/articles/context-menu-trigger#trigger-properties","","appears 24 times"
"200 no error","https://docs.createwithplay.com/en/articles/context-menu-trigger#title","","appears 24 times"
"200 no error","https://docs.createwithplay.com/en/articles/context-menu-trigger#subtitle","","appears 24 times"
"200 no error","https://docs.createwithplay.com/en/articles/context-menu-trigger#element-size","","appears 24 times"
"200 no error","https://docs.createwithplay.com/en/articles/context-menu-trigger#display","","appears 24 times"
"200 no error","https://docs.createwithplay.com/en/articles/context-menu-trigger#destructive","","appears 24 times"
"200 no error","https://docs.createwithplay.com/en/articles/context-menu-trigger#single-selection","","appears 24 times"
"200 no error","https://docs.createwithplay.com/en/articles/context-menu-trigger#preview","","appears 24 times"
"200 no error","https://docs.createwithplay.com/en/articles/context-menu-trigger#build-on-load","","appears 24 times"
"200 no error","https://docs.createwithplay.com/en/articles/timer-trigger#content-area","","appears 9 times"
"200 no error","https://docs.createwithplay.com/en/articles/timer-trigger#overview","","appears 18 times"
"200 no error","https://docs.createwithplay.com/en/articles/timer-trigger#trigger-properties","","appears 18 times"
"200 no error","https://docs.createwithplay.com/en/articles/timer-trigger#interval","","appears 18 times"
"200 no error","https://docs.createwithplay.com/en/articles/timer-trigger#auto-start","","appears 18 times"
"200 no error","https://docs.createwithplay.com/en/articles/timer-trigger#repeat","","appears 18 times"
"200 no error","https://docs.createwithplay.com/en/articles/timer-trigger#fires-immediately","","appears 18 times"
"200 no error","https://docs.createwithplay.com/en/articles/timer-trigger#resources","","appears 18 times"
"200 no error","https://docs.createwithplay.com/en/articles/rive#content-area","","appears 15 times"
"200 no error","https://docs.createwithplay.com/en/articles/rive#overview","","appears 30 times"
"200 no error","https://docs.createwithplay.com/en/articles/rive#properties","","appears 30 times"
"200 no error","https://docs.createwithplay.com/en/articles/rive#asset","","appears 30 times"
"200 no error","https://docs.createwithplay.com/en/articles/rive#content-mode","","appears 30 times"
"200 no error","https://docs.createwithplay.com/en/articles/rive#artboard","","appears 30 times"
"200 no error","https://docs.createwithplay.com/en/articles/rive#animation","","appears 30 times"
"200 no error","https://docs.createwithplay.com/en/articles/rive#direction","","appears 30 times"
"200 no error","https://docs.createwithplay.com/en/articles/rive#loop","","appears 30 times"
"200 no error","https://docs.createwithplay.com/en/articles/rive#auto-start","","appears 30 times"
"200 no error","https://docs.createwithplay.com/en/articles/rive#expression-editor-properties","","appears 30 times"
"200 no error","https://docs.createwithplay.com/en/articles/rive#is-playing","","appears 30 times"
"200 no error","https://docs.createwithplay.com/en/articles/rive#rive-current-state","","appears 30 times"
"200 no error","https://docs.createwithplay.com/en/articles/rive#resources","","appears 30 times"
"200 no error","https://docs.createwithplay.com/en/articles/target#content-area","","appears 5 times"
"200 no error","https://docs.createwithplay.com/en/articles/target#overview","","appears 10 times"
"200 no error","https://docs.createwithplay.com/en/articles/target#target-properties","","appears 10 times"
"200 no error","https://docs.createwithplay.com/en/articles/target#target","","appears 10 times"
"200 no error","https://docs.createwithplay.com/en/articles/device-properties#content-area","","appears 25 times"
"200 no error","https://docs.createwithplay.com/en/articles/device-properties#overview","","appears 50 times"
"200 no error","https://docs.createwithplay.com/en/articles/device-properties#accessing-device-properties","","appears 50 times"
"200 no error","https://docs.createwithplay.com/en/articles/device-properties#device-properties","","appears 50 times"
"200 no error","https://docs.createwithplay.com/en/articles/device-properties#appearance","","appears 50 times"
"200 no error","https://docs.createwithplay.com/en/articles/device-properties#clipboard","","appears 50 times"
"200 no error","https://docs.createwithplay.com/en/articles/device-properties#is-custom","","appears 50 times"
"200 no error","https://docs.createwithplay.com/en/articles/device-properties#is-landscape","","appears 50 times"
"200 no error","https://docs.createwithplay.com/en/articles/device-properties#is-pad","","appears 50 times"
"200 no error","https://docs.createwithplay.com/en/articles/device-properties#is-phone","","appears 50 times"
"200 no error","https://docs.createwithplay.com/en/articles/device-properties#is-portrait","","appears 50 times"
"200 no error","https://docs.createwithplay.com/en/articles/device-properties#keyboard-height","","appears 50 times"
"200 no error","https://docs.createwithplay.com/en/articles/device-properties#keyboard-height-with-input-accessory","","appears 50 times"
"200 no error","https://docs.createwithplay.com/en/articles/device-properties#orientation","","appears 50 times"
"200 no error","https://docs.createwithplay.com/en/articles/device-properties#safe-area-bottom","","appears 50 times"
"200 no error","https://docs.createwithplay.com/en/articles/device-properties#safe-area-top","","appears 50 times"
"200 no error","https://docs.createwithplay.com/en/articles/device-properties#screen-height","","appears 50 times"
"200 no error","https://docs.createwithplay.com/en/articles/device-properties#screen-width","","appears 50 times"
"200 no error","https://docs.createwithplay.com/en/articles/device-properties#tab-bar-height","","appears 50 times"
"200 no error","https://docs.createwithplay.com/en/articles/device-properties#version","","appears 50 times"
"200 no error","https://docs.createwithplay.com/en/articles/device-properties#version-major","","appears 50 times"
"200 no error","https://docs.createwithplay.com/en/articles/device-properties#version-minor","","appears 50 times"
"200 no error","https://docs.createwithplay.com/en/articles/device-properties#version-patch","","appears 50 times"
"200 no error","https://docs.createwithplay.com/en/articles/device-properties#version-string","","appears 50 times"
"200 no error","https://docs.createwithplay.com/en/articles/object-properties#content-area","","appears 75 times"
"200 no error","https://docs.createwithplay.com/en/articles/object-properties#overview","","appears 150 times"
"200 no error","https://docs.createwithplay.com/en/articles/object-properties#accessing-object-properties","","appears 150 times"
"200 no error","https://docs.createwithplay.com/en/articles/object-properties#selection-helpers","","appears 150 times"
"200 no error","https://docs.createwithplay.com/en/articles/object-properties#object-properties","","appears 150 times"
"200 no error","https://docs.createwithplay.com/en/articles/object-properties#appearance","","appears 150 times"
"200 no error","https://docs.createwithplay.com/en/articles/object-properties#background-color","","appears 150 times"
"200 no error","https://docs.createwithplay.com/en/articles/object-properties#border-bottom-left-radius","","appears 150 times"
"200 no error","https://docs.createwithplay.com/en/articles/object-properties#border-bottom-right-radius","","appears 150 times"
"200 no error","https://docs.createwithplay.com/en/articles/object-properties#border-top-left-radius","","appears 150 times"
"200 no error","https://docs.createwithplay.com/en/articles/object-properties#border-top-right-radius","","appears 150 times"
"200 no error","https://docs.createwithplay.com/en/articles/object-properties#child-count","","appears 150 times"
"200 no error","https://docs.createwithplay.com/en/articles/object-properties#current-state","","appears 150 times"
"200 no error","https://docs.createwithplay.com/en/articles/object-properties#height","","appears 150 times"
"200 no error","https://docs.createwithplay.com/en/articles/object-properties#index","","appears 150 times"
"200 no error","https://docs.createwithplay.com/en/articles/object-properties#is-decelerating","","appears 150 times"
"200 no error","https://docs.createwithplay.com/en/articles/object-properties#is-hidden","","appears 150 times"
"200 no error","https://docs.createwithplay.com/en/articles/object-properties#is-scroll-animating","","appears 150 times"
"200 no error","https://docs.createwithplay.com/en/articles/object-properties#is-scroll-enabled","","appears 150 times"
"200 no error","https://docs.createwithplay.com/en/articles/object-properties#is-zoom-enabled","","appears 150 times"
"200 no error","https://docs.createwithplay.com/en/articles/object-properties#layer-blur","","appears 150 times"
"200 no error","https://docs.createwithplay.com/en/articles/object-properties#margin-bottom","","appears 150 times"
"200 no error","https://docs.createwithplay.com/en/articles/object-properties#margin-left","","appears 150 times"
"200 no error","https://docs.createwithplay.com/en/articles/object-properties#margin-right","","appears 150 times"
"200 no error","https://docs.createwithplay.com/en/articles/object-properties#margin-top","","appears 150 times"
"200 no error","https://docs.createwithplay.com/en/articles/object-properties#max-x","","appears 150 times"
"200 no error","https://docs.createwithplay.com/en/articles/object-properties#max-y","","appears 150 times"
"200 no error","https://docs.createwithplay.com/en/articles/object-properties#max-zoom-scale","","appears 150 times"
"200 no error","https://docs.createwithplay.com/en/articles/object-properties#mid-x","","appears 150 times"
"200 no error","https://docs.createwithplay.com/en/articles/object-properties#mid-y","","appears 150 times"
"200 no error","https://docs.createwithplay.com/en/articles/object-properties#min-x","","appears 150 times"
"200 no error","https://docs.createwithplay.com/en/articles/object-properties#min-y","","appears 150 times"
"200 no error","https://docs.createwithplay.com/en/articles/object-properties#min-zoom-scale","","appears 150 times"
"200 no error","https://docs.createwithplay.com/en/articles/object-properties#offset-x","","appears 150 times"
"200 no error","https://docs.createwithplay.com/en/articles/object-properties#offset-y","","appears 150 times"
"200 no error","https://docs.createwithplay.com/en/articles/object-properties#opacity","","appears 150 times"
"200 no error","https://docs.createwithplay.com/en/articles/object-properties#origin-x","","appears 150 times"
"200 no error","https://docs.createwithplay.com/en/articles/object-properties#origin-y","","appears 150 times"
"200 no error","https://docs.createwithplay.com/en/articles/object-properties#padding-bottom","","appears 150 times"
"200 no error","https://docs.createwithplay.com/en/articles/object-properties#padding-left","","appears 150 times"
"200 no error","https://docs.createwithplay.com/en/articles/object-properties#padding-right","","appears 150 times"
"200 no error","https://docs.createwithplay.com/en/articles/object-properties#padding-top","","appears 150 times"
"200 no error","https://docs.createwithplay.com/en/articles/object-properties#parent","","appears 150 times"
"200 no error","https://docs.createwithplay.com/en/articles/object-properties#parent-x","","appears 150 times"
"200 no error","https://docs.createwithplay.com/en/articles/object-properties#parent-y","","appears 150 times"
"200 no error","https://docs.createwithplay.com/en/articles/object-properties#percent-scrolled-x","","appears 150 times"
"200 no error","https://docs.createwithplay.com/en/articles/object-properties#percent-scrolled-y","","appears 150 times"
"200 no error","https://docs.createwithplay.com/en/articles/object-properties#pin-type","","appears 150 times"
"200 no error","https://docs.createwithplay.com/en/articles/object-properties#position","","appears 150 times"
"200 no error","https://docs.createwithplay.com/en/articles/object-properties#progressive-blur","","appears 150 times"
"200 no error","https://docs.createwithplay.com/en/articles/object-properties#radius","","appears 150 times"
"200 no error","https://docs.createwithplay.com/en/articles/object-properties#rotation-x","","appears 150 times"
"200 no error","https://docs.createwithplay.com/en/articles/object-properties#rotation-y","","appears 150 times"
"200 no error","https://docs.createwithplay.com/en/articles/object-properties#rotation-z","","appears 150 times"
"200 no error","https://docs.createwithplay.com/en/articles/object-properties#scale","","appears 150 times"
"200 no error","https://docs.createwithplay.com/en/articles/object-properties#scale-x","","appears 150 times"
"200 no error","https://docs.createwithplay.com/en/articles/object-properties#scale-y","","appears 150 times"
"200 no error","https://docs.createwithplay.com/en/articles/object-properties#screen-x","","appears 150 times"
"200 no error","https://docs.createwithplay.com/en/articles/object-properties#screen-y","","appears 150 times"
"200 no error","https://docs.createwithplay.com/en/articles/object-properties#scroll-index-x","","appears 150 times"
"200 no error","https://docs.createwithplay.com/en/articles/object-properties#scroll-index-y","","appears 150 times"
"200 no error","https://docs.createwithplay.com/en/articles/object-properties#scroll-x","","appears 150 times"
"200 no error","https://docs.createwithplay.com/en/articles/object-properties#scroll-y","","appears 150 times"
"200 no error","https://docs.createwithplay.com/en/articles/object-properties#self","","appears 150 times"
"200 no error","https://docs.createwithplay.com/en/articles/object-properties#stack-axis","","appears 150 times"
"200 no error","https://docs.createwithplay.com/en/articles/object-properties#stack-gap","","appears 150 times"
"200 no error","https://docs.createwithplay.com/en/articles/object-properties#translate-x","","appears 150 times"
"200 no error","https://docs.createwithplay.com/en/articles/object-properties#translate-y","","appears 150 times"
"200 no error","https://docs.createwithplay.com/en/articles/object-properties#translate-z","","appears 150 times"
"200 no error","https://docs.createwithplay.com/en/articles/object-properties#visible-count","","appears 150 times"
"200 no error","https://docs.createwithplay.com/en/articles/object-properties#visible-index","","appears 150 times"
"200 no error","https://docs.createwithplay.com/en/articles/object-properties#width","","appears 150 times"
"200 no error","https://docs.createwithplay.com/en/articles/object-properties#z-index","","appears 150 times"
"200 no error","https://docs.createwithplay.com/en/articles/object-properties#zoom-scale","","appears 150 times"
"200 no error","https://docs.createwithplay.com/en/articles/color-properties#content-area","","appears 29 times"
"200 no error","https://docs.createwithplay.com/en/articles/color-properties#overview","","appears 58 times"
"200 no error","https://docs.createwithplay.com/en/articles/color-properties#accessing-color-properties","","appears 58 times"
"200 no error","https://docs.createwithplay.com/en/articles/color-properties#color-properties","","appears 58 times"
"200 no error","https://docs.createwithplay.com/en/articles/color-properties#get-alpha","","appears 58 times"
"200 no error","https://docs.createwithplay.com/en/articles/color-properties#get-blue","","appears 58 times"
"200 no error","https://docs.createwithplay.com/en/articles/color-properties#get-brightness","","appears 58 times"
"200 no error","https://docs.createwithplay.com/en/articles/color-properties#get-green","","appears 58 times"
"200 no error","https://docs.createwithplay.com/en/articles/color-properties#get-hex","","appears 58 times"
"200 no error","https://docs.createwithplay.com/en/articles/color-properties#get-hue","","appears 58 times"
"200 no error","https://docs.createwithplay.com/en/articles/color-properties#get-lightness","","appears 58 times"
"200 no error","https://docs.createwithplay.com/en/articles/color-properties#get-red","","appears 58 times"
"200 no error","https://docs.createwithplay.com/en/articles/color-properties#get-saturation","","appears 58 times"
"200 no error","https://docs.createwithplay.com/en/articles/color-properties#set-alpha","","appears 58 times"
"200 no error","https://docs.createwithplay.com/en/articles/color-properties#set-blue","","appears 58 times"
"200 no error","https://docs.createwithplay.com/en/articles/color-properties#set-brightness","","appears 58 times"
"200 no error","https://docs.createwithplay.com/en/articles/color-properties#set-green","","appears 58 times"
"200 no error","https://docs.createwithplay.com/en/articles/color-properties#set-hsb","","appears 58 times"
"200 no error","https://docs.createwithplay.com/en/articles/color-properties#set-hsl","","appears 58 times"
"200 no error","https://docs.createwithplay.com/en/articles/color-properties#set-hex","","appears 58 times"
"200 no error","https://docs.createwithplay.com/en/articles/color-properties#set-hue","","appears 58 times"
"200 no error","https://docs.createwithplay.com/en/articles/color-properties#set-lightness","","appears 58 times"
"200 no error","https://docs.createwithplay.com/en/articles/color-properties#set-rgba","","appears 58 times"
"200 no error","https://docs.createwithplay.com/en/articles/color-properties#set-red","","appears 58 times"
"200 no error","https://docs.createwithplay.com/en/articles/color-properties#set-saturation","","appears 58 times"
"200 no error","https://docs.createwithplay.com/en/articles/color-properties#to-hsb","","appears 58 times"
"200 no error","https://docs.createwithplay.com/en/articles/color-properties#to-hsl","","appears 58 times"
"200 no error","https://docs.createwithplay.com/en/articles/color-properties#to-rgb","","appears 58 times"
"200 no error","https://docs.createwithplay.com/en/articles/equations#content-area","","appears 2 times"
"200 no error","https://docs.createwithplay.com/en/articles/blend-color","","appears 81 times"
"200 no error","https://docs.createwithplay.com/en/articles/text#content-area","","appears 29 times"
"200 no error","https://docs.createwithplay.com/en/articles/text#overview","","appears 58 times"
"200 no error","https://docs.createwithplay.com/en/articles/text#properties","","appears 58 times"
"200 no error","https://docs.createwithplay.com/en/articles/text#text","","appears 58 times"
"200 no error","https://docs.createwithplay.com/en/articles/text#font-/-style","","appears 29 times"
"200 no error","https://docs.createwithplay.com/en/articles/text#weight","","appears 58 times"
"200 no error","https://docs.createwithplay.com/en/articles/text#size","","appears 58 times"
"200 no error","https://docs.createwithplay.com/en/articles/text#design","","appears 58 times"
"200 no error","https://docs.createwithplay.com/en/articles/text#fill","","appears 58 times"
"200 no error","https://docs.createwithplay.com/en/articles/text#spacing","","appears 58 times"
"200 no error","https://docs.createwithplay.com/en/articles/text#align","","appears 58 times"
"200 no error","https://docs.createwithplay.com/en/articles/text#more","","appears 58 times"
"200 no error","https://docs.createwithplay.com/en/articles/text#transform","","appears 58 times"
"200 no error","https://docs.createwithplay.com/en/articles/text#decoration","","appears 58 times"
"200 no error","https://docs.createwithplay.com/en/articles/text#stylistic-sets","","appears 58 times"
"200 no error","https://docs.createwithplay.com/en/articles/text#editable-text","","appears 58 times"
"200 no error","https://docs.createwithplay.com/en/articles/text#is-editable","","appears 58 times"
"200 no error","https://docs.createwithplay.com/en/articles/text#is-selectable","","appears 58 times"
"200 no error","https://docs.createwithplay.com/en/articles/text#keyboard","","appears 58 times"
"200 no error","https://docs.createwithplay.com/en/articles/text#return-key","","appears 58 times"
"200 no error","https://docs.createwithplay.com/en/articles/text#dismiss-keyboard-on-return-key","","appears 58 times"
"200 no error","https://docs.createwithplay.com/en/articles/text#auto-capitalization","","appears 58 times"
"200 no error","https://docs.createwithplay.com/en/articles/text#auto-correction","","appears 58 times"
"200 no error","https://docs.createwithplay.com/en/articles/text#text-content-type","","appears 58 times"
"200 no error","https://docs.createwithplay.com/en/articles/text#dismiss-button","","appears 58 times"
"200 no error","https://docs.createwithplay.com/en/articles/text#text-linking","","appears 58 times"
"200 no error","https://docs.createwithplay.com/en/articles/text#resources","","appears 58 times"
"200 no error","https://docs.createwithplay.com/en/articles/text#font-/-style","","appears 29 times"
"200 no error","https://docs.createwithplay.com/en/articles/image#content-area","","appears 11 times"
"200 no error","https://docs.createwithplay.com/en/articles/image#overview","","appears 22 times"
"200 no error","https://docs.createwithplay.com/en/articles/image#properties","","appears 22 times"
"200 no error","https://docs.createwithplay.com/en/articles/image#image","","appears 22 times"
"200 no error","https://docs.createwithplay.com/en/articles/image#content-mode","","appears 22 times"
"200 no error","https://docs.createwithplay.com/en/articles/image#rendering-mode","","appears 22 times"
"200 no error","https://docs.createwithplay.com/en/articles/image#tint-adjustment-mode","","appears 22 times"
"200 no error","https://docs.createwithplay.com/en/articles/image#tint","","appears 22 times"
"200 no error","https://docs.createwithplay.com/en/articles/image#fade-in-on-load","","appears 22 times"
"200 no error","https://docs.createwithplay.com/en/articles/image#resources","","appears 22 times"
"200 no error","https://docs.createwithplay.com/en/articles/sf-symbol#content-area","","appears 14 times"
"200 no error","https://docs.createwithplay.com/en/articles/sf-symbol#overview","","appears 28 times"
"200 no error","https://docs.createwithplay.com/en/articles/sf-symbol#properties","","appears 28 times"
"200 no error","https://docs.createwithplay.com/en/articles/sf-symbol#sf-symbol","","appears 28 times"
"200 no error","https://docs.createwithplay.com/en/articles/sf-symbol#size","","appears 28 times"
"200 no error","https://docs.createwithplay.com/en/articles/sf-symbol#weight","","appears 28 times"
"200 no error","https://docs.createwithplay.com/en/articles/sf-symbol#scale","","appears 28 times"
"200 no error","https://docs.createwithplay.com/en/articles/sf-symbol#rendering-mode","","appears 28 times"
"200 no error","https://docs.createwithplay.com/en/articles/sf-symbol#colors","","appears 28 times"
"200 no error","https://docs.createwithplay.com/en/articles/sf-symbol#tint-adjustment-mode","","appears 28 times"
"200 no error","https://docs.createwithplay.com/en/articles/sf-symbol#variable-fill","","appears 28 times"
"200 no error","https://docs.createwithplay.com/en/articles/sf-symbol#align-to-baseline","","appears 28 times"
"200 no error","https://docs.createwithplay.com/en/articles/sf-symbol#resources","","appears 28 times"
"200 no error","https://docs.createwithplay.com/en/articles/stacks#content-area","","appears 28 times"
"200 no error","https://docs.createwithplay.com/en/articles/stacks#overview","","appears 56 times"
"200 no error","https://docs.createwithplay.com/en/articles/stacks#properties","","appears 56 times"
"200 no error","https://docs.createwithplay.com/en/articles/stacks#direction","","appears 56 times"
"200 no error","https://docs.createwithplay.com/en/articles/stacks#alignment","","appears 56 times"
"200 no error","https://docs.createwithplay.com/en/articles/stacks#distribution","","appears 56 times"
"200 no error","https://docs.createwithplay.com/en/articles/stacks#gap","","appears 56 times"
"200 no error","https://docs.createwithplay.com/en/articles/stacks#scrolling","","appears 56 times"
"200 no error","https://docs.createwithplay.com/en/articles/stacks#paging","","appears 56 times"
"200 no error","https://docs.createwithplay.com/en/articles/stacks#deceleration-rate","","appears 56 times"
"200 no error","https://docs.createwithplay.com/en/articles/stacks#delay-content-touches","","appears 56 times"
"200 no error","https://docs.createwithplay.com/en/articles/stacks#vertical-&-horizontal-scrolling","","appears 28 times"
"200 no error","https://docs.createwithplay.com/en/articles/stacks#indicator-is-hidden","","appears 56 times"
"200 no error","https://docs.createwithplay.com/en/articles/stacks#indicator-insets","","appears 56 times"
"200 no error","https://docs.createwithplay.com/en/articles/stacks#indicator-style","","appears 56 times"
"200 no error","https://docs.createwithplay.com/en/articles/stacks#bounces","","appears 56 times"
"200 no error","https://docs.createwithplay.com/en/articles/stacks#always-bounce-vertical-&-horizontal","","appears 28 times"
"200 no error","https://docs.createwithplay.com/en/articles/stacks#scroll-effects","","appears 56 times"
"200 no error","https://docs.createwithplay.com/en/articles/stacks#trigger","","appears 56 times"
"200 no error","https://docs.createwithplay.com/en/articles/stacks#alignment-2","","appears 56 times"
"200 no error","https://docs.createwithplay.com/en/articles/stacks#trigger-area","","appears 56 times"
"200 no error","https://docs.createwithplay.com/en/articles/stacks#clamp-values","","appears 56 times"
"200 no error","https://docs.createwithplay.com/en/articles/stacks#mirror-animations","","appears 56 times"
"200 no error","https://docs.createwithplay.com/en/articles/stacks#values","","appears 56 times"
"200 no error","https://docs.createwithplay.com/en/articles/stacks#scroll-edge-effect","","appears 56 times"
"200 no error","https://docs.createwithplay.com/en/articles/stacks#vertical-&-horizontal-scrolling","","appears 28 times"
"200 no error","https://docs.createwithplay.com/en/articles/stacks#always-bounce-vertical-&-horizontal","","appears 28 times"
"200 no error","https://docs.createwithplay.com/en/articles/web-view#content-area","","appears 7 times"
"200 no error","https://docs.createwithplay.com/en/articles/web-view#overview","","appears 14 times"
"200 no error","https://docs.createwithplay.com/en/articles/web-view#properties","","appears 14 times"
"200 no error","https://docs.createwithplay.com/en/articles/web-view#url","","appears 14 times"
"200 no error","https://docs.createwithplay.com/en/articles/web-view#allow-navigation-gestures","","appears 14 times"
"200 no error","https://docs.createwithplay.com/en/articles/web-view#resources","","appears 14 times"
"200 no error","https://docs.createwithplay.com/en/articles/glass-container#content-area","","appears 6 times"
"200 no error","https://docs.createwithplay.com/en/articles/glass-container#overview","","appears 12 times"
"200 no error","https://docs.createwithplay.com/en/articles/glass-container#properties","","appears 12 times"
"200 no error","https://docs.createwithplay.com/en/articles/glass-container#spacing","","appears 12 times"
"200 no error","https://docs.createwithplay.com/en/articles/glass-container#using-glass-effect-containers","","appears 12 times"
"200 no error","https://docs.createwithplay.com/en/articles/prefab-make-draggable","","appears 113 times"
"200 no error","https://docs.createwithplay.com/en/articles/activity-indicator#content-area","","appears 9 times"
"200 no error","https://docs.createwithplay.com/en/articles/activity-indicator#overview","","appears 18 times"
"200 no error","https://docs.createwithplay.com/en/articles/activity-indicator#properties","","appears 18 times"
"200 no error","https://docs.createwithplay.com/en/articles/activity-indicator#style","","appears 18 times"
"200 no error","https://docs.createwithplay.com/en/articles/activity-indicator#color","","appears 18 times"
"200 no error","https://docs.createwithplay.com/en/articles/activity-indicator#start-animating","","appears 18 times"
"200 no error","https://docs.createwithplay.com/en/articles/activity-indicator#hides-when-stopped","","appears 18 times"
"200 no error","https://docs.createwithplay.com/en/articles/activity-indicator#resources","","appears 18 times"
"200 no error","https://docs.createwithplay.com/en/articles/slider#content-area","","appears 18 times"
"200 no error","https://docs.createwithplay.com/en/articles/slider#overview","","appears 36 times"
"200 no error","https://docs.createwithplay.com/en/articles/slider#properties","","appears 36 times"
"200 no error","https://docs.createwithplay.com/en/articles/slider#value","","appears 36 times"
"200 no error","https://docs.createwithplay.com/en/articles/slider#step","","appears 36 times"
"200 no error","https://docs.createwithplay.com/en/articles/slider#min","","appears 36 times"
"200 no error","https://docs.createwithplay.com/en/articles/slider#max","","appears 36 times"
"200 no error","https://docs.createwithplay.com/en/articles/slider#min-symbol","","appears 36 times"
"200 no error","https://docs.createwithplay.com/en/articles/slider#max-symbol","","appears 36 times"
"200 no error","https://docs.createwithplay.com/en/articles/slider#round-to","","appears 36 times"
"200 no error","https://docs.createwithplay.com/en/articles/slider#neutral-value","","appears 36 times"
"200 no error","https://docs.createwithplay.com/en/articles/slider#ticks","","appears 36 times"
"200 no error","https://docs.createwithplay.com/en/articles/slider#snap-to-ticks","","appears 36 times"
"200 no error","https://docs.createwithplay.com/en/articles/slider#customize","","appears 36 times"
"200 no error","https://docs.createwithplay.com/en/articles/slider#colors","","appears 36 times"
"200 no error","https://docs.createwithplay.com/en/articles/slider#symbol-colors","","appears 36 times"
"200 no error","https://docs.createwithplay.com/en/articles/slider#resources","","appears 36 times"
"200 no error","https://docs.createwithplay.com/en/articles/ai-event-trigger#content-area","","appears 6 times"
"200 no error","https://docs.createwithplay.com/en/articles/ai-event-trigger#overview","","appears 12 times"
"200 no error","https://docs.createwithplay.com/en/articles/ai-event-trigger#properties","","appears 12 times"
"200 no error","https://docs.createwithplay.com/en/articles/ai-event-trigger#target","","appears 12 times"
"200 no error","https://docs.createwithplay.com/en/articles/ai-event-trigger#event","","appears 12 times"
"200 no error","https://docs.createwithplay.com/en/articles/date-picker-event-trigger#content-area","","appears 8 times"
"200 no error","https://docs.createwithplay.com/en/articles/date-picker-event-trigger#overview","","appears 16 times"
"200 no error","https://docs.createwithplay.com/en/articles/date-picker-event-trigger#trigger-properties","","appears 16 times"
"200 no error","https://docs.createwithplay.com/en/articles/date-picker-event-trigger#event","","appears 16 times"
"200 no error","https://docs.createwithplay.com/en/articles/date-picker-event-trigger#is-enabled","","appears 16 times"
"200 no error","https://docs.createwithplay.com/en/articles/date-picker-event-trigger#expression-editor-properties","","appears 16 times"
"200 no error","https://docs.createwithplay.com/en/articles/date-picker-event-trigger#is-enabled-2","","appears 16 times"
"200 no error","https://docs.createwithplay.com/en/articles/map-gesture-trigger#content-area","","appears 8 times"
"200 no error","https://docs.createwithplay.com/en/articles/map-gesture-trigger#overview","","appears 16 times"
"200 no error","https://docs.createwithplay.com/en/articles/map-gesture-trigger#trigger-properties","","appears 16 times"
"200 no error","https://docs.createwithplay.com/en/articles/map-gesture-trigger#event","","appears 16 times"
"200 no error","https://docs.createwithplay.com/en/articles/map-gesture-trigger#is-enabled","","appears 16 times"
"200 no error","https://docs.createwithplay.com/en/articles/map-gesture-trigger#expression-editor-properties","","appears 16 times"
"200 no error","https://docs.createwithplay.com/en/articles/map-gesture-trigger#is-enabled-2","","appears 16 times"
"200 no error","https://docs.createwithplay.com/en/articles/gyroscope-trigger#content-area","","appears 23 times"
"200 no error","https://docs.createwithplay.com/en/articles/gyroscope-trigger#overview","","appears 46 times"
"200 no error","https://docs.createwithplay.com/en/articles/gyroscope-trigger#trigger-properties","","appears 46 times"
"200 no error","https://docs.createwithplay.com/en/articles/gyroscope-trigger#axis","","appears 46 times"
"200 no error","https://docs.createwithplay.com/en/articles/gyroscope-trigger#from","","appears 46 times"
"200 no error","https://docs.createwithplay.com/en/articles/gyroscope-trigger#to","","appears 46 times"
"200 no error","https://docs.createwithplay.com/en/articles/gyroscope-trigger#x-offset","","appears 46 times"
"200 no error","https://docs.createwithplay.com/en/articles/gyroscope-trigger#y-offset","","appears 46 times"
"200 no error","https://docs.createwithplay.com/en/articles/gyroscope-trigger#z-offset","","appears 46 times"
"200 no error","https://docs.createwithplay.com/en/articles/gyroscope-trigger#auto-start","","appears 46 times"
"200 no error","https://docs.createwithplay.com/en/articles/gyroscope-trigger#is-enabled","","appears 46 times"
"200 no error","https://docs.createwithplay.com/en/articles/gyroscope-trigger#expression-editor-properties","","appears 46 times"
"200 no error","https://docs.createwithplay.com/en/articles/gyroscope-trigger#max","","appears 46 times"
"200 no error","https://docs.createwithplay.com/en/articles/gyroscope-trigger#min","","appears 46 times"
"200 no error","https://docs.createwithplay.com/en/articles/gyroscope-trigger#axis-2","","appears 46 times"
"200 no error","https://docs.createwithplay.com/en/articles/gyroscope-trigger#rotation-x","","appears 46 times"
"200 no error","https://docs.createwithplay.com/en/articles/gyroscope-trigger#x-offset-2","","appears 46 times"
"200 no error","https://docs.createwithplay.com/en/articles/gyroscope-trigger#rotation-y","","appears 46 times"
"200 no error","https://docs.createwithplay.com/en/articles/gyroscope-trigger#y-offset-2","","appears 46 times"
"200 no error","https://docs.createwithplay.com/en/articles/gyroscope-trigger#rotation-z","","appears 46 times"
"200 no error","https://docs.createwithplay.com/en/articles/gyroscope-trigger#z-offset-2","","appears 46 times"
"200 no error","https://docs.createwithplay.com/en/articles/gyroscope-trigger#is-enabled-2","","appears 46 times"
"200 no error","https://docs.createwithplay.com/en/articles/edge-pan-trigger#content-area","","appears 20 times"
"200 no error","https://docs.createwithplay.com/en/articles/edge-pan-trigger#overview","","appears 40 times"
"200 no error","https://docs.createwithplay.com/en/articles/edge-pan-trigger#trigger-properties","","appears 40 times"
"200 no error","https://docs.createwithplay.com/en/articles/edge-pan-trigger#state","","appears 40 times"
"200 no error","https://docs.createwithplay.com/en/articles/edge-pan-trigger#edge","","appears 40 times"
"200 no error","https://docs.createwithplay.com/en/articles/edge-pan-trigger#is-enabled","","appears 40 times"
"200 no error","https://docs.createwithplay.com/en/articles/edge-pan-trigger#expression-editor-properties","","appears 40 times"
"200 no error","https://docs.createwithplay.com/en/articles/edge-pan-trigger#delta-x","","appears 40 times"
"200 no error","https://docs.createwithplay.com/en/articles/edge-pan-trigger#delta-y","","appears 40 times"
"200 no error","https://docs.createwithplay.com/en/articles/edge-pan-trigger#location-x","","appears 40 times"
"200 no error","https://docs.createwithplay.com/en/articles/edge-pan-trigger#location-y","","appears 40 times"
"200 no error","https://docs.createwithplay.com/en/articles/edge-pan-trigger#translation-x","","appears 40 times"
"200 no error","https://docs.createwithplay.com/en/articles/edge-pan-trigger#translation-y","","appears 40 times"
"200 no error","https://docs.createwithplay.com/en/articles/edge-pan-trigger#velocity-x","","appears 40 times"
"200 no error","https://docs.createwithplay.com/en/articles/edge-pan-trigger#velocity-y","","appears 40 times"
"200 no error","https://docs.createwithplay.com/en/articles/edge-pan-trigger#translation-percent-x","","appears 40 times"
"200 no error","https://docs.createwithplay.com/en/articles/edge-pan-trigger#translation-percent-y","","appears 40 times"
"200 no error","https://docs.createwithplay.com/en/articles/edge-pan-trigger#is-enabled-2","","appears 40 times"
"200 no error","https://docs.createwithplay.com/en/articles/edge-pan-trigger#resources","","appears 40 times"
"200 no error","https://docs.createwithplay.com/en/articles/page-loader-event-trigger#content-area","","appears 8 times"
"200 no error","https://docs.createwithplay.com/en/articles/page-loader-event-trigger#overview","","appears 16 times"
"200 no error","https://docs.createwithplay.com/en/articles/page-loader-event-trigger#trigger-properties","","appears 16 times"
"200 no error","https://docs.createwithplay.com/en/articles/page-loader-event-trigger#event","","appears 16 times"
"200 no error","https://docs.createwithplay.com/en/articles/page-loader-event-trigger#is-enabled","","appears 16 times"
"200 no error","https://docs.createwithplay.com/en/articles/page-loader-event-trigger#expression-editor-properties","","appears 16 times"
"200 no error","https://docs.createwithplay.com/en/articles/page-loader-event-trigger#is-enabled-2","","appears 16 times"
"200 no error","https://docs.createwithplay.com/en/articles/image-event-trigger#content-area","","appears 8 times"
"200 no error","https://docs.createwithplay.com/en/articles/image-event-trigger#overview","","appears 16 times"
"200 no error","https://docs.createwithplay.com/en/articles/image-event-trigger#trigger-properties","","appears 16 times"
"200 no error","https://docs.createwithplay.com/en/articles/image-event-trigger#event","","appears 16 times"
"200 no error","https://docs.createwithplay.com/en/articles/image-event-trigger#is-enabled","","appears 16 times"
"200 no error","https://docs.createwithplay.com/en/articles/image-event-trigger#expression-editor-properties","","appears 16 times"
"200 no error","https://docs.createwithplay.com/en/articles/image-event-trigger#is-enabled-2","","appears 16 times"
"200 no error","https://docs.createwithplay.com/en/articles/map-pin-event-trigger#content-area","","appears 8 times"
"200 no error","https://docs.createwithplay.com/en/articles/map-pin-event-trigger#overview","","appears 16 times"
"200 no error","https://docs.createwithplay.com/en/articles/map-pin-event-trigger#trigger-properties","","appears 16 times"
"200 no error","https://docs.createwithplay.com/en/articles/map-pin-event-trigger#event","","appears 16 times"
"200 no error","https://docs.createwithplay.com/en/articles/map-pin-event-trigger#is-enabled","","appears 16 times"
"200 no error","https://docs.createwithplay.com/en/articles/map-pin-event-trigger#expression-editor-properties","","appears 16 times"
"200 no error","https://docs.createwithplay.com/en/articles/map-pin-event-trigger#is-enabled-2","","appears 16 times"
"200 no error","https://docs.createwithplay.com/en/articles/pan-trigger#content-area","","appears 20 times"
"200 no error","https://docs.createwithplay.com/en/articles/pan-trigger#overview","","appears 40 times"
"200 no error","https://docs.createwithplay.com/en/articles/pan-trigger#trigger-properties","","appears 40 times"
"200 no error","https://docs.createwithplay.com/en/articles/pan-trigger#state","","appears 40 times"
"200 no error","https://docs.createwithplay.com/en/articles/pan-trigger#direction","","appears 40 times"
"200 no error","https://docs.createwithplay.com/en/articles/pan-trigger#is-enabled","","appears 40 times"
"200 no error","https://docs.createwithplay.com/en/articles/pan-trigger#expression-editor-properties","","appears 40 times"
"200 no error","https://docs.createwithplay.com/en/articles/pan-trigger#delta-x","","appears 40 times"
"200 no error","https://docs.createwithplay.com/en/articles/pan-trigger#delta-y","","appears 40 times"
"200 no error","https://docs.createwithplay.com/en/articles/pan-trigger#location-x","","appears 40 times"
"200 no error","https://docs.createwithplay.com/en/articles/pan-trigger#location-y","","appears 40 times"
"200 no error","https://docs.createwithplay.com/en/articles/pan-trigger#translation-x","","appears 40 times"
"200 no error","https://docs.createwithplay.com/en/articles/pan-trigger#translation-y","","appears 40 times"
"200 no error","https://docs.createwithplay.com/en/articles/pan-trigger#velocity-x","","appears 40 times"
"200 no error","https://docs.createwithplay.com/en/articles/pan-trigger#velocity-y","","appears 40 times"
"200 no error","https://docs.createwithplay.com/en/articles/pan-trigger#translation-percent-x","","appears 40 times"
"200 no error","https://docs.createwithplay.com/en/articles/pan-trigger#translation-percent-y","","appears 40 times"
"200 no error","https://docs.createwithplay.com/en/articles/pan-trigger#is-enabled-2","","appears 40 times"
"200 no error","https://docs.createwithplay.com/en/articles/pan-trigger#resources","","appears 40 times"
"200 no error","https://docs.createwithplay.com/en/articles/picker-event-trigger#content-area","","appears 8 times"
"200 no error","https://docs.createwithplay.com/en/articles/picker-event-trigger#overview","","appears 16 times"
"200 no error","https://docs.createwithplay.com/en/articles/picker-event-trigger#trigger-properties","","appears 16 times"
"200 no error","https://docs.createwithplay.com/en/articles/picker-event-trigger#event","","appears 16 times"
"200 no error","https://docs.createwithplay.com/en/articles/picker-event-trigger#is-enabled","","appears 16 times"
"200 no error","https://docs.createwithplay.com/en/articles/picker-event-trigger#expression-editor-properties","","appears 16 times"
"200 no error","https://docs.createwithplay.com/en/articles/picker-event-trigger#is-enabled-2","","appears 16 times"
"200 no error","https://docs.createwithplay.com/en/articles/rive-event-trigger#content-area","","appears 12 times"
"200 no error","https://docs.createwithplay.com/en/articles/rive-event-trigger#overview","","appears 24 times"
"200 no error","https://docs.createwithplay.com/en/articles/rive-event-trigger#trigger-properties","","appears 24 times"
"200 no error","https://docs.createwithplay.com/en/articles/rive-event-trigger#event","","appears 24 times"
"200 no error","https://docs.createwithplay.com/en/articles/rive-event-trigger#is-enabled","","appears 24 times"
"200 no error","https://docs.createwithplay.com/en/articles/rive-event-trigger#expression-editor-properties","","appears 24 times"
"200 no error","https://docs.createwithplay.com/en/articles/rive-event-trigger#is-enabled-2","","appears 24 times"
"200 no error","https://docs.createwithplay.com/en/articles/rive-event-trigger#event-type","","appears 12 times"
"200 no error","https://docs.createwithplay.com/en/articles/rive-event-trigger#event-name","","appears 12 times"
"200 no error","https://docs.createwithplay.com/en/articles/rive-event-trigger#view-model","","appears 12 times"
"200 no error","https://docs.createwithplay.com/en/articles/rive-event-trigger#property","","appears 12 times"
"200 no error","https://docs.createwithplay.com/en/articles/scroll-trigger#content-area","","appears 20 times"
"200 no error","https://docs.createwithplay.com/en/articles/scroll-trigger#overview","","appears 40 times"
"200 no error","https://docs.createwithplay.com/en/articles/scroll-trigger#trigger-properties","","appears 40 times"
"200 no error","https://docs.createwithplay.com/en/articles/scroll-trigger#state","","appears 40 times"
"200 no error","https://docs.createwithplay.com/en/articles/scroll-trigger#direction","","appears 40 times"
"200 no error","https://docs.createwithplay.com/en/articles/scroll-trigger#only-trigger-on-drag","","appears 40 times"
"200 no error","https://docs.createwithplay.com/en/articles/scroll-trigger#trigger-within-range","","appears 40 times"
"200 no error","https://docs.createwithplay.com/en/articles/scroll-trigger#is-enabled","","appears 40 times"
"200 no error","https://docs.createwithplay.com/en/articles/scroll-trigger#expression-editor-properties","","appears 40 times"
"200 no error","https://docs.createwithplay.com/en/articles/scroll-trigger#location-x","","appears 40 times"
"200 no error","https://docs.createwithplay.com/en/articles/scroll-trigger#location-y","","appears 40 times"
"200 no error","https://docs.createwithplay.com/en/articles/scroll-trigger#velocity-x","","appears 40 times"
"200 no error","https://docs.createwithplay.com/en/articles/scroll-trigger#velocity-y","","appears 40 times"
"200 no error","https://docs.createwithplay.com/en/articles/scroll-trigger#scroll-velocity-x","","appears 40 times"
"200 no error","https://docs.createwithplay.com/en/articles/scroll-trigger#scroll-velocity-y","","appears 40 times"
"200 no error","https://docs.createwithplay.com/en/articles/scroll-trigger#scroll-offset-x","","appears 40 times"
"200 no error","https://docs.createwithplay.com/en/articles/scroll-trigger#scroll-offset-y","","appears 40 times"
"200 no error","https://docs.createwithplay.com/en/articles/scroll-trigger#is-enabled-2","","appears 40 times"
"200 no error","https://docs.createwithplay.com/en/articles/scroll-trigger#resources","","appears 40 times"
"200 no error","https://docs.createwithplay.com/en/articles/speech-trigger#content-area","","appears 17 times"
"200 no error","https://docs.createwithplay.com/en/articles/speech-trigger#overview","","appears 34 times"
"200 no error","https://docs.createwithplay.com/en/articles/speech-trigger#trigger-properties","","appears 34 times"
"200 no error","https://docs.createwithplay.com/en/articles/speech-trigger#trigger","","appears 34 times"
"200 no error","https://docs.createwithplay.com/en/articles/speech-trigger#words","","appears 34 times"
"200 no error","https://docs.createwithplay.com/en/articles/speech-trigger#stop-on-match","","appears 34 times"
"200 no error","https://docs.createwithplay.com/en/articles/speech-trigger#auto-start","","appears 34 times"
"200 no error","https://docs.createwithplay.com/en/articles/speech-trigger#language","","appears 34 times"
"200 no error","https://docs.createwithplay.com/en/articles/speech-trigger#uses-continuously","","appears 34 times"
"200 no error","https://docs.createwithplay.com/en/articles/speech-trigger#max-silence","","appears 34 times"
"200 no error","https://docs.createwithplay.com/en/articles/speech-trigger#max-speech-duration","","appears 34 times"
"200 no error","https://docs.createwithplay.com/en/articles/speech-trigger#is-enabled","","appears 34 times"
"200 no error","https://docs.createwithplay.com/en/articles/speech-trigger#expression-editor-properties","","appears 34 times"
"200 no error","https://docs.createwithplay.com/en/articles/speech-trigger#output","","appears 34 times"
"200 no error","https://docs.createwithplay.com/en/articles/speech-trigger#error","","appears 34 times"
"200 no error","https://docs.createwithplay.com/en/articles/long-press-trigger#content-area","","appears 14 times"
"200 no error","https://docs.createwithplay.com/en/articles/long-press-trigger#overview","","appears 28 times"
"200 no error","https://docs.createwithplay.com/en/articles/long-press-trigger#trigger-properties","","appears 28 times"
"200 no error","https://docs.createwithplay.com/en/articles/long-press-trigger#state","","appears 28 times"
"200 no error","https://docs.createwithplay.com/en/articles/long-press-trigger#duration","","appears 28 times"
"200 no error","https://docs.createwithplay.com/en/articles/long-press-trigger#is-enabled","","appears 28 times"
"200 no error","https://docs.createwithplay.com/en/articles/long-press-trigger#expression-editor-properties","","appears 28 times"
"200 no error","https://docs.createwithplay.com/en/articles/long-press-trigger#location-x","","appears 28 times"
"200 no error","https://docs.createwithplay.com/en/articles/long-press-trigger#location-y","","appears 28 times"
"200 no error","https://docs.createwithplay.com/en/articles/long-press-trigger#minimum-press-duration","","appears 28 times"
"200 no error","https://docs.createwithplay.com/en/articles/long-press-trigger#number-of-fingers","","appears 28 times"
"200 no error","https://docs.createwithplay.com/en/articles/long-press-trigger#is-enabled-2","","appears 28 times"
"200 no error","https://docs.createwithplay.com/en/articles/long-press-trigger#resources","","appears 28 times"
"200 no error","https://docs.createwithplay.com/en/articles/slider-event-trigger#content-area","","appears 9 times"
"200 no error","https://docs.createwithplay.com/en/articles/slider-event-trigger#overview","","appears 18 times"
"200 no error","https://docs.createwithplay.com/en/articles/slider-event-trigger#trigger-properties","","appears 18 times"
"200 no error","https://docs.createwithplay.com/en/articles/slider-event-trigger#event","","appears 18 times"
"200 no error","https://docs.createwithplay.com/en/articles/slider-event-trigger#is-enabled","","appears 18 times"
"200 no error","https://docs.createwithplay.com/en/articles/slider-event-trigger#expression-editor-properties","","appears 18 times"
"200 no error","https://docs.createwithplay.com/en/articles/slider-event-trigger#is-enabled-2","","appears 18 times"
"200 no error","https://docs.createwithplay.com/en/articles/slider-event-trigger#example-projects","","appears 18 times"
"200 no error","https://docs.createwithplay.com/en/articles/segmented-control-event-trigger#content-area","","appears 11 times"
"200 no error","https://docs.createwithplay.com/en/articles/segmented-control-event-trigger#overview","","appears 22 times"
"200 no error","https://docs.createwithplay.com/en/articles/segmented-control-event-trigger#trigger-properties","","appears 22 times"
"200 no error","https://docs.createwithplay.com/en/articles/segmented-control-event-trigger#event","","appears 22 times"
"200 no error","https://docs.createwithplay.com/en/articles/segmented-control-event-trigger#is-enabled","","appears 22 times"
"200 no error","https://docs.createwithplay.com/en/articles/segmented-control-event-trigger#expression-editor-properties","","appears 22 times"
"200 no error","https://docs.createwithplay.com/en/articles/segmented-control-event-trigger#location-x","","appears 22 times"
"200 no error","https://docs.createwithplay.com/en/articles/segmented-control-event-trigger#location-y","","appears 22 times"
"200 no error","https://docs.createwithplay.com/en/articles/segmented-control-event-trigger#is-enabled-2","","appears 22 times"
"200 no error","https://docs.createwithplay.com/en/articles/segmented-control-event-trigger#resources","","appears 22 times"
"200 no error","https://docs.createwithplay.com/en/articles/tap-trigger#content-area","","appears 14 times"
"200 no error","https://docs.createwithplay.com/en/articles/tap-trigger#overview","","appears 28 times"
"200 no error","https://docs.createwithplay.com/en/articles/tap-trigger#trigger-properties","","appears 28 times"
"200 no error","https://docs.createwithplay.com/en/articles/tap-trigger#number-of-taps","","appears 28 times"
"200 no error","https://docs.createwithplay.com/en/articles/tap-trigger#number-of-fingers","","appears 28 times"
"200 no error","https://docs.createwithplay.com/en/articles/tap-trigger#is-enabled","","appears 28 times"
"200 no error","https://docs.createwithplay.com/en/articles/tap-trigger#expression-editor-properties","","appears 28 times"
"200 no error","https://docs.createwithplay.com/en/articles/tap-trigger#location-x","","appears 28 times"
"200 no error","https://docs.createwithplay.com/en/articles/tap-trigger#location-y","","appears 28 times"
"200 no error","https://docs.createwithplay.com/en/articles/tap-trigger#number-of-taps-2","","appears 28 times"
"200 no error","https://docs.createwithplay.com/en/articles/tap-trigger#number-of-fingers-2","","appears 28 times"
"200 no error","https://docs.createwithplay.com/en/articles/tap-trigger#is-enabled-2","","appears 28 times"
"200 no error","https://docs.createwithplay.com/en/articles/tap-trigger#example-projects","","appears 28 times"
"200 no error","https://docs.createwithplay.com/en/articles/text-event-trigger#content-area","","appears 6 times"
"200 no error","https://docs.createwithplay.com/en/articles/text-event-trigger#overview","","appears 12 times"
"200 no error","https://docs.createwithplay.com/en/articles/text-event-trigger#trigger-properties","","appears 12 times"
"200 no error","https://docs.createwithplay.com/en/articles/text-event-trigger#event","","appears 12 times"
"200 no error","https://docs.createwithplay.com/en/articles/text-event-trigger#is-enabled","","appears 12 times"
"200 no error","https://docs.createwithplay.com/en/articles/switch-event-trigger#content-area","","appears 6 times"
"200 no error","https://docs.createwithplay.com/en/articles/switch-event-trigger#overview","","appears 12 times"
"200 no error","https://docs.createwithplay.com/en/articles/switch-event-trigger#trigger-properties","","appears 12 times"
"200 no error","https://docs.createwithplay.com/en/articles/switch-event-trigger#event","","appears 12 times"
"200 no error","https://docs.createwithplay.com/en/articles/switch-event-trigger#is-enabled","","appears 12 times"
"200 no error","https://docs.createwithplay.com/en/articles/shake-trigger#content-area","","appears 8 times"
"200 no error","https://docs.createwithplay.com/en/articles/shake-trigger#overview","","appears 16 times"
"200 no error","https://docs.createwithplay.com/en/articles/shake-trigger#trigger-properties","","appears 16 times"
"200 no error","https://docs.createwithplay.com/en/articles/shake-trigger#state","","appears 16 times"
"200 no error","https://docs.createwithplay.com/en/articles/shake-trigger#is-enabled","","appears 16 times"
"200 no error","https://docs.createwithplay.com/en/articles/shake-trigger#expression-editor-properties","","appears 16 times"
"200 no error","https://docs.createwithplay.com/en/articles/shake-trigger#is-enabled-2","","appears 16 times"
"200 no error","https://docs.createwithplay.com/en/articles/text-field-event-trigger#content-area","","appears 7 times"
"200 no error","https://docs.createwithplay.com/en/articles/text-field-event-trigger#overview","","appears 14 times"
"200 no error","https://docs.createwithplay.com/en/articles/text-field-event-trigger#trigger-properties","","appears 14 times"
"200 no error","https://docs.createwithplay.com/en/articles/text-field-event-trigger#event","","appears 14 times"
"200 no error","https://docs.createwithplay.com/en/articles/text-field-event-trigger#is-enabled","","appears 14 times"
"200 no error","https://docs.createwithplay.com/en/articles/text-field-event-trigger#resources","","appears 14 times"
"200 no error","https://docs.createwithplay.com/en/articles/video-event-trigger#content-area","","appears 11 times"
"200 no error","https://docs.createwithplay.com/en/articles/video-event-trigger#overview","","appears 22 times"
"200 no error","https://docs.createwithplay.com/en/articles/video-event-trigger#trigger-properties","","appears 22 times"
"200 no error","https://docs.createwithplay.com/en/articles/video-event-trigger#event","","appears 22 times"
"200 no error","https://docs.createwithplay.com/en/articles/video-event-trigger#is-enabled","","appears 22 times"
"200 no error","https://docs.createwithplay.com/en/articles/video-event-trigger#expression-editor-properties","","appears 22 times"
"200 no error","https://docs.createwithplay.com/en/articles/video-event-trigger#periodic-time-string","","appears 22 times"
"200 no error","https://docs.createwithplay.com/en/articles/video-event-trigger#photo-picker-progress","","appears 22 times"
"200 no error","https://docs.createwithplay.com/en/articles/video-event-trigger#time-control-status","","appears 22 times"
"200 no error","https://docs.createwithplay.com/en/articles/video-event-trigger#is-enabled-2","","appears 22 times"
"200 no error","https://docs.createwithplay.com/en/articles/stepper-event-trigger#content-area","","appears 7 times"
"200 no error","https://docs.createwithplay.com/en/articles/stepper-event-trigger#overview","","appears 14 times"
"200 no error","https://docs.createwithplay.com/en/articles/stepper-event-trigger#trigger-properties","","appears 14 times"
"200 no error","https://docs.createwithplay.com/en/articles/stepper-event-trigger#event","","appears 14 times"
"200 no error","https://docs.createwithplay.com/en/articles/stepper-event-trigger#is-enabled","","appears 14 times"
"200 no error","https://docs.createwithplay.com/en/articles/stepper-event-trigger#resources","","appears 14 times"
"200 no error","https://docs.createwithplay.com/en/articles/touch-trigger#content-area","","appears 11 times"
"200 no error","https://docs.createwithplay.com/en/articles/touch-trigger#overview","","appears 22 times"
"200 no error","https://docs.createwithplay.com/en/articles/touch-trigger#trigger-properties","","appears 22 times"
"200 no error","https://docs.createwithplay.com/en/articles/touch-trigger#state","","appears 22 times"
"200 no error","https://docs.createwithplay.com/en/articles/touch-trigger#number-of-touches","","appears 22 times"
"200 no error","https://docs.createwithplay.com/en/articles/touch-trigger#is-enabled","","appears 22 times"
"200 no error","https://docs.createwithplay.com/en/articles/touch-trigger#expression-editor-properties","","appears 22 times"
"200 no error","https://docs.createwithplay.com/en/articles/touch-trigger#location-x","","appears 22 times"
"200 no error","https://docs.createwithplay.com/en/articles/touch-trigger#location-y","","appears 22 times"
"200 no error","https://docs.createwithplay.com/en/articles/touch-trigger#resources","","appears 22 times"
"200 no error","https://docs.createwithplay.com/en/articles/color-well#content-area","","appears 8 times"
"200 no error","https://docs.createwithplay.com/en/articles/color-well#overview","","appears 16 times"
"200 no error","https://docs.createwithplay.com/en/articles/color-well#properties","","appears 16 times"
"200 no error","https://docs.createwithplay.com/en/articles/color-well#title","","appears 16 times"
"200 no error","https://docs.createwithplay.com/en/articles/color-well#expression-editor-properties","","appears 16 times"
"200 no error","https://docs.createwithplay.com/en/articles/color-well#color","","appears 16 times"
"200 no error","https://docs.createwithplay.com/en/articles/color-well#resources","","appears 16 times"
"404 not found","https://docs.createwithplay.com/en/articles/en/articles/color-well","","appears 8 times"
"200 no error","https://docs.createwithplay.com/en/articles/chart#content-area","","appears 19 times"
"200 no error","https://docs.createwithplay.com/en/articles/chart#overview","","appears 38 times"
"200 no error","https://docs.createwithplay.com/en/articles/chart#properties","","appears 38 times"
"200 no error","https://docs.createwithplay.com/en/articles/chart#type","","appears 38 times"
"200 no error","https://docs.createwithplay.com/en/articles/chart#interpolation","","appears 38 times"
"200 no error","https://docs.createwithplay.com/en/articles/chart#shape","","appears 38 times"
"200 no error","https://docs.createwithplay.com/en/articles/chart#count","","appears 38 times"
"200 no error","https://docs.createwithplay.com/en/articles/chart#noise","","appears 38 times"
"200 no error","https://docs.createwithplay.com/en/articles/chart#series","","appears 38 times"
"200 no error","https://docs.createwithplay.com/en/articles/chart#stacking","","appears 38 times"
"200 no error","https://docs.createwithplay.com/en/articles/chart#legend","","appears 38 times"
"200 no error","https://docs.createwithplay.com/en/articles/chart#position","","appears 38 times"
"200 no error","https://docs.createwithplay.com/en/articles/chart#alignment","","appears 38 times"
"200 no error","https://docs.createwithplay.com/en/articles/chart#categories","","appears 38 times"
"200 no error","https://docs.createwithplay.com/en/articles/chart#gap","","appears 38 times"
"200 no error","https://docs.createwithplay.com/en/articles/chart#axes","","appears 38 times"
"200 no error","https://docs.createwithplay.com/en/articles/chart#series-1-2-3","","appears 38 times"
"200 no error","https://docs.createwithplay.com/en/articles/chart#resources","","appears 38 times"
"200 no error","https://docs.createwithplay.com/en/articles/camera#content-area","","appears 13 times"
"200 no error","https://docs.createwithplay.com/en/articles/camera#overview","","appears 26 times"
"200 no error","https://docs.createwithplay.com/en/articles/camera#properties","","appears 26 times"
"200 no error","https://docs.createwithplay.com/en/articles/camera#mode","","appears 26 times"
"200 no error","https://docs.createwithplay.com/en/articles/camera#lens","","appears 26 times"
"200 no error","https://docs.createwithplay.com/en/articles/camera#digital-zoom","","appears 26 times"
"200 no error","https://docs.createwithplay.com/en/articles/camera#content-mode","","appears 26 times"
"200 no error","https://docs.createwithplay.com/en/articles/camera#quality","","appears 26 times"
"200 no error","https://docs.createwithplay.com/en/articles/camera#fps","","appears 26 times"
"200 no error","https://docs.createwithplay.com/en/articles/camera#show-preview","","appears 26 times"
"200 no error","https://docs.createwithplay.com/en/articles/camera#pinch-to-zoom","","appears 26 times"
"200 no error","https://docs.createwithplay.com/en/articles/camera#resources","","appears 26 times"
"200 no error","https://docs.createwithplay.com/en/articles/button#content-area","","appears 30 times"
"200 no error","https://docs.createwithplay.com/en/articles/button#overview","","appears 60 times"
"200 no error","https://docs.createwithplay.com/en/articles/button#properties","","appears 60 times"
"200 no error","https://docs.createwithplay.com/en/articles/button#resources","","appears 60 times"
"200 no error","https://docs.createwithplay.com/en/articles/button#tint","","appears 30 times"
"200 no error","https://docs.createwithplay.com/en/articles/button#size","","appears 30 times"
"200 no error","https://docs.createwithplay.com/en/articles/button#style","","appears 30 times"
"200 no error","https://docs.createwithplay.com/en/articles/button#corner-style","","appears 30 times"
"200 no error","https://docs.createwithplay.com/en/articles/button#content","","appears 30 times"
"200 no error","https://docs.createwithplay.com/en/articles/button#title","","appears 30 times"
"200 no error","https://docs.createwithplay.com/en/articles/button#sf-symbol","","appears 30 times"
"200 no error","https://docs.createwithplay.com/en/articles/button#subtitle","","appears 30 times"
"200 no error","https://docs.createwithplay.com/en/articles/button#alignment","","appears 30 times"
"200 no error","https://docs.createwithplay.com/en/articles/button#customize","","appears 30 times"
"200 no error","https://docs.createwithplay.com/en/articles/button#text-properties","","appears 30 times"
"200 no error","https://docs.createwithplay.com/en/articles/button#symbol-properties","","appears 30 times"
"200 no error","https://docs.createwithplay.com/en/articles/button#control-padding","","appears 30 times"
"200 no error","https://docs.createwithplay.com/en/articles/button#bg","","appears 30 times"
"200 no error","https://docs.createwithplay.com/en/articles/button#title-2","","appears 30 times"
"200 no error","https://docs.createwithplay.com/en/articles/button#system-image","","appears 30 times"
"200 no error","https://docs.createwithplay.com/en/articles/button#image-alignment","","appears 30 times"
"200 no error","https://docs.createwithplay.com/en/articles/button#gap","","appears 30 times"
"200 no error","https://docs.createwithplay.com/en/articles/button#style-2","","appears 30 times"
"200 no error","https://docs.createwithplay.com/en/articles/button#border-shape","","appears 30 times"
"200 no error","https://docs.createwithplay.com/en/articles/button#tint-2","","appears 30 times"
"200 no error","https://docs.createwithplay.com/en/articles/button#destructive","","appears 30 times"
"200 no error","https://docs.createwithplay.com/en/articles/button#customize-2","","appears 30 times"
"200 no error","https://docs.createwithplay.com/en/articles/button#text-properties-2","","appears 30 times"
"200 no error","https://docs.createwithplay.com/en/articles/button#symbol-properties-2","","appears 30 times"
"200 no error","https://docs.createwithplay.com/en/articles/audio-waveform#content-area","","appears 14 times"
"200 no error","https://docs.createwithplay.com/en/articles/audio-waveform#overview","","appears 28 times"
"200 no error","https://docs.createwithplay.com/en/articles/audio-waveform#properties","","appears 28 times"
"200 no error","https://docs.createwithplay.com/en/articles/audio-waveform#input","","appears 28 times"
"200 no error","https://docs.createwithplay.com/en/articles/audio-waveform#mode","","appears 28 times"
"200 no error","https://docs.createwithplay.com/en/articles/audio-waveform#listen-on-start","","appears 28 times"
"200 no error","https://docs.createwithplay.com/en/articles/audio-waveform#spectrum","","appears 28 times"
"200 no error","https://docs.createwithplay.com/en/articles/audio-waveform#alignment","","appears 28 times"
"200 no error","https://docs.createwithplay.com/en/articles/audio-waveform#style","","appears 28 times"
"200 no error","https://docs.createwithplay.com/en/articles/audio-waveform#default-style-options","","appears 28 times"
"200 no error","https://docs.createwithplay.com/en/articles/audio-waveform#bar-style-options","","appears 28 times"
"200 no error","https://docs.createwithplay.com/en/articles/audio-waveform#curved-style-options","","appears 28 times"
"200 no error","https://docs.createwithplay.com/en/articles/audio-waveform#resources","","appears 28 times"
"200 no error","https://docs.createwithplay.com/en/articles/date-picker#content-area","","appears 16 times"
"200 no error","https://docs.createwithplay.com/en/articles/date-picker#overview","","appears 32 times"
"200 no error","https://docs.createwithplay.com/en/articles/date-picker#properties","","appears 32 times"
"200 no error","https://docs.createwithplay.com/en/articles/date-picker#mode","","appears 32 times"
"200 no error","https://docs.createwithplay.com/en/articles/date-picker#style","","appears 32 times"
"200 no error","https://docs.createwithplay.com/en/articles/date-picker#tint-color","","appears 32 times"
"200 no error","https://docs.createwithplay.com/en/articles/date-picker#expression-editor-properties","","appears 32 times"
"200 no error","https://docs.createwithplay.com/en/articles/date-picker#value","","appears 32 times"
"200 no error","https://docs.createwithplay.com/en/articles/date-picker#day","","appears 32 times"
"200 no error","https://docs.createwithplay.com/en/articles/date-picker#month","","appears 32 times"
"200 no error","https://docs.createwithplay.com/en/articles/date-picker#year","","appears 32 times"
"200 no error","https://docs.createwithplay.com/en/articles/date-picker#hour","","appears 32 times"
"200 no error","https://docs.createwithplay.com/en/articles/date-picker#minute","","appears 32 times"
"200 no error","https://docs.createwithplay.com/en/articles/date-picker#second","","appears 32 times"
"200 no error","https://docs.createwithplay.com/en/articles/date-picker#resources","","appears 32 times"
"200 no error","https://docs.createwithplay.com/en/articles/picker#content-area","","appears 6 times"
"200 no error","https://docs.createwithplay.com/en/articles/picker#overview","","appears 12 times"
"200 no error","https://docs.createwithplay.com/en/articles/picker#properties","","appears 12 times"
"200 no error","https://docs.createwithplay.com/en/articles/picker#column-1-2-3","","appears 12 times"
"200 no error","https://docs.createwithplay.com/en/articles/picker#resources","","appears 12 times"
"200 no error","https://docs.createwithplay.com/en/articles/page-loader#content-area","","appears 6 times"
"200 no error","https://docs.createwithplay.com/en/articles/page-loader#overview","","appears 12 times"
"200 no error","https://docs.createwithplay.com/en/articles/page-loader#properties","","appears 12 times"
"200 no error","https://docs.createwithplay.com/en/articles/page-loader#page","","appears 12 times"
"200 no error","https://docs.createwithplay.com/en/articles/page-loader#resources","","appears 12 times"
"200 no error","https://docs.createwithplay.com/en/articles/spacer#content-area","","appears 4 times"
"200 no error","https://docs.createwithplay.com/en/articles/spacer#overview","","appears 8 times"
"200 no error","https://docs.createwithplay.com/en/articles/spacer#resources","","appears 8 times"
"200 no error","https://docs.createwithplay.com/en/articles/map#content-area","","appears 27 times"
"200 no error","https://docs.createwithplay.com/en/articles/map#overview","","appears 54 times"
"200 no error","https://docs.createwithplay.com/en/articles/map#pins","","appears 54 times"
"200 no error","https://docs.createwithplay.com/en/articles/map#edit-all-pins","","appears 54 times"
"200 no error","https://docs.createwithplay.com/en/articles/map#type","","appears 54 times"
"200 no error","https://docs.createwithplay.com/en/articles/map#pin-tint","","appears 54 times"
"200 no error","https://docs.createwithplay.com/en/articles/map#content-tint","","appears 54 times"
"200 no error","https://docs.createwithplay.com/en/articles/map#properties","","appears 54 times"
"200 no error","https://docs.createwithplay.com/en/articles/map#start-location","","appears 54 times"
"200 no error","https://docs.createwithplay.com/en/articles/map#type-2","","appears 54 times"
"200 no error","https://docs.createwithplay.com/en/articles/map#pin-selection","","appears 54 times"
"200 no error","https://docs.createwithplay.com/en/articles/map#other-settings","","appears 54 times"
"200 no error","https://docs.createwithplay.com/en/articles/map#show-user-marker","","appears 54 times"
"200 no error","https://docs.createwithplay.com/en/articles/map#resources","","appears 54 times"
"200 no error","https://docs.createwithplay.com/en/articles/map#location-accuracy","","appears 27 times"
"200 no error","https://docs.createwithplay.com/en/articles/map#altitude","","appears 27 times"
"200 no error","https://docs.createwithplay.com/en/articles/map#animate","","appears 27 times"
"200 no error","https://docs.createwithplay.com/en/articles/map#index","","appears 27 times"
"200 no error","https://docs.createwithplay.com/en/articles/map#select-pin","","appears 27 times"
"200 no error","https://docs.createwithplay.com/en/articles/map#altitude-2","","appears 27 times"
"200 no error","https://docs.createwithplay.com/en/articles/map#animate-2","","appears 27 times"
"200 no error","https://docs.createwithplay.com/en/articles/map#latitude","","appears 27 times"
"200 no error","https://docs.createwithplay.com/en/articles/map#longitude","","appears 27 times"
"200 no error","https://docs.createwithplay.com/en/articles/map#altitude-3","","appears 27 times"
"200 no error","https://docs.createwithplay.com/en/articles/map#rotation","","appears 27 times"
"200 no error","https://docs.createwithplay.com/en/articles/map#animate-3","","appears 27 times"
"200 no error","https://docs.createwithplay.com/en/articles/gauge#content-area","","appears 13 times"
"200 no error","https://docs.createwithplay.com/en/articles/gauge#overview","","appears 26 times"
"200 no error","https://docs.createwithplay.com/en/articles/gauge#properties","","appears 26 times"
"200 no error","https://docs.createwithplay.com/en/articles/gauge#type","","appears 26 times"
"200 no error","https://docs.createwithplay.com/en/articles/gauge#style","","appears 26 times"
"200 no error","https://docs.createwithplay.com/en/articles/gauge#show-value","","appears 26 times"
"200 no error","https://docs.createwithplay.com/en/articles/gauge#sf-symbol","","appears 26 times"
"200 no error","https://docs.createwithplay.com/en/articles/gauge#value","","appears 26 times"
"200 no error","https://docs.createwithplay.com/en/articles/gauge#min","","appears 26 times"
"200 no error","https://docs.createwithplay.com/en/articles/gauge#max","","appears 26 times"
"200 no error","https://docs.createwithplay.com/en/articles/gauge#customize","","appears 26 times"
"200 no error","https://docs.createwithplay.com/en/articles/gauge#resources","","appears 26 times"
"200 no error","https://docs.createwithplay.com/en/articles/segmented-control#content-area","","appears 12 times"
"200 no error","https://docs.createwithplay.com/en/articles/segmented-control#overview","","appears 24 times"
"200 no error","https://docs.createwithplay.com/en/articles/segmented-control#properties","","appears 24 times"
"200 no error","https://docs.createwithplay.com/en/articles/segmented-control#segments","","appears 24 times"
"200 no error","https://docs.createwithplay.com/en/articles/segmented-control#value","","appears 24 times"
"200 no error","https://docs.createwithplay.com/en/articles/segmented-control#customize","","appears 24 times"
"200 no error","https://docs.createwithplay.com/en/articles/segmented-control#colors","","appears 24 times"
"200 no error","https://docs.createwithplay.com/en/articles/segmented-control#control-padding","","appears 24 times"
"200 no error","https://docs.createwithplay.com/en/articles/segmented-control#label-style","","appears 24 times"
"200 no error","https://docs.createwithplay.com/en/articles/segmented-control#using-the-segmented-control-with-a-horizontal-stack","","appears 24 times"
"200 no error","https://docs.createwithplay.com/en/articles/segmented-control#resources","","appears 24 times"
"200 no error","https://docs.createwithplay.com/en/articles/switch#content-area","","appears 7 times"
"200 no error","https://docs.createwithplay.com/en/articles/switch#overview","","appears 14 times"
"200 no error","https://docs.createwithplay.com/en/articles/switch#properties","","appears 14 times"
"200 no error","https://docs.createwithplay.com/en/articles/switch#value","","appears 14 times"
"200 no error","https://docs.createwithplay.com/en/articles/switch#tint-color","","appears 14 times"
"200 no error","https://docs.createwithplay.com/en/articles/switch#resources","","appears 14 times"
"200 no error","https://docs.createwithplay.com/en/articles/svg#content-area","","appears 7 times"
"200 no error","https://docs.createwithplay.com/en/articles/svg#overview","","appears 14 times"
"200 no error","https://docs.createwithplay.com/en/articles/svg#properties","","appears 14 times"
"200 no error","https://docs.createwithplay.com/en/articles/svg#svg","","appears 14 times"
"200 no error","https://docs.createwithplay.com/en/articles/svg#content-mode","","appears 14 times"
"200 no error","https://docs.createwithplay.com/en/articles/svg#tint","","appears 14 times"
"200 no error","https://docs.createwithplay.com/en/articles/text-field#content-area","","appears 22 times"
"200 no error","https://docs.createwithplay.com/en/articles/text-field#overview","","appears 44 times"
"200 no error","https://docs.createwithplay.com/en/articles/text-field#properties","","appears 44 times"
"200 no error","https://docs.createwithplay.com/en/articles/text-field#placeholder-text","","appears 44 times"
"200 no error","https://docs.createwithplay.com/en/articles/text-field#value","","appears 44 times"
"200 no error","https://docs.createwithplay.com/en/articles/text-field#text-field-style","","appears 44 times"
"200 no error","https://docs.createwithplay.com/en/articles/text-field#customize","","appears 44 times"
"200 no error","https://docs.createwithplay.com/en/articles/text-field#colors","","appears 44 times"
"200 no error","https://docs.createwithplay.com/en/articles/text-field#text-properties","","appears 44 times"
"200 no error","https://docs.createwithplay.com/en/articles/text-field#keyboard","","appears 44 times"
"200 no error","https://docs.createwithplay.com/en/articles/text-field#type","","appears 44 times"
"200 no error","https://docs.createwithplay.com/en/articles/text-field#return-key","","appears 44 times"
"200 no error","https://docs.createwithplay.com/en/articles/text-field#dismiss-keyboard-on-return-key","","appears 44 times"
"200 no error","https://docs.createwithplay.com/en/articles/text-field#auto-capitalization","","appears 44 times"
"200 no error","https://docs.createwithplay.com/en/articles/text-field#auto-correction","","appears 44 times"
"200 no error","https://docs.createwithplay.com/en/articles/text-field#text-content-type","","appears 44 times"
"200 no error","https://docs.createwithplay.com/en/articles/text-field#dismiss-button","","appears 44 times"
"200 no error","https://docs.createwithplay.com/en/articles/text-field#show-clear-button","","appears 44 times"
"200 no error","https://docs.createwithplay.com/en/articles/text-field#password","","appears 44 times"
"200 no error","https://docs.createwithplay.com/en/articles/text-field#tag","","appears 44 times"
"200 no error","https://docs.createwithplay.com/en/articles/text-field#resources","","appears 44 times"
"200 no error","https://docs.createwithplay.com/en/articles/stepper#content-area","","appears 11 times"
"200 no error","https://docs.createwithplay.com/en/articles/stepper#overview","","appears 22 times"
"200 no error","https://docs.createwithplay.com/en/articles/stepper#properties","","appears 22 times"
"200 no error","https://docs.createwithplay.com/en/articles/stepper#value","","appears 22 times"
"200 no error","https://docs.createwithplay.com/en/articles/stepper#step","","appears 22 times"
"200 no error","https://docs.createwithplay.com/en/articles/stepper#min","","appears 22 times"
"200 no error","https://docs.createwithplay.com/en/articles/stepper#max","","appears 22 times"
"200 no error","https://docs.createwithplay.com/en/articles/stepper#wrap","","appears 22 times"
"200 no error","https://docs.createwithplay.com/en/articles/stepper#auto-repeat","","appears 22 times"
"200 no error","https://docs.createwithplay.com/en/articles/stepper#resources","","appears 22 times"
"200 no error","https://docs.createwithplay.com/en/articles/video#content-area","","appears 17 times"
"200 no error","https://docs.createwithplay.com/en/articles/video#overview","","appears 34 times"
"200 no error","https://docs.createwithplay.com/en/articles/video#properties","","appears 34 times"
"200 no error","https://docs.createwithplay.com/en/articles/video#video","","appears 34 times"
"200 no error","https://docs.createwithplay.com/en/articles/video#content-mode","","appears 34 times"
"200 no error","https://docs.createwithplay.com/en/articles/video#native-controls","","appears 34 times"
"200 no error","https://docs.createwithplay.com/en/articles/video#auto-play","","appears 34 times"
"200 no error","https://docs.createwithplay.com/en/articles/video#loop","","appears 34 times"
"200 no error","https://docs.createwithplay.com/en/articles/video#rate","","appears 34 times"
"200 no error","https://docs.createwithplay.com/en/articles/video#mute","","appears 34 times"
"200 no error","https://docs.createwithplay.com/en/articles/video#expression-editor-properties","","appears 34 times"
"200 no error","https://docs.createwithplay.com/en/articles/video#current-time","","appears 34 times"
"200 no error","https://docs.createwithplay.com/en/articles/video#current-percent","","appears 34 times"
"200 no error","https://docs.createwithplay.com/en/articles/video#is-playing","","appears 34 times"
"200 no error","https://docs.createwithplay.com/en/articles/video#total-time","","appears 34 times"
"200 no error","https://docs.createwithplay.com/en/articles/video#resources","","appears 34 times"
"200 no error","https://docs.createwithplay.com/en/articles/as-text#content-area","","appears 4 times"
"200 no error","https://docs.createwithplay.com/en/articles/as-boolean","","appears 61 times"
"200 no error","https://docs.createwithplay.com/en/articles/as-component","","appears 59 times"
"200 no error","https://docs.createwithplay.com/en/articles/as-element","","appears 58 times"
"200 no error","https://docs.createwithplay.com/en/articles/as-image","","appears 59 times"
"200 no error","https://docs.createwithplay.com/en/articles/as-number","","appears 62 times"
"200 no error","https://docs.createwithplay.com/en/articles/as-string","","appears 62 times"
"200 no error","https://docs.createwithplay.com/en/articles/as-svg","","appears 59 times"
"200 no error","https://docs.createwithplay.com/en/articles/as-symbol","","appears 58 times"
"200 no error","https://docs.createwithplay.com/en/articles/as-text#overview","","appears 8 times"
"200 no error","https://docs.createwithplay.com/en/articles/as-text#parameters","","appears 8 times"
"200 no error","https://docs.createwithplay.com/en/articles/prefab-slide-in-menu#content-area","","appears 8 times"
"200 no error","https://docs.createwithplay.com/en/articles/prefab-slide-in-menu#overview","","appears 16 times"
"200 no error","https://docs.createwithplay.com/en/articles/prefab-slide-in-menu#controls","","appears 16 times"
"200 no error","https://docs.createwithplay.com/en/articles/prefab-slide-in-menu#menu","","appears 16 times"
"200 no error","https://docs.createwithplay.com/en/articles/prefab-slide-in-menu#opacity","","appears 16 times"
"200 no error","https://docs.createwithplay.com/en/articles/prefab-slide-in-menu#duration","","appears 16 times"
"200 no error","https://docs.createwithplay.com/en/articles/prefab-slide-in-menu#spring","","appears 16 times"
"200 no error","https://docs.createwithplay.com/en/articles/prefab-scroll-progress-bar#content-area","","appears 7 times"
"200 no error","https://docs.createwithplay.com/en/articles/prefab-scroll-progress-bar#overview","","appears 14 times"
"200 no error","https://docs.createwithplay.com/en/articles/prefab-scroll-progress-bar#controls","","appears 14 times"
"200 no error","https://docs.createwithplay.com/en/articles/prefab-scroll-progress-bar#progress-bar","","appears 14 times"
"200 no error","https://docs.createwithplay.com/en/articles/prefab-scroll-progress-bar#fill-direction","","appears 14 times"
"200 no error","https://docs.createwithplay.com/en/articles/prefab-scroll-progress-bar#resources","","appears 14 times"
"200 no error","https://docs.createwithplay.com/en/articles/prefab-weather-api#content-area","","appears 17 times"
"200 no error","https://docs.createwithplay.com/en/articles/prefab-openai-api","","appears 167 times"
"200 no error","https://docs.createwithplay.com/en/articles/prefab-openai-api-dalle","","appears 164 times"
"200 no error","https://docs.createwithplay.com/en/articles/prefab-nytimes-api","","appears 158 times"
"200 no error","https://docs.createwithplay.com/en/articles/prefab-mapbox-api","","appears 161 times"
"200 no error","https://docs.createwithplay.com/en/articles/prefab-pexels-api","","appears 161 times"
"200 no error","https://docs.createwithplay.com/en/articles/prefab-weather-api#overview","","appears 34 times"
"200 no error","https://docs.createwithplay.com/en/articles/prefab-weather-api#prefab-controls","","appears 34 times"
"200 no error","https://docs.createwithplay.com/en/articles/prefab-weather-api#fetch-onload","","appears 34 times"
"200 no error","https://docs.createwithplay.com/en/articles/prefab-weather-api#api-key","","appears 34 times"
"200 no error","https://docs.createwithplay.com/en/articles/prefab-weather-api#lat","","appears 34 times"
"200 no error","https://docs.createwithplay.com/en/articles/prefab-weather-api#lon","","appears 34 times"
"200 no error","https://docs.createwithplay.com/en/articles/prefab-weather-api#api-loading","","appears 34 times"
"200 no error","https://docs.createwithplay.com/en/articles/prefab-weather-api#api-response","","appears 34 times"
"200 no error","https://docs.createwithplay.com/en/articles/prefab-weather-api#api-error","","appears 34 times"
"200 no error","https://docs.createwithplay.com/en/articles/prefab-weather-api#spinner","","appears 34 times"
"200 no error","https://docs.createwithplay.com/en/articles/prefab-weather-api#get-api-data","","appears 34 times"
"200 no error","https://docs.createwithplay.com/en/articles/prefab-weather-api#map-location-input","","appears 34 times"
"200 no error","https://docs.createwithplay.com/en/articles/prefab-weather-api#break-the-expression-down","","appears 34 times"
"200 no error","https://docs.createwithplay.com/en/articles/prefab-weather-api#populate-data","","appears 34 times"
"200 no error","https://docs.createwithplay.com/en/articles/prefab-weather-api#resources","","appears 34 times"
"200 no error","https://docs.createwithplay.com/en/articles/prefab-hide-header-on-scroll#content-area","","appears 9 times"
"200 no error","https://docs.createwithplay.com/en/articles/prefab-hide-header-on-scroll#overview","","appears 18 times"
"200 no error","https://docs.createwithplay.com/en/articles/prefab-hide-header-on-scroll#controls","","appears 18 times"
"200 no error","https://docs.createwithplay.com/en/articles/prefab-hide-header-on-scroll#header","","appears 18 times"
"200 no error","https://docs.createwithplay.com/en/articles/prefab-hide-header-on-scroll#opacity","","appears 18 times"
"200 no error","https://docs.createwithplay.com/en/articles/prefab-hide-header-on-scroll#offset-y","","appears 18 times"
"200 no error","https://docs.createwithplay.com/en/articles/prefab-hide-header-on-scroll#duration","","appears 18 times"
"200 no error","https://docs.createwithplay.com/en/articles/prefab-hide-header-on-scroll#resources","","appears 18 times"
"200 no error","https://docs.createwithplay.com/en/articles/prefab-bottom-drawer#content-area","","appears 8 times"
"200 no error","https://docs.createwithplay.com/en/articles/prefab-bottom-drawer#overview","","appears 16 times"
"200 no error","https://docs.createwithplay.com/en/articles/prefab-bottom-drawer#controls","","appears 16 times"
"200 no error","https://docs.createwithplay.com/en/articles/prefab-bottom-drawer#target","","appears 16 times"
"200 no error","https://docs.createwithplay.com/en/articles/prefab-bottom-drawer#open-position","","appears 16 times"
"200 no error","https://docs.createwithplay.com/en/articles/prefab-bottom-drawer#closed-position","","appears 16 times"
"200 no error","https://docs.createwithplay.com/en/articles/prefab-bottom-drawer#snap-to-position","","appears 16 times"
"200 no error","https://docs.createwithplay.com/en/articles/prefab-sticky-headers#content-area","","appears 7 times"
"200 no error","https://docs.createwithplay.com/en/articles/prefab-sticky-headers#overview","","appears 14 times"
"200 no error","https://docs.createwithplay.com/en/articles/prefab-sticky-headers#controls","","appears 14 times"
"200 no error","https://docs.createwithplay.com/en/articles/prefab-sticky-headers#header-1-2-3","","appears 14 times"
"200 no error","https://docs.createwithplay.com/en/articles/prefab-sticky-headers#offset","","appears 14 times"
"200 no error","https://docs.createwithplay.com/en/articles/prefab-sticky-headers#resources","","appears 14 times"
"200 no error","https://docs.createwithplay.com/en/articles/prefab-tinder-swipe#content-area","","appears 11 times"
"200 no error","https://docs.createwithplay.com/en/articles/prefab-tinder-swipe#overview","","appears 22 times"
"200 no error","https://docs.createwithplay.com/en/articles/prefab-tinder-swipe#controls","","appears 22 times"
"200 no error","https://docs.createwithplay.com/en/articles/prefab-tinder-swipe#threshold","","appears 22 times"
"200 no error","https://docs.createwithplay.com/en/articles/prefab-tinder-swipe#y-dampening","","appears 22 times"
"200 no error","https://docs.createwithplay.com/en/articles/prefab-tinder-swipe#max-rotation","","appears 22 times"
"200 no error","https://docs.createwithplay.com/en/articles/prefab-tinder-swipe#offset-cards","","appears 22 times"
"200 no error","https://docs.createwithplay.com/en/articles/prefab-tinder-swipe#haptics","","appears 22 times"
"200 no error","https://docs.createwithplay.com/en/articles/prefab-tinder-swipe#outlets","","appears 22 times"
"200 no error","https://docs.createwithplay.com/en/articles/prefab-tinder-swipe#resources","","appears 22 times"
"200 no error","https://docs.createwithplay.com/en/articles/prefab-card-flip#content-area","","appears 8 times"
"200 no error","https://docs.createwithplay.com/en/articles/prefab-card-flip#overview","","appears 16 times"
"200 no error","https://docs.createwithplay.com/en/articles/prefab-card-flip#controls","","appears 16 times"
"200 no error","https://docs.createwithplay.com/en/articles/prefab-card-flip#front","","appears 16 times"
"200 no error","https://docs.createwithplay.com/en/articles/prefab-card-flip#back","","appears 16 times"
"200 no error","https://docs.createwithplay.com/en/articles/prefab-card-flip#haptic","","appears 16 times"
"200 no error","https://docs.createwithplay.com/en/articles/prefab-card-flip#duration","","appears 16 times"
"200 no error","https://docs.createwithplay.com/en/articles/prefab-set-pagination-dots#content-area","","appears 8 times"
"200 no error","https://docs.createwithplay.com/en/articles/prefab-set-pagination-dots#overview","","appears 16 times"
"200 no error","https://docs.createwithplay.com/en/articles/prefab-set-pagination-dots#controls","","appears 16 times"
"200 no error","https://docs.createwithplay.com/en/articles/prefab-set-pagination-dots#dots","","appears 16 times"
"200 no error","https://docs.createwithplay.com/en/articles/prefab-set-pagination-dots#active-opacity","","appears 16 times"
"200 no error","https://docs.createwithplay.com/en/articles/prefab-set-pagination-dots#idle-opacity","","appears 16 times"
"200 no error","https://docs.createwithplay.com/en/articles/prefab-set-pagination-dots#resources","","appears 16 times"
"200 no error","https://docs.createwithplay.com/en/articles/prefab-toggle-tap","","appears 65 times"
"200 no error","https://docs.createwithplay.com/en/articles/blend-color#content-area","","appears 5 times"
"200 no error","https://docs.createwithplay.com/en/articles/calculate-luminance","","appears 84 times"
"200 no error","https://docs.createwithplay.com/en/articles/hex","","appears 84 times"
"200 no error","https://docs.createwithplay.com/en/articles/hsb-to-hsl","","appears 84 times"
"200 no error","https://docs.createwithplay.com/en/articles/hsb-to-rgb","","appears 84 times"
"200 no error","https://docs.createwithplay.com/en/articles/hsba","","appears 84 times"
"200 no error","https://docs.createwithplay.com/en/articles/hsl-to-hsb","","appears 84 times"
"200 no error","https://docs.createwithplay.com/en/articles/hsl-to-rgb","","appears 84 times"
"200 no error","https://docs.createwithplay.com/en/articles/hsla","","appears 84 times"
"200 no error","https://docs.createwithplay.com/en/articles/rgba","","appears 84 times"
"200 no error","https://docs.createwithplay.com/en/articles/rgb-to-hsb","","appears 84 times"
"200 no error","https://docs.createwithplay.com/en/articles/rgb-to-hsl","","appears 84 times"
"200 no error","https://docs.createwithplay.com/en/articles/blend-color#overview","","appears 10 times"
"200 no error","https://docs.createwithplay.com/en/articles/blend-color#parameters","","appears 10 times"
"200 no error","https://docs.createwithplay.com/en/articles/blend-color#example","","appears 10 times"
"200 no error","https://docs.createwithplay.com/en/articles/prefab-make-draggable#content-area","","appears 10 times"
"200 no error","https://docs.createwithplay.com/en/articles/prefab-snap-to-bounds","","appears 116 times"
"200 no error","https://docs.createwithplay.com/en/articles/prefab-drag-to-target","","appears 105 times"
"200 no error","https://docs.createwithplay.com/en/articles/prefab-drag-and-drop-list","","appears 111 times"
"200 no error","https://docs.createwithplay.com/en/articles/prefab-drag-and-drop-grid","","appears 121 times"
"200 no error","https://docs.createwithplay.com/en/articles/prefab-make-draggable#overview","","appears 20 times"
"200 no error","https://docs.createwithplay.com/en/articles/prefab-make-draggable#prefab-controls","","appears 20 times"
"200 no error","https://docs.createwithplay.com/en/articles/prefab-make-draggable#drag-x","","appears 20 times"
"200 no error","https://docs.createwithplay.com/en/articles/prefab-make-draggable#drag-y","","appears 20 times"
"200 no error","https://docs.createwithplay.com/en/articles/prefab-make-draggable#delay","","appears 20 times"
"200 no error","https://docs.createwithplay.com/en/articles/prefab-make-draggable#haptics","","appears 20 times"
"200 no error","https://docs.createwithplay.com/en/articles/prefab-make-draggable#resources","","appears 20 times"
"200 no error","https://docs.createwithplay.com/en/articles/prefab-make-draggable#projects","","appears 20 times"
"200 no error","https://docs.createwithplay.com/en/articles/prefab-make-sticky","","appears 80 times"
"200 no error","https://docs.createwithplay.com/en/articles/as-component#content-area","","appears 4 times"
"200 no error","https://docs.createwithplay.com/en/articles/as-component#overview","","appears 8 times"
"200 no error","https://docs.createwithplay.com/en/articles/as-component#parameters","","appears 8 times"
"200 no error","https://docs.createwithplay.com/en/articles/as-boolean#content-area","","appears 5 times"
"200 no error","https://docs.createwithplay.com/en/articles/as-boolean#overview","","appears 10 times"
"200 no error","https://docs.createwithplay.com/en/articles/as-boolean#parameters","","appears 10 times"
"200 no error","https://docs.createwithplay.com/en/articles/as-boolean#example","","appears 10 times"
"200 no error","https://docs.createwithplay.com/en/articles/time-since-1970","","appears 32 times"
"200 no error","https://docs.createwithplay.com/en/articles/as-element#content-area","","appears 4 times"
"200 no error","https://docs.createwithplay.com/en/articles/as-element#overview","","appears 8 times"
"200 no error","https://docs.createwithplay.com/en/articles/as-element#parameters","","appears 8 times"
"200 no error","https://docs.createwithplay.com/en/articles/as-svg#content-area","","appears 4 times"
"200 no error","https://docs.createwithplay.com/en/articles/as-svg#overview","","appears 8 times"
"200 no error","https://docs.createwithplay.com/en/articles/as-svg#parameters","","appears 8 times"
"200 no error","https://docs.createwithplay.com/en/articles/as-string#content-area","","appears 5 times"
"200 no error","https://docs.createwithplay.com/en/articles/as-string#overview","","appears 10 times"
"200 no error","https://docs.createwithplay.com/en/articles/as-string#parameters","","appears 10 times"
"200 no error","https://docs.createwithplay.com/en/articles/as-string#example","","appears 10 times"
"200 no error","https://docs.createwithplay.com/en/articles/as-image#content-area","","appears 4 times"
"200 no error","https://docs.createwithplay.com/en/articles/as-image#overview","","appears 8 times"
"200 no error","https://docs.createwithplay.com/en/articles/as-image#parameters","","appears 8 times"
"200 no error","https://docs.createwithplay.com/en/articles/as-number#content-area","","appears 5 times"
"200 no error","https://docs.createwithplay.com/en/articles/as-number#overview","","appears 10 times"
"200 no error","https://docs.createwithplay.com/en/articles/as-number#parameters","","appears 10 times"
"200 no error","https://docs.createwithplay.com/en/articles/as-number#example","","appears 10 times"
"200 no error","https://docs.createwithplay.com/en/articles/as-symbol#content-area","","appears 4 times"
"200 no error","https://docs.createwithplay.com/en/articles/as-symbol#overview","","appears 8 times"
"200 no error","https://docs.createwithplay.com/en/articles/as-symbol#parameters","","appears 8 times"
"200 no error","https://docs.createwithplay.com/en/articles/prefab-openai-api-dalle#content-area","","appears 14 times"
"200 no error","https://docs.createwithplay.com/en/articles/prefab-openai-api-dalle#overview","","appears 28 times"
"200 no error","https://docs.createwithplay.com/en/articles/prefab-openai-api-dalle#controls","","appears 28 times"
"200 no error","https://docs.createwithplay.com/en/articles/prefab-openai-api-dalle#fetch-onload","","appears 28 times"
"200 no error","https://docs.createwithplay.com/en/articles/prefab-openai-api-dalle#prompt","","appears 28 times"
"200 no error","https://docs.createwithplay.com/en/articles/prefab-openai-api-dalle#api-key","","appears 28 times"
"200 no error","https://docs.createwithplay.com/en/articles/prefab-openai-api-dalle#api-loading","","appears 28 times"
"200 no error","https://docs.createwithplay.com/en/articles/prefab-openai-api-dalle#api-response","","appears 28 times"
"200 no error","https://docs.createwithplay.com/en/articles/prefab-openai-api-dalle#api-error","","appears 28 times"
"200 no error","https://docs.createwithplay.com/en/articles/prefab-openai-api-dalle#spinner","","appears 28 times"
"200 no error","https://docs.createwithplay.com/en/articles/prefab-openai-api-dalle#get-api-data","","appears 28 times"
"200 no error","https://docs.createwithplay.com/en/articles/prefab-openai-api-dalle#textfield-input","","appears 28 times"
"200 no error","https://docs.createwithplay.com/en/articles/prefab-openai-api-dalle#populate-data","","appears 28 times"
"200 no error","https://docs.createwithplay.com/en/articles/prefab-nytimes-api#content-area","","appears 13 times"
"200 no error","https://docs.createwithplay.com/en/articles/prefab-nytimes-api#overview","","appears 26 times"
"200 no error","https://docs.createwithplay.com/en/articles/prefab-nytimes-api#prefab-controls","","appears 26 times"
"200 no error","https://docs.createwithplay.com/en/articles/prefab-nytimes-api#fetch-onload","","appears 26 times"
"200 no error","https://docs.createwithplay.com/en/articles/prefab-nytimes-api#api-key","","appears 26 times"
"200 no error","https://docs.createwithplay.com/en/articles/prefab-nytimes-api#api-loading","","appears 26 times"
"200 no error","https://docs.createwithplay.com/en/articles/prefab-nytimes-api#api-response","","appears 26 times"
"200 no error","https://docs.createwithplay.com/en/articles/prefab-nytimes-api#api-error","","appears 26 times"
"200 no error","https://docs.createwithplay.com/en/articles/prefab-nytimes-api#spinner","","appears 26 times"
"200 no error","https://docs.createwithplay.com/en/articles/prefab-nytimes-api#get-api-data","","appears 26 times"
"200 no error","https://docs.createwithplay.com/en/articles/prefab-nytimes-api#populate-data","","appears 26 times"
"200 no error","https://docs.createwithplay.com/en/articles/prefab-nytimes-api#resources","","appears 26 times"
"200 no error","https://docs.createwithplay.com/en/articles/prefab-openai-api#content-area","","appears 19 times"
"200 no error","https://docs.createwithplay.com/en/articles/prefab-openai-api#overview","","appears 38 times"
"200 no error","https://docs.createwithplay.com/en/articles/prefab-openai-api#prefab-controls","","appears 38 times"
"200 no error","https://docs.createwithplay.com/en/articles/prefab-openai-api#fetch-onload","","appears 38 times"
"200 no error","https://docs.createwithplay.com/en/articles/prefab-openai-api#prompt","","appears 38 times"
"200 no error","https://docs.createwithplay.com/en/articles/prefab-openai-api#api-key","","appears 38 times"
"200 no error","https://docs.createwithplay.com/en/articles/prefab-openai-api#model","","appears 38 times"
"200 no error","https://docs.createwithplay.com/en/articles/prefab-openai-api#role","","appears 38 times"
"200 no error","https://docs.createwithplay.com/en/articles/prefab-openai-api#remember-context","","appears 38 times"
"200 no error","https://docs.createwithplay.com/en/articles/prefab-openai-api#api-loading","","appears 38 times"
"200 no error","https://docs.createwithplay.com/en/articles/prefab-openai-api#api-response","","appears 38 times"
"200 no error","https://docs.createwithplay.com/en/articles/prefab-openai-api#api-error","","appears 38 times"
"200 no error","https://docs.createwithplay.com/en/articles/prefab-openai-api#spinner","","appears 38 times"
"200 no error","https://docs.createwithplay.com/en/articles/prefab-openai-api#get-api-data","","appears 38 times"
"200 no error","https://docs.createwithplay.com/en/articles/prefab-openai-api#textfield-input","","appears 38 times"
"200 no error","https://docs.createwithplay.com/en/articles/prefab-openai-api#speech-input","","appears 38 times"
"200 no error","https://docs.createwithplay.com/en/articles/prefab-openai-api#populate-data","","appears 38 times"
"200 no error","https://docs.createwithplay.com/en/articles/prefab-openai-api#resources","","appears 38 times"
"404 not found","https://docs.createwithplay.com/en/articles/openai-api-prefab-api#get-api-data","","appears 19 times"
"200 no error","https://docs.createwithplay.com/en/articles/prefab-blend-color-children","","appears 66 times"
"200 no error","https://docs.createwithplay.com/en/articles/prefab-pexels-api#content-area","","appears 13 times"
"200 no error","https://docs.createwithplay.com/en/articles/prefab-pexels-api#overview","","appears 26 times"
"200 no error","https://docs.createwithplay.com/en/articles/prefab-pexels-api#controls","","appears 26 times"
"200 no error","https://docs.createwithplay.com/en/articles/prefab-pexels-api#fetch-onload","","appears 26 times"
"200 no error","https://docs.createwithplay.com/en/articles/prefab-pexels-api#search-keyword","","appears 26 times"
"200 no error","https://docs.createwithplay.com/en/articles/prefab-pexels-api#image-pool","","appears 26 times"
"200 no error","https://docs.createwithplay.com/en/articles/prefab-pexels-api#api-key","","appears 26 times"
"200 no error","https://docs.createwithplay.com/en/articles/prefab-pexels-api#api-loading","","appears 26 times"
"200 no error","https://docs.createwithplay.com/en/articles/prefab-pexels-api#api-response","","appears 26 times"
"200 no error","https://docs.createwithplay.com/en/articles/prefab-pexels-api#api-error","","appears 26 times"
"200 no error","https://docs.createwithplay.com/en/articles/prefab-pexels-api#spinner","","appears 26 times"
"200 no error","https://docs.createwithplay.com/en/articles/prefab-pexels-api#populate-data","","appears 26 times"
"200 no error","https://docs.createwithplay.com/en/articles/prefab-mapbox-api#content-area","","appears 15 times"
"200 no error","https://docs.createwithplay.com/en/articles/prefab-mapbox-api#overview","","appears 30 times"
"200 no error","https://docs.createwithplay.com/en/articles/prefab-mapbox-api#prefab-controls","","appears 30 times"
"200 no error","https://docs.createwithplay.com/en/articles/prefab-mapbox-api#fetch-onload","","appears 30 times"
"200 no error","https://docs.createwithplay.com/en/articles/prefab-mapbox-api#api-key","","appears 30 times"
"200 no error","https://docs.createwithplay.com/en/articles/prefab-mapbox-api#search-result","","appears 30 times"
"200 no error","https://docs.createwithplay.com/en/articles/prefab-mapbox-api#search-keyword","","appears 30 times"
"200 no error","https://docs.createwithplay.com/en/articles/prefab-mapbox-api#api-loading","","appears 30 times"
"200 no error","https://docs.createwithplay.com/en/articles/prefab-mapbox-api#api-response","","appears 30 times"
"200 no error","https://docs.createwithplay.com/en/articles/prefab-mapbox-api#api-error","","appears 30 times"
"200 no error","https://docs.createwithplay.com/en/articles/prefab-mapbox-api#get-api-data","","appears 30 times"
"200 no error","https://docs.createwithplay.com/en/articles/prefab-mapbox-api#textfield-input","","appears 30 times"
"200 no error","https://docs.createwithplay.com/en/articles/prefab-mapbox-api#populate-data","","appears 30 times"
"200 no error","https://docs.createwithplay.com/en/articles/prefab-mapbox-api#resources","","appears 30 times"
"404 not found","https://docs.createwithplay.com/en/articles/mapbox-api-address-lookup-prefab-api#get-api-data","","appears 15 times"
"200 no error","https://docs.createwithplay.com/en/articles/hex#content-area","","appears 5 times"
"200 no error","https://docs.createwithplay.com/en/articles/hex#overview","","appears 10 times"
"200 no error","https://docs.createwithplay.com/en/articles/hex#parameters","","appears 10 times"
"200 no error","https://docs.createwithplay.com/en/articles/hex#example","","appears 10 times"
"200 no error","https://docs.createwithplay.com/en/articles/hsb-to-hsl#content-area","","appears 5 times"
"200 no error","https://docs.createwithplay.com/en/articles/hsb-to-hsl#overview","","appears 10 times"
"200 no error","https://docs.createwithplay.com/en/articles/hsb-to-hsl#parameters-return-color","","appears 10 times"
"200 no error","https://docs.createwithplay.com/en/articles/hsb-to-hsl#parameters-return-array","","appears 10 times"
"200 no error","https://docs.createwithplay.com/en/articles/prefab-toggle-tap#content-area","","appears 7 times"
"200 no error","https://docs.createwithplay.com/en/articles/prefab-stack-and-unstack","","appears 84 times"
"200 no error","https://docs.createwithplay.com/en/articles/prefab-toggle-tap#overview","","appears 14 times"
"200 no error","https://docs.createwithplay.com/en/articles/prefab-toggle-tap#prefab-controls","","appears 14 times"
"200 no error","https://docs.createwithplay.com/en/articles/prefab-toggle-tap#first-tap","","appears 14 times"
"200 no error","https://docs.createwithplay.com/en/articles/prefab-toggle-tap#second-tap","","appears 14 times"
"200 no error","https://docs.createwithplay.com/en/articles/prefab-toggle-tap#haptic","","appears 14 times"
"200 no error","https://docs.createwithplay.com/en/articles/calculate-luminance#content-area","","appears 5 times"
"200 no error","https://docs.createwithplay.com/en/articles/calculate-luminance#overview","","appears 10 times"
"200 no error","https://docs.createwithplay.com/en/articles/calculate-luminance#parameters","","appears 10 times"
"200 no error","https://docs.createwithplay.com/en/articles/calculate-luminance#example","","appears 10 times"
"200 no error","https://docs.createwithplay.com/en/articles/hsla#content-area","","appears 5 times"
"200 no error","https://docs.createwithplay.com/en/articles/hsla#overview","","appears 10 times"
"200 no error","https://docs.createwithplay.com/en/articles/hsla#parameters-return-color","","appears 10 times"
"200 no error","https://docs.createwithplay.com/en/articles/hsla#parameters-return-array","","appears 10 times"
"200 no error","https://docs.createwithplay.com/en/articles/rgba#content-area","","appears 5 times"
"200 no error","https://docs.createwithplay.com/en/articles/rgba#overview","","appears 10 times"
"200 no error","https://docs.createwithplay.com/en/articles/rgba#parameters","","appears 10 times"
"200 no error","https://docs.createwithplay.com/en/articles/rgba#array-input","","appears 10 times"
"200 no error","https://docs.createwithplay.com/en/articles/hsl-to-rgb#content-area","","appears 5 times"
"200 no error","https://docs.createwithplay.com/en/articles/hsl-to-rgb#overview","","appears 10 times"
"200 no error","https://docs.createwithplay.com/en/articles/hsl-to-rgb#parameters-return-color","","appears 10 times"
"200 no error","https://docs.createwithplay.com/en/articles/hsl-to-rgb#parameters-return-array","","appears 10 times"
"200 no error","https://docs.createwithplay.com/en/articles/hsba#content-area","","appears 5 times"
"200 no error","https://docs.createwithplay.com/en/articles/hsba#overview","","appears 10 times"
"200 no error","https://docs.createwithplay.com/en/articles/hsba#parameters-return-color","","appears 10 times"
"200 no error","https://docs.createwithplay.com/en/articles/hsba#parameters-return-array","","appears 10 times"
"200 no error","https://docs.createwithplay.com/en/articles/hsl-to-hsb#content-area","","appears 5 times"
"200 no error","https://docs.createwithplay.com/en/articles/hsl-to-hsb#overview","","appears 10 times"
"200 no error","https://docs.createwithplay.com/en/articles/hsl-to-hsb#parameters-return-color","","appears 10 times"
"200 no error","https://docs.createwithplay.com/en/articles/hsl-to-hsb#parameters-return-array","","appears 10 times"
"200 no error","https://docs.createwithplay.com/en/articles/hsb-to-rgb#content-area","","appears 5 times"
"200 no error","https://docs.createwithplay.com/en/articles/hsb-to-rgb#overview","","appears 10 times"
"200 no error","https://docs.createwithplay.com/en/articles/hsb-to-rgb#parameters-return-color","","appears 10 times"
"200 no error","https://docs.createwithplay.com/en/articles/hsb-to-rgb#parameters-return-array","","appears 10 times"
"200 no error","https://docs.createwithplay.com/en/articles/rgb-to-hsl#content-area","","appears 5 times"
"200 no error","https://docs.createwithplay.com/en/articles/rgb-to-hsl#overview","","appears 10 times"
"200 no error","https://docs.createwithplay.com/en/articles/rgb-to-hsl#parameters-return-color","","appears 10 times"
"200 no error","https://docs.createwithplay.com/en/articles/rgb-to-hsl#array-input-return-array","","appears 10 times"
"200 no error","https://docs.createwithplay.com/en/articles/base-64-image","","appears 157 times"
"200 no error","https://docs.createwithplay.com/en/articles/rgb-to-hsb#content-area","","appears 5 times"
"200 no error","https://docs.createwithplay.com/en/articles/rgb-to-hsb#overview","","appears 10 times"
"200 no error","https://docs.createwithplay.com/en/articles/rgb-to-hsb#parameters","","appears 10 times"
"200 no error","https://docs.createwithplay.com/en/articles/rgb-to-hsb#array-input","","appears 10 times"
"200 no error","https://docs.createwithplay.com/en/articles/prefab-snap-to-bounds#content-area","","appears 14 times"
"200 no error","https://docs.createwithplay.com/en/articles/prefab-snap-to-bounds#overview","","appears 28 times"
"200 no error","https://docs.createwithplay.com/en/articles/prefab-snap-to-bounds#prefab-controls","","appears 28 times"
"200 no error","https://docs.createwithplay.com/en/articles/prefab-snap-to-bounds#up","","appears 28 times"
"200 no error","https://docs.createwithplay.com/en/articles/prefab-snap-to-bounds#down","","appears 28 times"
"200 no error","https://docs.createwithplay.com/en/articles/prefab-snap-to-bounds#left","","appears 28 times"
"200 no error","https://docs.createwithplay.com/en/articles/prefab-snap-to-bounds#right","","appears 28 times"
"200 no error","https://docs.createwithplay.com/en/articles/prefab-snap-to-bounds#threshold","","appears 28 times"
"200 no error","https://docs.createwithplay.com/en/articles/prefab-snap-to-bounds#duration","","appears 28 times"
"200 no error","https://docs.createwithplay.com/en/articles/prefab-snap-to-bounds#spring","","appears 28 times"
"200 no error","https://docs.createwithplay.com/en/articles/prefab-snap-to-bounds#haptics","","appears 28 times"
"200 no error","https://docs.createwithplay.com/en/articles/prefab-snap-to-bounds#resources","","appears 28 times"
"200 no error","https://docs.createwithplay.com/en/articles/prefab-snap-to-bounds#projects","","appears 28 times"
"404 not found","https://docs.createwithplay.com/en/articles/drag-around-prefab-pan","","appears 14 times"
"200 no error","https://docs.createwithplay.com/en/articles/prefab-drag-to-target#content-area","","appears 8 times"
"200 no error","https://docs.createwithplay.com/en/articles/prefab-drag-to-target#overview","","appears 16 times"
"200 no error","https://docs.createwithplay.com/en/articles/prefab-drag-to-target#prefab-controls","","appears 16 times"
"200 no error","https://docs.createwithplay.com/en/articles/prefab-drag-to-target#target","","appears 16 times"
"200 no error","https://docs.createwithplay.com/en/articles/prefab-drag-to-target#on-enter","","appears 16 times"
"200 no error","https://docs.createwithplay.com/en/articles/prefab-drag-to-target#release-inside","","appears 16 times"
"200 no error","https://docs.createwithplay.com/en/articles/prefab-drag-to-target#on-exit","","appears 16 times"
"200 no error","https://docs.createwithplay.com/en/articles/prefab-drag-and-drop-grid#content-area","","appears 14 times"
"200 no error","https://docs.createwithplay.com/en/articles/prefab-drag-and-drop-grid#overview","","appears 28 times"
"200 no error","https://docs.createwithplay.com/en/articles/prefab-drag-and-drop-grid#prefab-controls","","appears 28 times"
"200 no error","https://docs.createwithplay.com/en/articles/prefab-drag-and-drop-grid#columns","","appears 28 times"
"200 no error","https://docs.createwithplay.com/en/articles/prefab-drag-and-drop-grid#spacing","","appears 28 times"
"200 no error","https://docs.createwithplay.com/en/articles/prefab-drag-and-drop-grid#scale","","appears 28 times"
"200 no error","https://docs.createwithplay.com/en/articles/prefab-drag-and-drop-grid#opacity","","appears 28 times"
"200 no error","https://docs.createwithplay.com/en/articles/prefab-drag-and-drop-grid#duration","","appears 28 times"
"200 no error","https://docs.createwithplay.com/en/articles/prefab-drag-and-drop-grid#spring","","appears 28 times"
"200 no error","https://docs.createwithplay.com/en/articles/prefab-drag-and-drop-grid#touch-delay","","appears 28 times"
"200 no error","https://docs.createwithplay.com/en/articles/prefab-drag-and-drop-grid#auto-height","","appears 28 times"
"200 no error","https://docs.createwithplay.com/en/articles/prefab-drag-and-drop-grid#resources","","appears 28 times"
"200 no error","https://docs.createwithplay.com/en/articles/prefab-drag-and-drop-grid#projects","","appears 28 times"
"200 no error","https://docs.createwithplay.com/en/articles/prefab-animate-into-view","","appears 91 times"
"200 no error","https://docs.createwithplay.com/en/articles/prefab-drag-and-drop-list#content-area","","appears 11 times"
"200 no error","https://docs.createwithplay.com/en/articles/prefab-drag-and-drop-list#overview","","appears 22 times"
"200 no error","https://docs.createwithplay.com/en/articles/prefab-drag-and-drop-list#prefab-controls","","appears 22 times"
"200 no error","https://docs.createwithplay.com/en/articles/prefab-drag-and-drop-list#scale","","appears 22 times"
"200 no error","https://docs.createwithplay.com/en/articles/prefab-drag-and-drop-list#opacity","","appears 22 times"
"200 no error","https://docs.createwithplay.com/en/articles/prefab-drag-and-drop-list#duration","","appears 22 times"
"200 no error","https://docs.createwithplay.com/en/articles/prefab-drag-and-drop-list#spring","","appears 22 times"
"200 no error","https://docs.createwithplay.com/en/articles/prefab-drag-and-drop-list#touch-delay","","appears 22 times"
"200 no error","https://docs.createwithplay.com/en/articles/prefab-drag-and-drop-list#resources","","appears 22 times"
"200 no error","https://docs.createwithplay.com/en/articles/prefab-drag-and-drop-list#projects","","appears 22 times"
"200 no error","https://docs.createwithplay.com/en/articles/prefab-make-sticky#content-area","","appears 7 times"
"200 no error","https://docs.createwithplay.com/en/articles/prefab-trigger-on-scroll-direction","","appears 79 times"
"200 no error","https://docs.createwithplay.com/en/articles/prefab-scrolled-to-position","","appears 76 times"
"200 no error","https://docs.createwithplay.com/en/articles/prefab-scroll-to-range","","appears 80 times"
"200 no error","https://docs.createwithplay.com/en/articles/prefab-set-property-on-scroll","","appears 84 times"
"200 no error","https://docs.createwithplay.com/en/articles/prefab-make-sticky#overview","","appears 14 times"
"200 no error","https://docs.createwithplay.com/en/articles/prefab-make-sticky#controls","","appears 14 times"
"200 no error","https://docs.createwithplay.com/en/articles/prefab-make-sticky#target","","appears 14 times"
"200 no error","https://docs.createwithplay.com/en/articles/prefab-make-sticky#edge","","appears 14 times"
"200 no error","https://docs.createwithplay.com/en/articles/prefab-make-sticky#offset","","appears 14 times"
"200 no error","https://docs.createwithplay.com/en/articles/time-since-1970#content-area","","appears 4 times"
"200 no error","https://docs.createwithplay.com/en/articles/current-media-time","","appears 32 times"
"200 no error","https://docs.createwithplay.com/en/articles/local-time-since-1970","","appears 31 times"
"200 no error","https://docs.createwithplay.com/en/articles/time-since-1970#overview","","appears 8 times"
"200 no error","https://docs.createwithplay.com/en/articles/time-since-1970#parameters","","appears 8 times"
"200 no error","https://docs.createwithplay.com/en/articles/prefab-blend-color-children#content-area","","appears 6 times"
"200 no error","https://docs.createwithplay.com/en/articles/prefab-text-contrast-luminance","","appears 63 times"
"200 no error","https://docs.createwithplay.com/en/articles/prefab-text-contrast-hue","","appears 57 times"
"200 no error","https://docs.createwithplay.com/en/articles/prefab-get-image-colors","","appears 52 times"
"200 no error","https://docs.createwithplay.com/en/articles/prefab-blend-color-children#overview","","appears 12 times"
"200 no error","https://docs.createwithplay.com/en/articles/prefab-blend-color-children#controls","","appears 12 times"
"200 no error","https://docs.createwithplay.com/en/articles/prefab-blend-color-children#color-a","","appears 12 times"
"200 no error","https://docs.createwithplay.com/en/articles/prefab-blend-color-children#color-b","","appears 12 times"
"200 no error","https://docs.createwithplay.com/en/articles/prefab-stack-and-unstack#content-area","","appears 15 times"
"200 no error","https://docs.createwithplay.com/en/articles/prefab-stack-and-unstack#overview","","appears 30 times"
"200 no error","https://docs.createwithplay.com/en/articles/prefab-stack-and-unstack#controls","","appears 30 times"
"200 no error","https://docs.createwithplay.com/en/articles/prefab-stack-and-unstack#overlap","","appears 30 times"
"200 no error","https://docs.createwithplay.com/en/articles/prefab-stack-and-unstack#blur","","appears 30 times"
"200 no error","https://docs.createwithplay.com/en/articles/prefab-stack-and-unstack#opacity","","appears 30 times"
"200 no error","https://docs.createwithplay.com/en/articles/prefab-stack-and-unstack#scale","","appears 30 times"
"200 no error","https://docs.createwithplay.com/en/articles/prefab-stack-and-unstack#stack-on-load","","appears 30 times"
"200 no error","https://docs.createwithplay.com/en/articles/prefab-stack-and-unstack#invert","","appears 30 times"
"200 no error","https://docs.createwithplay.com/en/articles/prefab-stack-and-unstack#random-unstack","","appears 30 times"
"200 no error","https://docs.createwithplay.com/en/articles/prefab-stack-and-unstack#stagger","","appears 30 times"
"200 no error","https://docs.createwithplay.com/en/articles/prefab-stack-and-unstack#duration","","appears 30 times"
"200 no error","https://docs.createwithplay.com/en/articles/prefab-stack-and-unstack#spring","","appears 30 times"
"200 no error","https://docs.createwithplay.com/en/articles/prefab-stack-and-unstack#resources","","appears 30 times"
"200 no error","https://docs.createwithplay.com/en/articles/prefab-touch-down-effect","","appears 76 times"
"200 no error","https://docs.createwithplay.com/en/articles/base-64-image#content-area","","appears 5 times"
"200 no error","https://docs.createwithplay.com/en/articles/base-64-string","","appears 157 times"
"200 no error","https://docs.createwithplay.com/en/articles/child-at-index","","appears 157 times"
"200 no error","https://docs.createwithplay.com/en/articles/conditional","","appears 157 times"
"200 no error","https://docs.createwithplay.com/en/articles/contains-emoji","","appears 157 times"
"200 no error","https://docs.createwithplay.com/en/articles/decode-json","","appears 156 times"
"200 no error","https://docs.createwithplay.com/en/articles/dictionary","","appears 154 times"
"200 no error","https://docs.createwithplay.com/en/articles/distance-between-points","","appears 156 times"
"200 no error","https://docs.createwithplay.com/en/articles/distance-between-values","","appears 156 times"
"200 no error","https://docs.createwithplay.com/en/articles/get-all-descendent-views","","appears 153 times"
"200 no error","https://docs.createwithplay.com/en/articles/get-subviews","","appears 153 times"
"200 no error","https://docs.createwithplay.com/en/articles/get-user-default","","appears 155 times"
"200 no error","https://docs.createwithplay.com/en/articles/image-shuffle","","appears 154 times"
"200 no error","https://docs.createwithplay.com/en/articles/inverse","","appears 156 times"
"200 no error","https://docs.createwithplay.com/en/articles/is-emoji","","appears 157 times"
"200 no error","https://docs.createwithplay.com/en/articles/is-nil","","appears 157 times"
"200 no error","https://docs.createwithplay.com/en/articles/json-string","","appears 157 times"
"200 no error","https://docs.createwithplay.com/en/articles/number","","appears 157 times"
"200 no error","https://docs.createwithplay.com/en/articles/placeholder","","appears 156 times"
"200 no error","https://docs.createwithplay.com/en/articles/remove-user-default","","appears 154 times"
"200 no error","https://docs.createwithplay.com/en/articles/set-user-default","","appears 155 times"
"200 no error","https://docs.createwithplay.com/en/articles/snapshot","","appears 154 times"
"200 no error","https://docs.createwithplay.com/en/articles/string-contains","","appears 156 times"
"200 no error","https://docs.createwithplay.com/en/articles/string-split","","appears 156 times"
"200 no error","https://docs.createwithplay.com/en/articles/text-shuffle","","appears 154 times"
"200 no error","https://docs.createwithplay.com/en/articles/toggle","","appears 156 times"
"200 no error","https://docs.createwithplay.com/en/articles/unsplash","","appears 157 times"
"200 no error","https://docs.createwithplay.com/en/articles/value-between","","appears 157 times"
"200 no error","https://docs.createwithplay.com/en/articles/base-64-image#overview","","appears 10 times"
"200 no error","https://docs.createwithplay.com/en/articles/base-64-image#parameters","","appears 10 times"
"200 no error","https://docs.createwithplay.com/en/articles/base-64-image#example","","appears 10 times"
"200 no error","https://docs.createwithplay.com/en/articles/prefab-animate-into-view#content-area","","appears 12 times"
"200 no error","https://docs.createwithplay.com/en/articles/prefab-animate-children-into-view","","appears 83 times"
"200 no error","https://docs.createwithplay.com/en/articles/prefab-animate-on-keyboard-show","","appears 72 times"
"200 no error","https://docs.createwithplay.com/en/articles/prefab-animate-into-view#overview","","appears 24 times"
"200 no error","https://docs.createwithplay.com/en/articles/prefab-animate-into-view#prefab-controls","","appears 24 times"
"200 no error","https://docs.createwithplay.com/en/articles/prefab-animate-into-view#scale","","appears 24 times"
"200 no error","https://docs.createwithplay.com/en/articles/prefab-animate-into-view#opacity","","appears 24 times"
"200 no error","https://docs.createwithplay.com/en/articles/prefab-animate-into-view#blur","","appears 24 times"
"200 no error","https://docs.createwithplay.com/en/articles/prefab-animate-into-view#translate-y","","appears 24 times"
"200 no error","https://docs.createwithplay.com/en/articles/prefab-animate-into-view#delay","","appears 24 times"
"200 no error","https://docs.createwithplay.com/en/articles/prefab-animate-into-view#duration","","appears 24 times"
"200 no error","https://docs.createwithplay.com/en/articles/prefab-animate-into-view#spring","","appears 24 times"
"200 no error","https://docs.createwithplay.com/en/articles/prefab-animate-into-view#trigger-window","","appears 24 times"
"200 no error","https://docs.createwithplay.com/en/articles/prefab-set-property-on-scroll#content-area","","appears 10 times"
"200 no error","https://docs.createwithplay.com/en/articles/prefab-set-property-on-scroll#overview","","appears 20 times"
"200 no error","https://docs.createwithplay.com/en/articles/prefab-set-property-on-scroll#controls","","appears 20 times"
"200 no error","https://docs.createwithplay.com/en/articles/prefab-set-property-on-scroll#scroll-from","","appears 20 times"
"200 no error","https://docs.createwithplay.com/en/articles/prefab-set-property-on-scroll#scroll-to","","appears 20 times"
"200 no error","https://docs.createwithplay.com/en/articles/prefab-set-property-on-scroll#target","","appears 20 times"
"200 no error","https://docs.createwithplay.com/en/articles/prefab-set-property-on-scroll#property","","appears 20 times"
"200 no error","https://docs.createwithplay.com/en/articles/prefab-set-property-on-scroll#from-value","","appears 20 times"
"200 no error","https://docs.createwithplay.com/en/articles/prefab-set-property-on-scroll#to-value","","appears 20 times"
"200 no error","https://docs.createwithplay.com/en/articles/prefab-scroll-to-range#content-area","","appears 8 times"
"200 no error","https://docs.createwithplay.com/en/articles/prefab-scroll-to-range#overview","","appears 16 times"
"200 no error","https://docs.createwithplay.com/en/articles/prefab-scroll-to-range#controls","","appears 16 times"
"200 no error","https://docs.createwithplay.com/en/articles/prefab-scroll-to-range#from","","appears 16 times"
"200 no error","https://docs.createwithplay.com/en/articles/prefab-scroll-to-range#to","","appears 16 times"
"200 no error","https://docs.createwithplay.com/en/articles/prefab-scroll-to-range#on-enter","","appears 16 times"
"200 no error","https://docs.createwithplay.com/en/articles/prefab-scroll-to-range#on-exit","","appears 16 times"
"200 no error","https://docs.createwithplay.com/en/articles/prefab-trigger-on-scroll-direction#content-area","","appears 8 times"
"200 no error","https://docs.createwithplay.com/en/articles/prefab-trigger-on-scroll-direction#overview","","appears 16 times"
"200 no error","https://docs.createwithplay.com/en/articles/prefab-trigger-on-scroll-direction#controls","","appears 16 times"
"200 no error","https://docs.createwithplay.com/en/articles/prefab-trigger-on-scroll-direction#scroll-down","","appears 16 times"
"200 no error","https://docs.createwithplay.com/en/articles/prefab-trigger-on-scroll-direction#scroll-up","","appears 16 times"
"200 no error","https://docs.createwithplay.com/en/articles/prefab-trigger-on-scroll-direction#velocity","","appears 16 times"
"200 no error","https://docs.createwithplay.com/en/articles/prefab-trigger-on-scroll-direction#resources","","appears 16 times"
"200 no error","https://docs.createwithplay.com/en/articles/prefab-move-to-touch","","appears 65 times"
"200 no error","https://docs.createwithplay.com/en/articles/prefab-scrolled-to-position#content-area","","appears 7 times"
"200 no error","https://docs.createwithplay.com/en/articles/prefab-scrolled-to-position#overview","","appears 14 times"
"200 no error","https://docs.createwithplay.com/en/articles/prefab-scrolled-to-position#controls","","appears 14 times"
"200 no error","https://docs.createwithplay.com/en/articles/prefab-scrolled-to-position#scroll-amount","","appears 14 times"
"200 no error","https://docs.createwithplay.com/en/articles/prefab-scrolled-to-position#on-scroll-past","","appears 14 times"
"200 no error","https://docs.createwithplay.com/en/articles/prefab-scrolled-to-position#on-scroll-back","","appears 14 times"
"200 no error","https://docs.createwithplay.com/en/articles/current-media-time#content-area","","appears 4 times"
"200 no error","https://docs.createwithplay.com/en/articles/current-media-time#overview","","appears 8 times"
"200 no error","https://docs.createwithplay.com/en/articles/current-media-time#parameters","","appears 8 times"
"200 no error","https://docs.createwithplay.com/en/articles/uppercase","","appears 58 times"
"200 no error","https://docs.createwithplay.com/en/articles/prefab-get-image-colors#content-area","","appears 5 times"
"200 no error","https://docs.createwithplay.com/en/articles/prefab-get-image-colors#overview","","appears 10 times"
"200 no error","https://docs.createwithplay.com/en/articles/prefab-get-image-colors#controls","","appears 10 times"
"200 no error","https://docs.createwithplay.com/en/articles/prefab-get-image-colors#using-get-image-colors-prefabs","","appears 10 times"
"200 no error","https://docs.createwithplay.com/en/articles/local-time-since-1970#content-area","","appears 4 times"
"200 no error","https://docs.createwithplay.com/en/articles/local-time-since-1970#overview","","appears 8 times"
"200 no error","https://docs.createwithplay.com/en/articles/local-time-since-1970#parameters","","appears 8 times"
"200 no error","https://docs.createwithplay.com/en/articles/prefab-text-contrast-luminance#content-area","","appears 7 times"
"200 no error","https://docs.createwithplay.com/en/articles/prefab-text-contrast-luminance#overview","","appears 14 times"
"200 no error","https://docs.createwithplay.com/en/articles/prefab-text-contrast-luminance#controls","","appears 14 times"
"200 no error","https://docs.createwithplay.com/en/articles/prefab-text-contrast-luminance#contrast-ratio","","appears 14 times"
"200 no error","https://docs.createwithplay.com/en/articles/prefab-text-contrast-luminance#min-brightness","","appears 14 times"
"200 no error","https://docs.createwithplay.com/en/articles/prefab-text-contrast-luminance#bg-container","","appears 14 times"
"200 no error","https://docs.createwithplay.com/en/articles/prefab-gyro-3d-transform","","appears 57 times"
"200 no error","https://docs.createwithplay.com/en/articles/prefab-text-contrast-hue#content-area","","appears 7 times"
"200 no error","https://docs.createwithplay.com/en/articles/prefab-text-contrast-hue#overview","","appears 14 times"
"200 no error","https://docs.createwithplay.com/en/articles/prefab-text-contrast-hue#controls","","appears 14 times"
"200 no error","https://docs.createwithplay.com/en/articles/prefab-text-contrast-hue#contrast-ratio","","appears 14 times"
"200 no error","https://docs.createwithplay.com/en/articles/prefab-text-contrast-hue#min-brightness","","appears 14 times"
"200 no error","https://docs.createwithplay.com/en/articles/prefab-text-contrast-hue#bg-container","","appears 14 times"
"200 no error","https://docs.createwithplay.com/en/articles/contains-emoji#content-area","","appears 5 times"
"200 no error","https://docs.createwithplay.com/en/articles/contains-emoji#overview","","appears 10 times"
"200 no error","https://docs.createwithplay.com/en/articles/contains-emoji#parameters","","appears 10 times"
"200 no error","https://docs.createwithplay.com/en/articles/contains-emoji#example","","appears 10 times"
"200 no error","https://docs.createwithplay.com/en/articles/conditional#content-area","","appears 5 times"
"200 no error","https://docs.createwithplay.com/en/articles/conditional#overview","","appears 10 times"
"200 no error","https://docs.createwithplay.com/en/articles/conditional#parameters","","appears 10 times"
"200 no error","https://docs.createwithplay.com/en/articles/conditional#example","","appears 10 times"
"200 no error","https://docs.createwithplay.com/en/articles/child-at-index#content-area","","appears 5 times"
"200 no error","https://docs.createwithplay.com/en/articles/child-at-index#overview","","appears 10 times"
"200 no error","https://docs.createwithplay.com/en/articles/child-at-index#parameters","","appears 10 times"
"200 no error","https://docs.createwithplay.com/en/articles/child-at-index#example","","appears 10 times"
"200 no error","https://docs.createwithplay.com/en/articles/base-64-string#content-area","","appears 5 times"
"200 no error","https://docs.createwithplay.com/en/articles/base-64-string#overview","","appears 10 times"
"200 no error","https://docs.createwithplay.com/en/articles/base-64-string#parameters","","appears 10 times"
"200 no error","https://docs.createwithplay.com/en/articles/base-64-string#example","","appears 10 times"
"200 no error","https://docs.createwithplay.com/en/articles/prefab-touch-down-effect#content-area","","appears 11 times"
"200 no error","https://docs.createwithplay.com/en/articles/prefab-touch-down-effect#overview","","appears 22 times"
"200 no error","https://docs.createwithplay.com/en/articles/prefab-touch-down-effect#controls","","appears 22 times"
"200 no error","https://docs.createwithplay.com/en/articles/prefab-touch-down-effect#scale","","appears 22 times"
"200 no error","https://docs.createwithplay.com/en/articles/prefab-touch-down-effect#opacity","","appears 22 times"
"200 no error","https://docs.createwithplay.com/en/articles/prefab-touch-down-effect#spring","","appears 22 times"
"200 no error","https://docs.createwithplay.com/en/articles/prefab-touch-down-effect#duration","","appears 22 times"
"200 no error","https://docs.createwithplay.com/en/articles/prefab-touch-down-effect#down-haptic","","appears 22 times"
"200 no error","https://docs.createwithplay.com/en/articles/prefab-touch-down-effect#up-haptic","","appears 22 times"
"200 no error","https://docs.createwithplay.com/en/articles/prefab-touch-down-effect#resources","","appears 22 times"
"200 no error","https://docs.createwithplay.com/en/articles/dictionary#content-area","","appears 4 times"
"200 no error","https://docs.createwithplay.com/en/articles/dictionary#overview","","appears 8 times"
"200 no error","https://docs.createwithplay.com/en/articles/dictionary#parameters","","appears 8 times"
"200 no error","https://docs.createwithplay.com/en/articles/decode-json#content-area","","appears 5 times"
"200 no error","https://docs.createwithplay.com/en/articles/decode-json#overview","","appears 10 times"
"200 no error","https://docs.createwithplay.com/en/articles/decode-json#parameters","","appears 10 times"
"200 no error","https://docs.createwithplay.com/en/articles/decode-json#example","","appears 10 times"
"200 no error","https://docs.createwithplay.com/en/articles/distance-between-values#content-area","","appears 5 times"
"200 no error","https://docs.createwithplay.com/en/articles/distance-between-values#overview","","appears 10 times"
"200 no error","https://docs.createwithplay.com/en/articles/distance-between-values#parameters","","appears 10 times"
"200 no error","https://docs.createwithplay.com/en/articles/distance-between-values#example","","appears 10 times"
"200 no error","https://docs.createwithplay.com/en/articles/get-all-descendent-views#content-area","","appears 4 times"
"200 no error","https://docs.createwithplay.com/en/articles/get-all-descendent-views#overview","","appears 8 times"
"200 no error","https://docs.createwithplay.com/en/articles/get-all-descendent-views#parameters","","appears 8 times"
"200 no error","https://docs.createwithplay.com/en/articles/distance-between-points#content-area","","appears 5 times"
"200 no error","https://docs.createwithplay.com/en/articles/distance-between-points#overview","","appears 10 times"
"200 no error","https://docs.createwithplay.com/en/articles/distance-between-points#parameters","","appears 10 times"
"200 no error","https://docs.createwithplay.com/en/articles/distance-between-points#example","","appears 10 times"
"200 no error","https://docs.createwithplay.com/en/articles/get-user-default#content-area","","appears 5 times"
"200 no error","https://docs.createwithplay.com/en/articles/get-user-default#overview","","appears 10 times"
"200 no error","https://docs.createwithplay.com/en/articles/get-user-default#parameters","","appears 10 times"
"200 no error","https://docs.createwithplay.com/en/articles/get-user-default#example","","appears 10 times"
"200 no error","https://docs.createwithplay.com/en/articles/image-shuffle#content-area","","appears 4 times"
"200 no error","https://docs.createwithplay.com/en/articles/image-shuffle#overview","","appears 8 times"
"200 no error","https://docs.createwithplay.com/en/articles/image-shuffle#parameters","","appears 8 times"
"200 no error","https://docs.createwithplay.com/en/articles/get-subviews#content-area","","appears 4 times"
"200 no error","https://docs.createwithplay.com/en/articles/get-subviews#overview","","appears 8 times"
"200 no error","https://docs.createwithplay.com/en/articles/get-subviews#parameters","","appears 8 times"
"200 no error","https://docs.createwithplay.com/en/articles/inverse#content-area","","appears 5 times"
"200 no error","https://docs.createwithplay.com/en/articles/inverse#overview","","appears 10 times"
"200 no error","https://docs.createwithplay.com/en/articles/inverse#parameters","","appears 10 times"
"200 no error","https://docs.createwithplay.com/en/articles/inverse#example","","appears 10 times"
"200 no error","https://docs.createwithplay.com/en/articles/is-emoji#content-area","","appears 5 times"
"200 no error","https://docs.createwithplay.com/en/articles/is-emoji#overview","","appears 10 times"
"200 no error","https://docs.createwithplay.com/en/articles/is-emoji#parameters","","appears 10 times"
"200 no error","https://docs.createwithplay.com/en/articles/is-emoji#example","","appears 10 times"
"200 no error","https://docs.createwithplay.com/en/articles/number#content-area","","appears 5 times"
"200 no error","https://docs.createwithplay.com/en/articles/number#overview","","appears 10 times"
"200 no error","https://docs.createwithplay.com/en/articles/number#parameters","","appears 10 times"
"200 no error","https://docs.createwithplay.com/en/articles/number#example","","appears 10 times"
"200 no error","https://docs.createwithplay.com/en/articles/is-nil#content-area","","appears 5 times"
"200 no error","https://docs.createwithplay.com/en/articles/is-nil#overview","","appears 10 times"
"200 no error","https://docs.createwithplay.com/en/articles/is-nil#parameters","","appears 10 times"
"200 no error","https://docs.createwithplay.com/en/articles/is-nil#example","","appears 10 times"
"200 no error","https://docs.createwithplay.com/en/articles/placeholder#content-area","","appears 5 times"
"200 no error","https://docs.createwithplay.com/en/articles/placeholder#overview","","appears 10 times"
"200 no error","https://docs.createwithplay.com/en/articles/placeholder#parameters","","appears 10 times"
"200 no error","https://docs.createwithplay.com/en/articles/placeholder#example","","appears 10 times"
"200 no error","https://docs.createwithplay.com/en/articles/json-string#content-area","","appears 5 times"
"200 no error","https://docs.createwithplay.com/en/articles/json-string#overview","","appears 10 times"
"200 no error","https://docs.createwithplay.com/en/articles/json-string#parameters","","appears 10 times"
"200 no error","https://docs.createwithplay.com/en/articles/json-string#example","","appears 10 times"
"200 no error","https://docs.createwithplay.com/en/articles/set-user-default#content-area","","appears 5 times"
"200 no error","https://docs.createwithplay.com/en/articles/set-user-default#overview","","appears 10 times"
"200 no error","https://docs.createwithplay.com/en/articles/set-user-default#parameters","","appears 10 times"
"200 no error","https://docs.createwithplay.com/en/articles/set-user-default#example","","appears 10 times"
"200 no error","https://docs.createwithplay.com/en/articles/snapshot#content-area","","appears 4 times"
"200 no error","https://docs.createwithplay.com/en/articles/snapshot#overview","","appears 8 times"
"200 no error","https://docs.createwithplay.com/en/articles/snapshot#parameters","","appears 8 times"
"200 no error","https://docs.createwithplay.com/en/articles/remove-user-default#content-area","","appears 4 times"
"200 no error","https://docs.createwithplay.com/en/articles/remove-user-default#overview","","appears 8 times"
"200 no error","https://docs.createwithplay.com/en/articles/remove-user-default#parameters","","appears 8 times"
"200 no error","https://docs.createwithplay.com/en/articles/string-contains#content-area","","appears 5 times"
"200 no error","https://docs.createwithplay.com/en/articles/string-contains#overview","","appears 10 times"
"200 no error","https://docs.createwithplay.com/en/articles/string-contains#parameters","","appears 10 times"
"200 no error","https://docs.createwithplay.com/en/articles/string-contains#example","","appears 10 times"
"200 no error","https://docs.createwithplay.com/en/articles/value-between#content-area","","appears 5 times"
"200 no error","https://docs.createwithplay.com/en/articles/value-between#overview","","appears 10 times"
"200 no error","https://docs.createwithplay.com/en/articles/value-between#parameters","","appears 10 times"
"200 no error","https://docs.createwithplay.com/en/articles/value-between#example","","appears 10 times"
"200 no error","https://docs.createwithplay.com/en/articles/abs-absolute-value","","appears 144 times"
"200 no error","https://docs.createwithplay.com/en/articles/text-shuffle#content-area","","appears 4 times"
"200 no error","https://docs.createwithplay.com/en/articles/text-shuffle#overview","","appears 8 times"
"200 no error","https://docs.createwithplay.com/en/articles/text-shuffle#parameters","","appears 8 times"
"200 no error","https://docs.createwithplay.com/en/articles/unsplash#content-area","","appears 5 times"
"200 no error","https://docs.createwithplay.com/en/articles/unsplash#overview","","appears 10 times"
"200 no error","https://docs.createwithplay.com/en/articles/unsplash#parameters","","appears 10 times"
"200 no error","https://docs.createwithplay.com/en/articles/unsplash#example","","appears 10 times"
"200 no error","https://docs.createwithplay.com/en/articles/string-split#content-area","","appears 5 times"
"200 no error","https://docs.createwithplay.com/en/articles/string-split#overview","","appears 10 times"
"200 no error","https://docs.createwithplay.com/en/articles/string-split#parameters","","appears 10 times"
"200 no error","https://docs.createwithplay.com/en/articles/string-split#example","","appears 10 times"
"200 no error","https://docs.createwithplay.com/en/articles/toggle#content-area","","appears 5 times"
"200 no error","https://docs.createwithplay.com/en/articles/toggle#overview","","appears 10 times"
"200 no error","https://docs.createwithplay.com/en/articles/toggle#parameters","","appears 10 times"
"200 no error","https://docs.createwithplay.com/en/articles/toggle#example","","appears 10 times"
"200 no error","https://docs.createwithplay.com/en/articles/prefab-animate-children-into-view#content-area","","appears 11 times"
"200 no error","https://docs.createwithplay.com/en/articles/prefab-animate-children-into-view#overview","","appears 22 times"
"200 no error","https://docs.createwithplay.com/en/articles/prefab-animate-children-into-view#controls","","appears 22 times"
"200 no error","https://docs.createwithplay.com/en/articles/prefab-animate-children-into-view#scale","","appears 22 times"
"200 no error","https://docs.createwithplay.com/en/articles/prefab-animate-children-into-view#opacity","","appears 22 times"
"200 no error","https://docs.createwithplay.com/en/articles/prefab-animate-children-into-view#blur","","appears 22 times"
"200 no error","https://docs.createwithplay.com/en/articles/prefab-animate-children-into-view#offset-y","","appears 22 times"
"200 no error","https://docs.createwithplay.com/en/articles/prefab-animate-children-into-view#stagger-by","","appears 22 times"
"200 no error","https://docs.createwithplay.com/en/articles/prefab-animate-children-into-view#duration","","appears 22 times"
"200 no error","https://docs.createwithplay.com/en/articles/prefab-animate-children-into-view#spring","","appears 22 times"
"200 no error","https://docs.createwithplay.com/en/articles/prefab-animate-on-keyboard-show#content-area","","appears 8 times"
"200 no error","https://docs.createwithplay.com/en/articles/prefab-animate-on-keyboard-show#overview","","appears 16 times"
"200 no error","https://docs.createwithplay.com/en/articles/prefab-animate-on-keyboard-show#controls","","appears 16 times"
"200 no error","https://docs.createwithplay.com/en/articles/prefab-animate-on-keyboard-show#move-up","","appears 16 times"
"200 no error","https://docs.createwithplay.com/en/articles/prefab-animate-on-keyboard-show#fade-in","","appears 16 times"
"200 no error","https://docs.createwithplay.com/en/articles/prefab-animate-on-keyboard-show#duration","","appears 16 times"
"200 no error","https://docs.createwithplay.com/en/articles/prefab-animate-on-keyboard-show#spring","","appears 16 times"
"200 no error","https://docs.createwithplay.com/en/articles/prefab-circular-grid","","appears 76 times"
"200 no error","https://docs.createwithplay.com/en/articles/prefab-move-to-touch#content-area","","appears 9 times"
"200 no error","https://docs.createwithplay.com/en/articles/prefab-move-to-touch#overview","","appears 18 times"
"200 no error","https://docs.createwithplay.com/en/articles/prefab-move-to-touch#prefab-controls","","appears 18 times"
"200 no error","https://docs.createwithplay.com/en/articles/prefab-move-to-touch#target","","appears 18 times"
"200 no error","https://docs.createwithplay.com/en/articles/prefab-move-to-touch#move","","appears 18 times"
"200 no error","https://docs.createwithplay.com/en/articles/prefab-move-to-touch#move-y","","appears 18 times"
"200 no error","https://docs.createwithplay.com/en/articles/prefab-move-to-touch#duration","","appears 18 times"
"200 no error","https://docs.createwithplay.com/en/articles/prefab-move-to-touch#spring","","appears 18 times"
"200 no error","https://docs.createwithplay.com/en/articles/uppercase#content-area","","appears 5 times"
"200 no error","https://docs.createwithplay.com/en/articles/format-number","","appears 58 times"
"200 no error","https://docs.createwithplay.com/en/articles/format-number-locale","","appears 59 times"
"200 no error","https://docs.createwithplay.com/en/articles/is-empty","","appears 59 times"
"200 no error","https://docs.createwithplay.com/en/articles/lowercase","","appears 59 times"
"200 no error","https://docs.createwithplay.com/en/articles/string-count","","appears 59 times"
"200 no error","https://docs.createwithplay.com/en/articles/substring","","appears 59 times"
"200 no error","https://docs.createwithplay.com/en/articles/uppercase#overview","","appears 10 times"
"200 no error","https://docs.createwithplay.com/en/articles/uppercase#parameters","","appears 10 times"
"200 no error","https://docs.createwithplay.com/en/articles/uppercase#example","","appears 10 times"
"200 no error","https://docs.createwithplay.com/en/articles/prefab-gyro-3d-transform#content-area","","appears 11 times"
"200 no error","https://docs.createwithplay.com/en/articles/prefab-gyro-3d-transform#overview","","appears 22 times"
"200 no error","https://docs.createwithplay.com/en/articles/prefab-gyro-3d-transform#controls","","appears 22 times"
"200 no error","https://docs.createwithplay.com/en/articles/prefab-gyro-3d-transform#target","","appears 22 times"
"200 no error","https://docs.createwithplay.com/en/articles/prefab-gyro-3d-transform#from","","appears 22 times"
"200 no error","https://docs.createwithplay.com/en/articles/prefab-gyro-3d-transform#to","","appears 22 times"
"200 no error","https://docs.createwithplay.com/en/articles/prefab-gyro-3d-transform#translate-x-&-y","","appears 11 times"
"200 no error","https://docs.createwithplay.com/en/articles/prefab-gyro-3d-transform#rotate-x-&-y","","appears 11 times"
"200 no error","https://docs.createwithplay.com/en/articles/prefab-gyro-3d-transform#translate-x-&-y","","appears 11 times"
"200 no error","https://docs.createwithplay.com/en/articles/prefab-gyro-3d-transform#rotate-x-&-y","","appears 11 times"
"200 no error","https://docs.createwithplay.com/en/articles/prefab-scroll-when-pin-selected","","appears 52 times"
"200 no error","https://docs.createwithplay.com/en/articles/abs-absolute-value#content-area","","appears 5 times"
"200 no error","https://docs.createwithplay.com/en/articles/arctangent-atan2","","appears 143 times"
"200 no error","https://docs.createwithplay.com/en/articles/auto","","appears 141 times"
"200 no error","https://docs.createwithplay.com/en/articles/clamp","","appears 143 times"
"200 no error","https://docs.createwithplay.com/en/articles/cos","","appears 143 times"
"200 no error","https://docs.createwithplay.com/en/articles/fill","","appears 141 times"
"200 no error","https://docs.createwithplay.com/en/articles/hypotenuse","","appears 142 times"
"200 no error","https://docs.createwithplay.com/en/articles/int","","appears 141 times"
"200 no error","https://docs.createwithplay.com/en/articles/max","","appears 143 times"
"200 no error","https://docs.createwithplay.com/en/articles/min","","appears 144 times"
"200 no error","https://docs.createwithplay.com/en/articles/percent","","appears 144 times"
"200 no error","https://docs.createwithplay.com/en/articles/pi","","appears 144 times"
"200 no error","https://docs.createwithplay.com/en/articles/pow-power","","appears 144 times"
"200 no error","https://docs.createwithplay.com/en/articles/random","","appears 144 times"
"200 no error","https://docs.createwithplay.com/en/articles/random-integer","","appears 144 times"
"200 no error","https://docs.createwithplay.com/en/articles/round","","appears 144 times"
"200 no error","https://docs.createwithplay.com/en/articles/round-down","","appears 144 times"
"200 no error","https://docs.createwithplay.com/en/articles/round-to","","appears 144 times"
"200 no error","https://docs.createwithplay.com/en/articles/round-up","","appears 144 times"
"200 no error","https://docs.createwithplay.com/en/articles/sin","","appears 144 times"
"200 no error","https://docs.createwithplay.com/en/articles/square-root","","appears 143 times"
"200 no error","https://docs.createwithplay.com/en/articles/string-height","","appears 140 times"
"200 no error","https://docs.createwithplay.com/en/articles/string-width","","appears 140 times"
"200 no error","https://docs.createwithplay.com/en/articles/tan","","appears 143 times"
"200 no error","https://docs.createwithplay.com/en/articles/truncating-remainder","","appears 143 times"
"200 no error","https://docs.createwithplay.com/en/articles/abs-absolute-value#overview","","appears 10 times"
"200 no error","https://docs.createwithplay.com/en/articles/abs-absolute-value#parameters","","appears 10 times"
"200 no error","https://docs.createwithplay.com/en/articles/abs-absolute-value#example","","appears 10 times"
"200 no error","https://docs.createwithplay.com/en/articles/prefab-circular-grid#content-area","","appears 7 times"
"200 no error","https://docs.createwithplay.com/en/articles/prefab-grid","","appears 75 times"
"200 no error","https://docs.createwithplay.com/en/articles/prefab-stagger-grid","","appears 75 times"
"200 no error","https://docs.createwithplay.com/en/articles/prefab-wrap","","appears 74 times"
"200 no error","https://docs.createwithplay.com/en/articles/prefab-grid-auto-spacing","","appears 72 times"
"200 no error","https://docs.createwithplay.com/en/articles/prefab-grid-fill-width","","appears 74 times"
"200 no error","https://docs.createwithplay.com/en/articles/prefab-circular-grid#overview","","appears 14 times"
"200 no error","https://docs.createwithplay.com/en/articles/prefab-circular-grid#controls","","appears 14 times"
"200 no error","https://docs.createwithplay.com/en/articles/prefab-circular-grid#start","","appears 14 times"
"200 no error","https://docs.createwithplay.com/en/articles/prefab-circular-grid#end","","appears 14 times"
"200 no error","https://docs.createwithplay.com/en/articles/prefab-circular-grid#radius","","appears 14 times"
"200 no error","https://docs.createwithplay.com/en/articles/is-empty#content-area","","appears 5 times"
"200 no error","https://docs.createwithplay.com/en/articles/is-empty#overview","","appears 10 times"
"200 no error","https://docs.createwithplay.com/en/articles/is-empty#parameters","","appears 10 times"
"200 no error","https://docs.createwithplay.com/en/articles/is-empty#example","","appears 10 times"
"200 no error","https://docs.createwithplay.com/en/articles/string-count#content-area","","appears 5 times"
"200 no error","https://docs.createwithplay.com/en/articles/string-count#overview","","appears 10 times"
"200 no error","https://docs.createwithplay.com/en/articles/string-count#parameters","","appears 10 times"
"200 no error","https://docs.createwithplay.com/en/articles/string-count#example","","appears 10 times"
"200 no error","https://docs.createwithplay.com/en/articles/substring#content-area","","appears 5 times"
"200 no error","https://docs.createwithplay.com/en/articles/substring#overview","","appears 10 times"
"200 no error","https://docs.createwithplay.com/en/articles/substring#parameters","","appears 10 times"
"200 no error","https://docs.createwithplay.com/en/articles/substring#example","","appears 10 times"
"200 no error","https://docs.createwithplay.com/en/articles/format-number#content-area","","appears 5 times"
"200 no error","https://docs.createwithplay.com/en/articles/format-number#overview","","appears 10 times"
"200 no error","https://docs.createwithplay.com/en/articles/format-number#parameters","","appears 10 times"
"200 no error","https://docs.createwithplay.com/en/articles/format-number#example","","appears 10 times"
"200 no error","https://docs.createwithplay.com/en/articles/project-appearance","","appears 25 times"
"200 no error","https://docs.createwithplay.com/en/articles/format-number-locale#content-area","","appears 5 times"
"200 no error","https://docs.createwithplay.com/en/articles/format-number-locale#overview","","appears 10 times"
"200 no error","https://docs.createwithplay.com/en/articles/format-number-locale#parameters","","appears 10 times"
"200 no error","https://docs.createwithplay.com/en/articles/format-number-locale#examples","","appears 10 times"
"200 no error","https://docs.createwithplay.com/en/articles/lowercase#content-area","","appears 5 times"
"200 no error","https://docs.createwithplay.com/en/articles/lowercase#overview","","appears 10 times"
"200 no error","https://docs.createwithplay.com/en/articles/lowercase#parameters","","appears 10 times"
"200 no error","https://docs.createwithplay.com/en/articles/lowercase#example","","appears 10 times"
"200 no error","https://docs.createwithplay.com/en/articles/prefab-scroll-when-pin-selected#content-area","","appears 7 times"
"200 no error","https://docs.createwithplay.com/en/articles/prefab-select-pin-on-scroll","","appears 48 times"
"200 no error","https://docs.createwithplay.com/en/articles/prefab-scroll-when-pin-selected#overview","","appears 14 times"
"200 no error","https://docs.createwithplay.com/en/articles/prefab-scroll-when-pin-selected#controls","","appears 14 times"
"200 no error","https://docs.createwithplay.com/en/articles/prefab-scroll-when-pin-selected#cards","","appears 14 times"
"200 no error","https://docs.createwithplay.com/en/articles/prefab-scroll-when-pin-selected#duration","","appears 14 times"
"200 no error","https://docs.createwithplay.com/en/articles/prefab-scroll-when-pin-selected#spring","","appears 14 times"
"200 no error","https://docs.createwithplay.com/en/articles/int#content-area","","appears 4 times"
"200 no error","https://docs.createwithplay.com/en/articles/int#overview","","appears 8 times"
"200 no error","https://docs.createwithplay.com/en/articles/int#parameters","","appears 8 times"
"200 no error","https://docs.createwithplay.com/en/articles/hypotenuse#content-area","","appears 5 times"
"200 no error","https://docs.createwithplay.com/en/articles/hypotenuse#overview","","appears 10 times"
"200 no error","https://docs.createwithplay.com/en/articles/hypotenuse#parameters","","appears 10 times"
"200 no error","https://docs.createwithplay.com/en/articles/hypotenuse#example","","appears 10 times"
"200 no error","https://docs.createwithplay.com/en/articles/percent#content-area","","appears 5 times"
"200 no error","https://docs.createwithplay.com/en/articles/percent#overview","","appears 10 times"
"200 no error","https://docs.createwithplay.com/en/articles/percent#parameters","","appears 10 times"
"200 no error","https://docs.createwithplay.com/en/articles/percent#example","","appears 10 times"
"200 no error","https://docs.createwithplay.com/en/articles/pi#content-area","","appears 5 times"
"200 no error","https://docs.createwithplay.com/en/articles/pi#overview","","appears 10 times"
"200 no error","https://docs.createwithplay.com/en/articles/pi#parameters","","appears 10 times"
"200 no error","https://docs.createwithplay.com/en/articles/pi#example","","appears 10 times"
"200 no error","https://docs.createwithplay.com/en/articles/max#content-area","","appears 5 times"
"200 no error","https://docs.createwithplay.com/en/articles/max#overview","","appears 10 times"
"200 no error","https://docs.createwithplay.com/en/articles/max#parameters","","appears 10 times"
"200 no error","https://docs.createwithplay.com/en/articles/max#example","","appears 10 times"
"200 no error","https://docs.createwithplay.com/en/articles/clamp#content-area","","appears 5 times"
"200 no error","https://docs.createwithplay.com/en/articles/clamp#overview","","appears 10 times"
"200 no error","https://docs.createwithplay.com/en/articles/clamp#parameters","","appears 10 times"
"200 no error","https://docs.createwithplay.com/en/articles/clamp#example","","appears 10 times"
"200 no error","https://docs.createwithplay.com/en/articles/auto#content-area","","appears 4 times"
"200 no error","https://docs.createwithplay.com/en/articles/auto#overview","","appears 8 times"
"200 no error","https://docs.createwithplay.com/en/articles/auto#parameters","","appears 8 times"
"200 no error","https://docs.createwithplay.com/en/articles/fill#content-area","","appears 4 times"
"200 no error","https://docs.createwithplay.com/en/articles/fill#overview","","appears 8 times"
"200 no error","https://docs.createwithplay.com/en/articles/fill#parameters","","appears 8 times"
"200 no error","https://docs.createwithplay.com/en/articles/arctangent-atan2#content-area","","appears 5 times"
"200 no error","https://docs.createwithplay.com/en/articles/arctangent-atan2#overview","","appears 10 times"
"200 no error","https://docs.createwithplay.com/en/articles/arctangent-atan2#parameters","","appears 10 times"
"200 no error","https://docs.createwithplay.com/en/articles/arctangent-atan2#example","","appears 10 times"
"200 no error","https://docs.createwithplay.com/en/articles/cos#content-area","","appears 5 times"
"200 no error","https://docs.createwithplay.com/en/articles/cos#overview","","appears 10 times"
"200 no error","https://docs.createwithplay.com/en/articles/cos#parameters","","appears 10 times"
"200 no error","https://docs.createwithplay.com/en/articles/cos#example","","appears 10 times"
"200 no error","https://docs.createwithplay.com/en/articles/min#content-area","","appears 5 times"
"200 no error","https://docs.createwithplay.com/en/articles/min#overview","","appears 10 times"
"200 no error","https://docs.createwithplay.com/en/articles/min#parameters","","appears 10 times"
"200 no error","https://docs.createwithplay.com/en/articles/min#example","","appears 10 times"
"200 no error","https://docs.createwithplay.com/en/articles/round#content-area","","appears 5 times"
"200 no error","https://docs.createwithplay.com/en/articles/round#overview","","appears 10 times"
"200 no error","https://docs.createwithplay.com/en/articles/round#parameters","","appears 10 times"
"200 no error","https://docs.createwithplay.com/en/articles/round#example","","appears 10 times"
"200 no error","https://docs.createwithplay.com/en/articles/random-integer#content-area","","appears 5 times"
"200 no error","https://docs.createwithplay.com/en/articles/random-integer#overview","","appears 10 times"
"200 no error","https://docs.createwithplay.com/en/articles/random-integer#parameters","","appears 10 times"
"200 no error","https://docs.createwithplay.com/en/articles/random-integer#example","","appears 10 times"
"200 no error","https://docs.createwithplay.com/en/articles/pow-power#content-area","","appears 5 times"
"200 no error","https://docs.createwithplay.com/en/articles/pow-power#overview","","appears 10 times"
"200 no error","https://docs.createwithplay.com/en/articles/pow-power#parameters","","appears 10 times"
"200 no error","https://docs.createwithplay.com/en/articles/pow-power#example","","appears 10 times"
"200 no error","https://docs.createwithplay.com/en/articles/random#content-area","","appears 5 times"
"200 no error","https://docs.createwithplay.com/en/articles/random#overview","","appears 10 times"
"200 no error","https://docs.createwithplay.com/en/articles/random#parameters","","appears 10 times"
"200 no error","https://docs.createwithplay.com/en/articles/random#example","","appears 10 times"
"200 no error","https://docs.createwithplay.com/en/articles/string-height#content-area","","appears 4 times"
"200 no error","https://docs.createwithplay.com/en/articles/string-height#overview","","appears 8 times"
"200 no error","https://docs.createwithplay.com/en/articles/string-height#parameters","","appears 8 times"
"200 no error","https://docs.createwithplay.com/en/articles/string-width#content-area","","appears 4 times"
"200 no error","https://docs.createwithplay.com/en/articles/string-width#overview","","appears 8 times"
"200 no error","https://docs.createwithplay.com/en/articles/string-width#parameters","","appears 8 times"
"200 no error","https://docs.createwithplay.com/en/articles/sin#content-area","","appears 5 times"
"200 no error","https://docs.createwithplay.com/en/articles/sin#overview","","appears 10 times"
"200 no error","https://docs.createwithplay.com/en/articles/sin#parameters","","appears 10 times"
"200 no error","https://docs.createwithplay.com/en/articles/sin#example","","appears 10 times"
"200 no error","https://docs.createwithplay.com/en/articles/round-up#content-area","","appears 5 times"
"200 no error","https://docs.createwithplay.com/en/articles/round-up#overview","","appears 10 times"
"200 no error","https://docs.createwithplay.com/en/articles/round-up#parameters","","appears 10 times"
"200 no error","https://docs.createwithplay.com/en/articles/round-up#example","","appears 10 times"
"200 no error","https://docs.createwithplay.com/en/articles/round-to#content-area","","appears 5 times"
"200 no error","https://docs.createwithplay.com/en/articles/round-to#overview","","appears 10 times"
"200 no error","https://docs.createwithplay.com/en/articles/round-to#parameters","","appears 10 times"
"200 no error","https://docs.createwithplay.com/en/articles/round-to#example","","appears 10 times"
"200 no error","https://docs.createwithplay.com/en/articles/square-root#content-area","","appears 5 times"
"200 no error","https://docs.createwithplay.com/en/articles/square-root#overview","","appears 10 times"
"200 no error","https://docs.createwithplay.com/en/articles/square-root#parameters","","appears 10 times"
"200 no error","https://docs.createwithplay.com/en/articles/square-root#example","","appears 10 times"
"200 no error","https://docs.createwithplay.com/en/articles/round-down#content-area","","appears 5 times"
"200 no error","https://docs.createwithplay.com/en/articles/round-down#overview","","appears 10 times"
"200 no error","https://docs.createwithplay.com/en/articles/round-down#parameters","","appears 10 times"
"200 no error","https://docs.createwithplay.com/en/articles/round-down#example","","appears 10 times"
"200 no error","https://docs.createwithplay.com/en/articles/truncating-remainder#content-area","","appears 5 times"
"200 no error","https://docs.createwithplay.com/en/articles/truncating-remainder#overview","","appears 10 times"
"200 no error","https://docs.createwithplay.com/en/articles/truncating-remainder#parameters","","appears 10 times"
"200 no error","https://docs.createwithplay.com/en/articles/truncating-remainder#example","","appears 10 times"
"200 no error","https://docs.createwithplay.com/en/articles/prefab-grid-fill-width#content-area","","appears 7 times"
"200 no error","https://docs.createwithplay.com/en/articles/prefab-grid-fill-width#overview","","appears 14 times"
"200 no error","https://docs.createwithplay.com/en/articles/prefab-grid-fill-width#controls","","appears 14 times"
"200 no error","https://docs.createwithplay.com/en/articles/prefab-grid-fill-width#columns","","appears 14 times"
"200 no error","https://docs.createwithplay.com/en/articles/prefab-grid-fill-width#spacing","","appears 14 times"
"200 no error","https://docs.createwithplay.com/en/articles/prefab-grid-fill-width#auto-height","","appears 14 times"
"200 no error","https://docs.createwithplay.com/en/articles/tan#content-area","","appears 5 times"
"200 no error","https://docs.createwithplay.com/en/articles/tan#overview","","appears 10 times"
"200 no error","https://docs.createwithplay.com/en/articles/tan#parameters","","appears 10 times"
"200 no error","https://docs.createwithplay.com/en/articles/tan#example","","appears 10 times"
"200 no error","https://docs.createwithplay.com/en/articles/prefab-grid-auto-spacing#content-area","","appears 6 times"
"200 no error","https://docs.createwithplay.com/en/articles/prefab-grid-auto-spacing#overview","","appears 12 times"
"200 no error","https://docs.createwithplay.com/en/articles/prefab-grid-auto-spacing#controls","","appears 12 times"
"200 no error","https://docs.createwithplay.com/en/articles/prefab-grid-auto-spacing#columns","","appears 12 times"
"200 no error","https://docs.createwithplay.com/en/articles/prefab-grid-auto-spacing#auto-height","","appears 12 times"
"200 no error","https://docs.createwithplay.com/en/articles/prefab-grid#content-area","","appears 7 times"
"200 no error","https://docs.createwithplay.com/en/articles/prefab-grid#overview","","appears 14 times"
"200 no error","https://docs.createwithplay.com/en/articles/prefab-grid#controls","","appears 14 times"
"200 no error","https://docs.createwithplay.com/en/articles/prefab-grid#columns","","appears 14 times"
"200 no error","https://docs.createwithplay.com/en/articles/prefab-grid#spacing","","appears 14 times"
"200 no error","https://docs.createwithplay.com/en/articles/prefab-grid#auto-height","","appears 14 times"
"200 no error","https://docs.createwithplay.com/en/articles/prefab-stagger-grid#content-area","","appears 7 times"
"200 no error","https://docs.createwithplay.com/en/articles/prefab-stagger-grid#overview","","appears 14 times"
"200 no error","https://docs.createwithplay.com/en/articles/prefab-stagger-grid#controls","","appears 14 times"
"200 no error","https://docs.createwithplay.com/en/articles/prefab-stagger-grid#columns","","appears 14 times"
"200 no error","https://docs.createwithplay.com/en/articles/prefab-stagger-grid#spacing","","appears 14 times"
"200 no error","https://docs.createwithplay.com/en/articles/prefab-stagger-grid#auto-height","","appears 14 times"
"200 no error","https://docs.createwithplay.com/en/articles/prefab-wrap#content-area","","appears 7 times"
"200 no error","https://docs.createwithplay.com/en/articles/prefab-wrap#overview","","appears 14 times"
"200 no error","https://docs.createwithplay.com/en/articles/prefab-wrap#controls","","appears 14 times"
"200 no error","https://docs.createwithplay.com/en/articles/prefab-wrap#spacing-h","","appears 14 times"
"200 no error","https://docs.createwithplay.com/en/articles/prefab-wrap#spacing-v","","appears 14 times"
"200 no error","https://docs.createwithplay.com/en/articles/prefab-wrap#auto-height","","appears 14 times"
"200 no error","https://docs.createwithplay.com/en/articles/project-appearance#content-area","","appears 4 times"
"200 no error","https://docs.createwithplay.com/en/articles/project-appearance#overview","","appears 8 times"
"200 no error","https://docs.createwithplay.com/en/articles/project-appearance#parameters","","appears 8 times"
"200 no error","https://docs.createwithplay.com/en/articles/prefab-select-pin-on-scroll#content-area","","appears 7 times"
"200 no error","https://docs.createwithplay.com/en/articles/prefab-select-pin-on-scroll#overview","","appears 14 times"
"200 no error","https://docs.createwithplay.com/en/articles/prefab-select-pin-on-scroll#controls","","appears 14 times"
"200 no error","https://docs.createwithplay.com/en/articles/prefab-select-pin-on-scroll#map","","appears 14 times"
"200 no error","https://docs.createwithplay.com/en/articles/prefab-select-pin-on-scroll#altitutde","","appears 14 times"
"200 no error","https://docs.createwithplay.com/en/articles/prefab-select-pin-on-scroll#duration","","appears 14 times"
