"Title","URL","Description","h1 headings","h2 headings","h3 headings","h4 headings","Title length","Description length","Response time","Content","Link count","Word count","Possible duplicates","Internal backlinks","Last modified","Robots","Canonical","Image count","Image weight","Depth","Internal links","External links","Redirects to here"
"Intro to Play - Createwithplay","https://docs.createwithplay.com/en/articles/getting-started","Welcome to Play! Play is a collaborative tool that lets you design, prototype, and ship your apps.","Intro to Play","Design with Play, Learn more about starting with your existing Figma files, Check out our examples projects in the Learn section, Prototype with Play, Share & Ship with Play, Share Prototypes with App Clips, Play to Xcode Documentation, Resources and Support, Play Community (hosted by Circle), support@createwithplay.com","","","30","98","0.43603 s","338kb","49","672","","3286","","","https://docs.createwithplay.com/en/articles/getting-started","7","15kb","0","108","0","0"
"Keyboard Shortcuts - Createwithplay","https://docs.createwithplay.com/en/articles/keyboard-shortcuts","Keyboard shortcuts can increase your efficiency while designing. Our keyboard shortcuts are available on Play for macOS.","Keyboard Shortcuts","Lobby Shortcuts, Editor Shortcuts","Page, Tab, and Window Shortcuts, Mode Shortcuts, UI Shortcuts, Tab Shortcuts, Copy Shortcuts, Grouping Shortcuts, Zoom Shortcuts, Add Panel Shortcuts, Left Panel Shortcuts, Data Editing Shortcuts, Order Shortcuts, Layers Panel Shortcuts, Selection Shortcuts, Interaction UX Shortcuts","","35","120","0.39842 s","358kb","59","743","","245","","","https://docs.createwithplay.com/en/articles/keyboard-shortcuts","7","15kb","1","117","0","0"
"Projects and Drafts - Createwithplay","https://docs.createwithplay.com/en/articles/projects-and-drafts","","Projects and Drafts","Overview","Drafts, Moving a Project or Draft","","36","0","0.56142 s","314kb","35","340","","210","","","https://docs.createwithplay.com/en/articles/projects-and-drafts","7","15kb","1","94","0","0"
"Export Prototypes - Createwithplay","https://docs.createwithplay.com/en/articles/dev-handoff","Two way for designers and developers to collaborate with Play.","Export Prototypes","Overview, Play to Xcode: Complete Integration, Swift UI Code Panel: Reference and Guidance, Play to Xcode for Startups, Enterprise Solutions, Individual Developers, Code Panel Documentation, Exporting to Xcode Guide","Benefits, Key Features","","34","62","0.70972 s","341kb","35","751","","3206","","","https://docs.createwithplay.com/en/articles/dev-handoff","7","15kb","1","94","0","0"
"Organize Projects - Createwithplay","https://docs.createwithplay.com/en/articles/organize-projects","Add tags to create easily accessible sub folders on your team.","Organize Projects","Overview, Tags, Search Projects, View Recent Projects","Create a Tag, Tag Projects, Manage Tags","","34","62","0.55432 s","342kb","43","450","","209","","","https://docs.createwithplay.com/en/articles/organize-projects","7","15kb","1","102","0","0"
"View Prototype - Createwithplay","https://docs.createwithplay.com/en/articles/view-prototype","Experience your prototype on iOS, iPad, or a macOS Simulator.","View Prototype","Overview, Experience Prototypes","Connect to macOS, Play from the iOS Lobby, Play from the iOS Editor, Refresh Interactions on iOS, Exit Play Mode on iOS, Connect to macOS, Play from the iPad Lobby, Refresh Interactions on iPad, Exit Play Mode on iPad, Opening the Simulator, Customizing the Simulator, Recording the Simulator, Considerations for the Simulator","Changing the Simulator’s Device Size, Refresh Interactions on the Simulator, Change the Simulator’s UI Appearance, Adding or Removing Bezel, Opening Multiple Simulator Windows, Change the Prototype Displayed by the Simulator, Coming Soon: Prototype Sharing with the Simulator","31","61","0.62598 s","366kb","51","1540","","291","","","https://docs.createwithplay.com/en/articles/view-prototype","7","15kb","1","109","0","0"
"Interaction Mode - Createwithplay","https://docs.createwithplay.com/en/articles/interactions","","Interaction Mode","Overview, Anatomy of an Interaction, Creating an Interaction, Managing an Interaction, Testing an Interaction, Lock Selection, Annotating Interactions, Advanced Prototyping, Expression Editor, Variables, Conditions, Animate, Delay, Loops","Expression Editor, Variables, Conditions, Animate and Delay Blocks, Loop, Component Interactions","","33","0","0.75394 s","377kb","69","1224","","5405","","","https://docs.createwithplay.com/en/articles/interactions","7","15kb","1","128","0","0"
"Editor - Createwithplay","https://docs.createwithplay.com/en/articles/editor","Edit projects on macOS and iOS.","Editor","Overview","Pages, Components, Design, Interaction, Settings, Pages, Components, Design","","23","31","0.81504 s","330kb","47","782","","3354","","","https://docs.createwithplay.com/en/articles/editor","7","15kb","1","105","0","0"
"Design Mode - Createwithplay","https://docs.createwithplay.com/en/articles/design-mode","","Design Mode","Overview, Design with Structure, Design Mode UI","Add Objects, Layers, Styles, Variables, Code, Events, and AI Panels, Attribute Panels","","28","0","0.82042 s","318kb","52","551","","3685","","","https://docs.createwithplay.com/en/articles/design-mode","7","15kb","1","110","0","0"
"Import Figma Styles - Createwithplay","https://docs.createwithplay.com/en/articles/import-figma-design-system","","Import Figma Styles","Overview, Figma Plugin, Upload to Play","","","36","0","0.44500 s","314kb","33","316","","191","","","https://docs.createwithplay.com/en/articles/import-figma-design-system","7","15kb","1","92","0","0"
"Import Figma - Createwithplay","https://docs.createwithplay.com/en/articles/import-figma","","Import Figma","Overview, Authorizing Figma within Play, Importing Designs from Figma, Considerations, Questions or Comments","The Golden Rules, Importing Assets from Figma, Importing Text from Figma, Importing UI from Figma, General Best Practices, Troubleshooting, Coming soon!","","29","0","0.45415 s","345kb","54","816","","225","","","https://docs.createwithplay.com/en/articles/import-figma","7","15kb","1","113","0","0"
"Import Figma Assets - Createwithplay","https://docs.createwithplay.com/en/articles/import-figma-assets","Best practices for importing Figma images and SVGs into Play.","Import Figma Assets","Overview, Images, SVGs","Rectangles, Frames, Cropping and Masks, Why are SVGs in Play sometimes blurry?","","36","61","0.40966 s","332kb","41","476","","214","","","https://docs.createwithplay.com/en/articles/import-figma-assets","7","15kb","1","100","0","0"
"Billing & Payments - Createwithplay","https://docs.createwithplay.com/en/articles/billing-payment","","Billing & Payments","Overview, Play's Web Dashboard, Canceling Plans, View Invoices","","","35","0","0.45461 s","304kb","33","251","","180","","","https://docs.createwithplay.com/en/articles/billing-payment","7","15kb","1","91","0","0"
"Admin Questions - Createwithplay","https://docs.createwithplay.com/en/articles/administrative-questions","","Admin Questions","Create Account, Change Password, Delete Data, Change Team Ownership, Report a Bug, Check Notifications","","","32","0","0.42851 s","326kb","39","541","","189","","","https://docs.createwithplay.com/en/articles/administrative-questions","7","15kb","1","98","0","0"
"Share Design File - Createwithplay","https://docs.createwithplay.com/en/articles/share-design-file","Share a design file privately or publicly.","Share Design File","Overview, Generate an Editor Link","Editor Links for Drafts, From the Lobby, From the Editor","","34","42","0.57516 s","319kb","34","443","","197","","","https://docs.createwithplay.com/en/articles/share-design-file","7","15kb","1","93","0","0"
"Teams and Managing Members - Createwithplay","https://docs.createwithplay.com/en/articles/teams-and-members","Description of your new file.","Teams and Managing Members","Overview, Remove a Team Member","","","43","29","0.51570 s","302kb","31","286","","229","","","https://docs.createwithplay.com/en/articles/teams-and-members","7","15kb","1","89","0","0"
"Import Figma UI - Createwithplay","https://docs.createwithplay.com/en/articles/import-figma-ui","Best practices for importing components and pages into Play.","Import Figma UI","Overview, Using Auto Layout, Components, Pages","Making Designs Responsive, Designs without Auto Layout","","32","60","0.73685 s","321kb","40","488","","207","","","https://docs.createwithplay.com/en/articles/import-figma-ui","7","15kb","1","99","0","0"
"Updating Play for iOS  - Createwithplay","https://docs.createwithplay.com/en/articles/updating-i-os","","Updating Play for iOS","","","","39","0","0.88140 s","298kb","26","166","","169","","","https://docs.createwithplay.com/en/articles/updating-i-os","7","15kb","1","85","0","0"
"Connection Troubleshooting - Createwithplay","https://docs.createwithplay.com/en/articles/connection-troubleshooting","Unfortunately, software can sometimes be finicky. We've highlighted some common issues with Play and some potential fixes you can try yourself before reaching out to a member of our team (support@createwithplay.com).","Connection Troubleshooting","Internet Connection Issues, VPNs, Firewalls, Unsubscribed, Unknown Issues","","","43","216","0.85775 s","325kb","44","494","","192","","","https://docs.createwithplay.com/en/articles/connection-troubleshooting","7","15kb","1","102","0","0"
"VPN Exemptions - Createwithplay","https://docs.createwithplay.com/en/articles/vpn-exemptions","Considerations for SSL-Pinned application compatibility with VPN clients.","VPN Exemptions","Overview, Exempting Domains in ZScaler, Detailed Directions Here, Exempting Domains in Palo Alto GlobalProtect, Detailed Directions Here, Exempting Domains in Cisco AnyConnect with Umbrella, Exempting Domains in NordVPN, Exempting Domains in SurfShark, Exempting Domains in Norton Secure VPN, Conclusion","","","31","73","0.86748 s","389kb","79","692","","192","","","https://docs.createwithplay.com/en/articles/vpn-exemptions","7","15kb","1","137","0","0"
"Actions - Createwithplay","https://docs.createwithplay.com/en/articles/actions","Actions are responses to a fired trigger.","Actions","Overview","","","24","41","0.68484 s","345kb","206","462","","740","","","https://docs.createwithplay.com/en/articles/actions","14","30kb","1","322","0","0"
"Export SDK to Xcode - Createwithplay","https://docs.createwithplay.com/en/articles/export-sdk","Export your Play project to Xcode with Play's SDK.","Export SDK to Xcode","Overview, Publishing to a New Xcode Project, Publishing to an Existing Xcode Project","Step 1: Configure Your Package, Step 2: Review Names and Implementation, Step 3: Export to Xcode, Step 1: Configure Your Package, Step 2: Review Names and Implementation, Step 3: Export to Xcode","Export As, Project Type, Include Assets in Your Module, Module Name, Renaming Best Practices, Export As, Include Assets in Your Module, Module Name, Renaming Best Practices","36","50","0.87879 s","406kb","57","1128","","171","","","https://docs.createwithplay.com/en/articles/export-sdk","7","15kb","1","116","0","0"
"Implement in Xcode - Createwithplay","https://docs.createwithplay.com/en/articles/implement-sdk","Implement Play's SwiftUI or UIKit package in an Xcode project.","Implement in Xcode","Overview, SwiftUI Implementation, UIKit Implementation","Pages, Components, Variables, Use Global Variables, Styles, Assets, Pages, Components, Variables, Styles, Assets","Load Page, Update Page Images and Text, Use Page Variables, Load Component, Update Component Images and Text, Change States, Use Component Variables, Use Global Variables, Color, Type, Spacing, Radius, Gradient, Image, Video, Font, Load Page, Update Page Images and Text, Use Page Variables, Load Component, Update Component Images and Text, Change States, Use Component Variables, Use Global Variables, Color, Type, Spacing, Radius, Gradient, Image, Video, Font","35","62","0.62744 s","913kb","108","1398","","273","","","https://docs.createwithplay.com/en/articles/implement-sdk","7","15kb","2","167","0","0"
"Paid Plans & Upgrades - Createwithplay","https://docs.createwithplay.com/en/articles/plans-and-upgrades","Description of your new file.","Paid Plans & Upgrades","Overview, Play's Web Dashboard, Upgrading, Downgrading, and Canceling Plans, Student Discounts","Paid Plans","","38","29","0.78506 s","324kb","38","690","","41","","","https://docs.createwithplay.com/en/articles/plans-and-upgrades","7","15kb","2","96","0","0"
"Code Panel - Createwithplay","https://docs.createwithplay.com/en/articles/code-panel","Export your layout and interactions in SwiftUI code","Code Panel","Overview, Play SDK, SwiftUI, Properties, Hierarchy","Design Mode Code, Interaction Mode Code, Design Mode Properties, Interaction Mode Properties","","27","51","0.83101 s","364kb","48","986","","357","","","https://docs.createwithplay.com/en/articles/code-panel","7","15kb","2","107","0","0"
"Update SDK in Xcode - Createwithplay","https://docs.createwithplay.com/en/articles/update-sdk","Update a Play SwiftUI or UIKit package in an Xcode project","Update SDK in Xcode","Overview, Export to an Existing Xcode Project","","","36","58","0.94726 s","308kb","22","292","","277","","","https://docs.createwithplay.com/en/articles/update-sdk","7","15kb","2","81","0","0"
"Arrays - Createwithplay","https://docs.createwithplay.com/en/articles/arrays","A variable that holds an ordered collection of data.","Arrays","Overview, Array Struct | Apple Developer, What is Array? | Geeks for Geeks, Creating an Array, Accessing Values in an Array, Editing an Array, Resources, Sorting a List, Add & Remove Items, Updating a Cart","Accessing One Value, Accessing Multiple Value, Set Array Action, Array Properties in the Expression Editor","Append, Count, Contains, Filter Items By, First, First Index Of, Item, Is Empty, Last, Remove, Remove All, Remove First, Remove Last, Remove By, Remove First By, Remove Last By","23","52","0.60154 s","598kb","74","1176","","2341","","","https://docs.createwithplay.com/en/articles/arrays","7","15kb","2","133","0","0"
"External Data - Createwithplay","https://docs.createwithplay.com/en/articles/external-data","Pull in external data from an API or JSON file.","External Data","Overview, Loading your API or JSON File, Accessing the Response, Displaying a Value","Saving the Response as a Dictionary Variable, Displaying Multiple Values","","30","47","0.79494 s","424kb","39","1019","","2231","","","https://docs.createwithplay.com/en/articles/external-data","7","15kb","2","98","0","0"
"Custom Prefabs - Createwithplay","https://docs.createwithplay.com/en/articles/custom-prefabs","Create your own reusable interactions to make prototyping faster.","Custom Prefabs","Overview, Creating a Prefab, New Prefab from Scratch, Editing Custom Prefabs, Custom Prefab Controls, Creating a Prefab Control, Connecting a Prefab Control, Prefab Variables","","","31","65","0.85326 s","356kb","40","710","","2233","","","https://docs.createwithplay.com/en/articles/custom-prefabs","7","15kb","2","99","0","0"
"Native Alert Overview - Createwithplay","https://docs.createwithplay.com/en/articles/native-alert","Combine Alert triggers with Alert actions to create a native alert shown with a Show Alert action.","Native Alert Overview","Overview, First: Add an Alert Trigger, Add Alert Items, Add Input Text Field Actions, Display the Alert, Resources, Alert Trigger, Alert Action, Alert Text Field Action, Show Alert Action, Reload Alert Action","Adding Actions to Alert Actions","","38","98","0.65492 s","353kb","48","533","","2237","","","https://docs.createwithplay.com/en/articles/native-alert","7","15kb","2","107","0","0"
"Native Menu Overview - Createwithplay","https://docs.createwithplay.com/en/articles/native-menu","Combine Menu triggers with Sub Menu and Menu actions to create a native menu.","Native Menu Overview","Overview, First: Add a Menu Trigger, Add Menu Items for a Basic Menu, Add Submenu Actions for Sections or Submenus, Resources, Button Menu Trigger, Context Menu Trigger, Bar Item Menu Trigger, Sub Menu Action, Menu Action, Reload Menu Action","Styling a Basic Menu, Adding Actions to Menu Actions, Default, Palette, Inline","Large & Default, Medium & Default, Small & Default, Palette, Inline","37","77","0.73745 s","417kb","63","917","","2270","","","https://docs.createwithplay.com/en/articles/native-menu","7","15kb","2","122","0","0"
"Timer Overview - Createwithplay","https://docs.createwithplay.com/en/articles/timer-interactions","A timer is a device that counts time in seconds. In Play, there are several interaction nodes related to timers.","Timer Overview","Timer Trigger, Timer Node, Start and Stop Timer Actions","","","31","112","0.70430 s","329kb","30","449","","2204","","","https://docs.createwithplay.com/en/articles/timer-interactions","7","15kb","2","89","0","0"
"Audio Overview - Createwithplay","https://docs.createwithplay.com/en/articles/audio","Play’s Audio support lets you upload audio files into your projects and use them in your prototypes. Audio files don’t have an element type like images or videos that you need to add to the page as an object. Instead, audio files live in your project’s asset library and can be targeted using audio actions.","Audio Overview","Play and Pause, Fast Forward or Rewind, Track the Audio’s Progress, Restart and Skip Songs, Speed up or slow down, Control the Volume, Repeat a sound effect, Balance Audio between Earbuds","Sync a Waveform with an Audio File, Scrubbing forward and back, Label the Current Time, Label the Total Length, Control the Volume with a Slider, Mute the Volume","","31","307","0.78493 s","346kb","50","1239","","2278","","","https://docs.createwithplay.com/en/articles/audio","7","15kb","2","108","0","0"
"Rive Overview - Createwithplay","https://docs.createwithplay.com/en/articles/rive-overview","","Rive Overview","Overview, Upload Rive Files, Use Data Binding, Learn more about Rive / Set View Model actions, Learn more about View Models in Rive, Learn more about Rive / Data Model Property actions, Learn more about Data Model Properties in Rive, Learn more about Rive / Set Data Model List actions, Learn more about Data Model Lists in Rive, Learn more about Rive Event triggers, Set Playback, Inputs, and More, Learn more about Set Rive Playback actions, Learn more about Rive Animations, Learn more about Set Rive Input actions, Learn more about Inputs and State Machines in Rive, Learn more about Set Rive Artboard actions, Learn more about Artboards in Rive, Learn more about Rive / Set Text actions, Learn more about Text Runs in Rive, Learn more about Set Rive Mute actions, Learn more about Set Rive Volume actions, Learn more about Rive Event triggers, Learn more about Rive Events","Set a View Model Instance, Set a Data Model Property, Set a Data Model List, Trigger Interactions when Bound Data Changes, Set Playback, Set Input, Set Artboard, Set Text, Set Audio, Rive Event","","30","0","0.84034 s","371kb","62","882","","2272","","","https://docs.createwithplay.com/en/articles/rive-overview","7","15kb","2","120","0","0"
"Delay - Createwithplay","https://docs.createwithplay.com/en/articles/delay","A helper that applies a delay to multiple actions at once.","Delay","Overview, Delay Properties, Resources, Learn Interactions 2.0","Time","","22","58","0.51092 s","308kb","36","178","","106","","","https://docs.createwithplay.com/en/articles/delay","7","15kb","2","94","0","0"
"Animate - Createwithplay","https://docs.createwithplay.com/en/articles/animate","A helper that applies animation settings to multiple actions at once.","Animate","Overview, Anatomy of an Animate Block, Animate Properties, Resources, Learn Interactions 2.0","Delay, Duration, Easing","","24","69","0.79393 s","322kb","42","302","","114","","","https://docs.createwithplay.com/en/articles/animate","7","15kb","2","101","0","0"
"Manage Assets - Createwithplay","https://docs.createwithplay.com/en/articles/manage-assets","Upload and manage images, SVGs, videos, fonts, and JSON files.","Manage Assets","Overview, Upload Assets, Manage Assets","Library, Drag and Drop, From an Element","","30","62","0.63641 s","327kb","41","371","","211","","","https://docs.createwithplay.com/en/articles/manage-assets","7","15kb","2","100","0","0"
"Set Variable - Createwithplay","https://docs.createwithplay.com/en/articles/set-variable-action","An action that changes the value of a variable.","Set Variable","Overview, Action Properties, Resources, Learn Interactions 2.0, Saving Data Across Pages, Grid Prefab, Saving Textfields, Variable with Native Control, Pomodoro","Variable, Value","","29","47","0.97978 s","362kb","111","442","","729","","","https://docs.createwithplay.com/en/articles/set-variable-action","7","15kb","2","169","0","0"
"Expression Editor - Createwithplay","https://docs.createwithplay.com/en/articles/expression-editor","","Expression Editor","Expression Output, Using the Expression Editor","Number Output, String Output, Boolean Output","","34","0","1.02386 s","353kb","42","562","","940","","","https://docs.createwithplay.com/en/articles/expression-editor","7","15kb","2","101","0","0"
"Project - Createwithplay","https://docs.createwithplay.com/en/articles/project-settings","Adjust preferences for your project's appearance, orientation, and more.","Project","Overview, Editor Appearance, Project Appearance, Orientation, Other Settings","Snap to Object","","24","72","0.60910 s","325kb","42","359","","210","","","https://docs.createwithplay.com/en/articles/project-settings","7","15kb","2","101","0","0"
"Add Objects - Createwithplay","https://docs.createwithplay.com/en/articles/add-objects","You'll construct your design using elements and components.","Add Objects","Overview, Add Objects","Add Elements, Add Components, Quick Add Menu","","28","59","0.81740 s","325kb","44","430","","220","","","https://docs.createwithplay.com/en/articles/add-objects","7","15kb","2","103","0","0"
"Instances - Createwithplay","https://docs.createwithplay.com/en/articles/component-instances","","Instances","Overview, Instance Overrides, Reset All Overrides, Push All Overrides, Detaching an Instance","","","26","0","0.87675 s","327kb","39","549","","578","","","https://docs.createwithplay.com/en/articles/component-instances","7","15kb","2","98","0","0"
"Components - Createwithplay","https://docs.createwithplay.com/en/articles/components","Components are reusable elements or groups of elements that help keep your design consistent.","Components","Overview, Create a Component, Add an Instance, Edit a Main Component","","","27","93","0.96085 s","333kb","38","573","","672","","","https://docs.createwithplay.com/en/articles/components","7","15kb","2","97","0","0"
"Preview - Createwithplay","https://docs.createwithplay.com/en/articles/preview","","Preview","Overview, Device, Bezel, Size","","","24","0","0.68312 s","331kb","37","412","","205","","","https://docs.createwithplay.com/en/articles/preview","7","15kb","2","96","0","0"
"Orientation - Createwithplay","https://docs.createwithplay.com/en/articles/orientation","Design for portrait, landscape, and orientation changes.","Orientation","Overview, Choosing an Initial Orientation, Prototyping with Orientation","Trigger Actions on Orientation Change, Conditions Based on Orientation","","28","56","0.74790 s","341kb","43","457","","222","","","https://docs.createwithplay.com/en/articles/orientation","7","15kb","2","102","0","0"
"Attribute Panels - Createwithplay","https://docs.createwithplay.com/en/articles/attribute-panels","Adjust the layout, position, and appearance in the attribute panels.","Attribute Panels","Overview, Element Settings, Layout, Position, Appearance","","","33","68","0.57796 s","327kb","45","390","","213","","","https://docs.createwithplay.com/en/articles/attribute-panels","7","15kb","2","104","0","0"
"Position - Createwithplay","https://docs.createwithplay.com/en/articles/position-panel","","Position","Overview, Pin To, Pin To Page, Offset X & Y, Z Depth","","","25","0","0.55130 s","311kb","39","360","","230","","","https://docs.createwithplay.com/en/articles/position-panel","7","15kb","2","98","0","0"
"Layout - Createwithplay","https://docs.createwithplay.com/en/articles/layout-panel","","Layout","Overview, Width & Height, Scale, Padding & Margin, 3D Transform, Clip To Bounds, User Interaction","Fill, Auto","","23","0","0.58854 s","326kb","48","669","","233","","","https://docs.createwithplay.com/en/articles/layout-panel","7","15kb","2","107","0","0"
"Appearance - Createwithplay","https://docs.createwithplay.com/en/articles/appearance-panel","Adjust object properties like color, radius, and opacity, and object effects.","Appearance","Overview, BG, Opacity, Corner Radius, Blend Modes, Compositing, Border, Shadow, Glass, Blur, Connect Edge Effect, UI Appearance","","","27","77","0.70144 s","379kb","56","1314","","251","","","https://docs.createwithplay.com/en/articles/appearance-panel","7","15kb","2","115","0","0"
"Events Panel - Createwithplay","https://docs.createwithplay.com/en/articles/events-panel","Define events for custom event interactions.","Events Panel","Overview, Create an Event, Edit an Event","","","29","44","0.82505 s","307kb","37","392","","209","","","https://docs.createwithplay.com/en/articles/events-panel","7","15kb","2","95","0","0"
"Styles - Createwithplay","https://docs.createwithplay.com/en/articles/styles","","Styles","Overview, Types of Styles","","","23","0","0.87195 s","315kb","38","324","","780","","","https://docs.createwithplay.com/en/articles/styles","7","15kb","2","97","0","0"
"Glass - Createwithplay","https://docs.createwithplay.com/en/articles/glass","An appearance property that adds a Liquid Glass effect to an object.","Glass","Overview, Glass Properties","Enabling Glass, Style, Interactivity, Tint, UI Appearance","","22","68","0.97406 s","369kb","44","455","","272","","","https://docs.createwithplay.com/en/articles/glass","7","15kb","2","103","0","0"
"Blur - Createwithplay","https://docs.createwithplay.com/en/articles/blur","","Blur","Overview, Material, Progressive Blur, Layer Blur","Blur Effect, Foreground, Appearance, Radius, Intensity Map, Invert, Radius","","21","0","0.97348 s","355kb","51","657","","261","","","https://docs.createwithplay.com/en/articles/blur","7","15kb","2","110","0","0"
"Play AI - Createwithplay","https://docs.createwithplay.com/en/articles/play-ai","","Play AI","Overview, Play AI Panel, Commands","Availability, Add Context, Best Practices, Generate, Design, Effect, Interaction, Prefab, Select, Command, Text, Image, Rename, Learn","","24","0","0.74333 s","351kb","66","904","","248","","","https://docs.createwithplay.com/en/articles/play-ai","7","15kb","2","124","0","0"
"Layers - Createwithplay","https://docs.createwithplay.com/en/articles/layers-panel","","Layers","Overview, The Layers Panel","Filtering the Layers Panel, Isolating a Selection","","23","0","1.07882 s","324kb","38","429","","224","","","https://docs.createwithplay.com/en/articles/layers-panel","7","15kb","2","97","0","0"
"Elements - Createwithplay","https://docs.createwithplay.com/en/articles/elements","","Elements","Overview, Adding an Element, Managing Elements","","","25","0","0.50422 s","319kb","38","523","","586","","","https://docs.createwithplay.com/en/articles/elements","7","15kb","2","97","0","0"
"Lobby - Createwithplay","https://docs.createwithplay.com/en/articles/lobby","When you first open the Play app on either your desktop or iPhone, you will be in the Lobby.","Lobby","Overview","Projects Tab, Drafts Tab, Team Dropdown, Members Tab, Explore Section: Learn, Tutorials, & Inspiration, The Notification Panel, Project Tab, Drafts Tab, Team Dropdown, Settings Tab","","22","92","1.80314 s","332kb","38","562","","49","","","https://docs.createwithplay.com/en/articles/lobby","7","15kb","2","97","0","0"
"Gradient Styles - Createwithplay","https://docs.createwithplay.com/en/articles/gradient-styles","","Gradient Styles","Overview, Gradient Styles in macOS, Gradient Styles in iOS","Adding Colors Along Your Gradient, Choosing the Gradient Type, Angle & Spread","","32","0","0.56183 s","322kb","41","491","","557","","","https://docs.createwithplay.com/en/articles/gradient-styles","7","15kb","2","100","0","0"
"System Colors - Createwithplay","https://docs.createwithplay.com/en/articles/system-colors","","System Colors","Overview, Use System Colors","","","30","0","0.64852 s","300kb","33","287","","557","","","https://docs.createwithplay.com/en/articles/system-colors","7","15kb","2","91","0","0"
"States - Createwithplay","https://docs.createwithplay.com/en/articles/component-states","","States","Overview, Adding a State, Managing States, Deleting States","From the Main Component, From a Component Instance, From the Main Component Editor, From the Canvas","","23","0","0.94351 s","326kb","46","561","","598","","","https://docs.createwithplay.com/en/articles/component-states","7","15kb","2","105","0","0"
"Navigation Bar - Createwithplay","https://docs.createwithplay.com/en/articles/nav-bar","","Navigation Bar","Overview, Add a Navigation Bar, Navigation Bar Properties, Managing Navigation Bar Items, Navigation Bar Visibility, Navigation Bar Interactions","macOS, iOS, Bar Style, Hide Nav Bar, Left & Right Bar Items, Prompt, Content Inset, Enable Back, Show Title On Subpage, Large Title Style, Small Title Style, Default Appearance, Scrolled Appearance","Blur Effect, Shadow, Tint, Bar Fill, Title Fill","31","0","0.96657 s","407kb","81","1249","","652","","","https://docs.createwithplay.com/en/articles/nav-bar","7","15kb","2","140","0","0"
"Tab Bar - Createwithplay","https://docs.createwithplay.com/en/articles/tab-bar","","Tab Bar","Overview, Adding a Tab Bar, Tab Bar Properties, Managing Tab Bar Items, Tab Bar Interactions, Custom Tab Bars, Apple Human Interface Guidelines for Tab Bars, Apple Developer Documentation for Tab Bars","Items, Label Style, Customize","Default Icon, Selected Icon, Title, Edit Badge, Link, More Menu, Blur Effect, Selected, Unselected, Bar Fill, Item Position, Title Gap","24","0","0.93900 s","390kb","71","888","","634","","","https://docs.createwithplay.com/en/articles/tab-bar","7","15kb","2","130","0","0"
"Color Styles - Createwithplay","https://docs.createwithplay.com/en/articles/color-styles","","Color Styles","Overview","Creating Dark and Light Mode Color Styles, Using Dark and Light Mode Color Styles","","29","0","1.06062 s","326kb","34","604","","560","","","https://docs.createwithplay.com/en/articles/color-styles","7","15kb","2","93","0","0"
"System Fonts - Createwithplay","https://docs.createwithplay.com/en/articles/system-fonts","","System Fonts","Overview, System Font Properties, System Styles, Accessibility","Design, Width, Accessibility for System, Accessibility for Custom Fonts","Scale Relative To, Bold Variant","29","0","0.73742 s","332kb","50","805","","623","","","https://docs.createwithplay.com/en/articles/system-fonts","7","15kb","2","109","0","0"
"Type Styles - Createwithplay","https://docs.createwithplay.com/en/articles/type-styles","","Type Styles","Overview","","","28","0","0.94275 s","318kb","33","565","","621","","","https://docs.createwithplay.com/en/articles/type-styles","7","15kb","2","92","0","0"
"Corner Radius Styles - Createwithplay","https://docs.createwithplay.com/en/articles/radius-styles","","Corner Radius Styles","Overview","","","37","0","0.78370 s","299kb","31","293","","542","","","https://docs.createwithplay.com/en/articles/radius-styles","7","15kb","2","89","0","0"
"Spacing Styles - Createwithplay","https://docs.createwithplay.com/en/articles/spacing-styles","","Spacing Styles","Overview","","","31","0","0.96327 s","313kb","31","444","","560","","","https://docs.createwithplay.com/en/articles/spacing-styles","7","15kb","2","90","0","0"
"Liquid Glass in Play - Createwithplay","https://docs.createwithplay.com/en/articles/liquid-glass","Using iOS26 features in Play.","Liquid Glass in Play","Overview, What’s Different in Play’s iOS 26?","Glass Effect, Glass Container, Scroll Edge Effect, Updated Nav Bar & Tab Bar, Updated UI Elements, New SF Symbols & Draw In/Out Effect, Concentric Corners","","37","29","0.80408 s","358kb","52","809","","565","","","https://docs.createwithplay.com/en/articles/liquid-glass","7","15kb","2","111","0","0"
"Import Library - Createwithplay","https://docs.createwithplay.com/en/articles/import-library","Keep projects consistent by importing a design system.","Import Library","Overview, How it works, Updating the Design System","Select the Project to Import, Select the Items to Import","","31","54","0.90888 s","334kb","38","515","","556","","","https://docs.createwithplay.com/en/articles/import-library","7","15kb","2","97","0","0"
"Event - Createwithplay","https://docs.createwithplay.com/en/articles/event-trigger","A single trigger that fires when an event occurs.","Event","Overview, Trigger Properties","Type, Location Event Properties, Is Enabled","Event, Event, Variable, Event, Event, Event, Event, Event","22","49","0.53897 s","372kb","74","777","","537","","","https://docs.createwithplay.com/en/articles/event-trigger","7","15kb","2","132","0","0"
"AI View - Createwithplay","https://docs.createwithplay.com/en/articles/ai-view","","AI View","Overview, Generate AI View, Edit AI View, Connect AI View to Play Prototype","","","24","0","1.15293 s","342kb","63","517","","442","","","https://docs.createwithplay.com/en/articles/ai-view","7","15kb","2","122","0","0"
"Import Figma Text - Createwithplay","https://docs.createwithplay.com/en/articles/import-figma-text","Best practices for importing Figma text into Play.","Import Figma Text","Overview, Editing Figma Text","Custom Fonts, SF Symbol as Text in Figma","","34","50","1.26512 s","319kb","33","319","","31","","","https://docs.createwithplay.com/en/articles/import-figma-text","7","15kb","2","92","0","0"
"Alert - Createwithplay","https://docs.createwithplay.com/en/articles/alert-action","An action that adds an alert item to a native alert.","Alert","Overview, Action Properties","Title, Style, Preferred Action","","22","52","0.73940 s","350kb","113","465","","726","","","https://docs.createwithplay.com/en/articles/alert-action","7","15kb","2","171","0","0"
"Alert Text Field - Createwithplay","https://docs.createwithplay.com/en/articles/alert-text-field-action","An action that adds an input text field to a native alert.","Alert Text Field","Overview, Action Properties","Text, Placeholder, Secure Entry, Keyboard Type","","33","58","0.64064 s","351kb","112","442","","720","","","https://docs.createwithplay.com/en/articles/alert-text-field-action","7","15kb","2","170","0","0"
"Easing Curves - Createwithplay","https://docs.createwithplay.com/en/articles/easing-curves","Control the speed and animation of actions","Easing Curves","Overview, Types of Easing Curves","Linear, Ease In, Ease Out, Ease In & Out, Custom (Cubic Bezier), Spring, Custom (Spring)","","30","42","0.95380 s","398kb","117","650","","706","","","https://docs.createwithplay.com/en/articles/easing-curves","7","15kb","2","176","0","0"
"Dismiss Page - Createwithplay","https://docs.createwithplay.com/en/articles/dismiss-page-action","An action that navigates a user back to the previous page.","Dismiss Page","Overview, Action Properties","Duration, Easing","","29","58","0.56306 s","346kb","108","416","","702","","","https://docs.createwithplay.com/en/articles/dismiss-page-action","7","15kb","2","166","0","0"
"Copy to Clipboard - Createwithplay","https://docs.createwithplay.com/en/articles/copy-to-clipboard-action","An action that copies a string or image to the device's clipboard.","Copy to Clipboard","Overview, Action Properties, Relevant Expression Editor Properties","Type, String / Image, Device’s Clipboard","","34","66","0.86385 s","357kb","112","443","","703","","","https://docs.createwithplay.com/en/articles/copy-to-clipboard-action","7","15kb","2","170","0","0"
"Dismiss Keyboard - Createwithplay","https://docs.createwithplay.com/en/articles/dismiss-keyboard-action","An action that dismisses an open native keyboard.","Dismiss Keyboard","Overview, Action Properties","Delay","","33","49","1.01064 s","343kb","106","368","","689","","","https://docs.createwithplay.com/en/articles/dismiss-keyboard-action","7","15kb","2","164","0","0"
"Duplicate - Createwithplay","https://docs.createwithplay.com/en/articles/duplicate-action","An action that duplicates an object within your prototype.","Duplicate","Overview, Action Properties, Resources, Duplicate & Remove Template","Target, Duplicate to, Insert to, Animate In","","26","58","0.95573 s","358kb","113","513","","703","","","https://docs.createwithplay.com/en/articles/duplicate-action","7","15kb","2","171","0","0"
"Dismiss Sheet - Createwithplay","https://docs.createwithplay.com/en/articles/dismiss-sheet-action","An action that closes a native sheet.","Dismiss Sheet","Overview, Action Properties","Animate, Close All Sheets","","30","37","1.00740 s","346kb","108","403","","721","","","https://docs.createwithplay.com/en/articles/dismiss-sheet-action","7","15kb","2","166","0","0"
"Fetch - Createwithplay","https://docs.createwithplay.com/en/articles/fetch-action","A helper that loads in an API file for external data.","Fetch","Overview, Action Properties, Expression Editor Properties, On Error","URL, HTTP Method, Headers, Body Type, Response","","22","53","1.03662 s","370kb","117","691","","716","","","https://docs.createwithplay.com/en/articles/fetch-action","7","15kb","2","175","0","0"
"Capture - Createwithplay","https://docs.createwithplay.com/en/articles/capture-action","An action that captures the view of a camera element.","Capture","Overview, Action Properties","Mode, Target, Output, Save to Library, Capture, Recording, Recording Quality, Recording FPS","","24","53","1.50465 s","362kb","121","541","","738","","","https://docs.createwithplay.com/en/articles/capture-action","7","15kb","2","179","0","0"
"Go To URL - Createwithplay","https://docs.createwithplay.com/en/articles/go-to-url-action","An action that takes the user to a URL in their browser.","Go To URL","Overview, Action Properties","URL","","26","56","0.89358 s","343kb","106","377","","692","","","https://docs.createwithplay.com/en/articles/go-to-url-action","7","15kb","2","164","0","0"
"Fetch JSON - Createwithplay","https://docs.createwithplay.com/en/articles/fetch-json-action","A helper that loads in a JSON file for external data.","Fetch JSON","Overview, Action Properties, Expression Editor Properties","File, Response","","27","53","1.02183 s","354kb","110","414","","710","","","https://docs.createwithplay.com/en/articles/fetch-json-action","7","15kb","2","168","0","0"
"Menu - Createwithplay","https://docs.createwithplay.com/en/articles/menu-action","An action that adds a menu item to a native menu.","Menu","Overview, Action Properties","Title, Subtitle, Image, Tint Color, State, Destructive, Disabled, Hidden, Keeps Menu Presented","","21","49","0.77711 s","364kb","125","568","","773","","","https://docs.createwithplay.com/en/articles/menu-action","7","15kb","2","183","0","0"
"Format Number - Createwithplay","https://docs.createwithplay.com/en/articles/format-number-action","An action that formats a number variable displayed in a text element.","Format Number","Overview, Action Properties","Target, Variable, Format, From, To, Code, Style","","30","69","1.11876 s","367kb","117","609","","704","","","https://docs.createwithplay.com/en/articles/format-number-action","7","15kb","2","175","0","0"
"Layer Blur - Createwithplay","https://docs.createwithplay.com/en/articles/layer-blur-action","An action that adjusts the blur on a layer.","Layer Blur","Overview, Action Properties","Target, Value, Animate","","27","43","1.02925 s","350kb","111","456","","698","","","https://docs.createwithplay.com/en/articles/layer-blur-action","7","15kb","2","169","0","0"
"OAuth - Createwithplay","https://docs.createwithplay.com/en/articles/oauth-action","An action that allows your prototype to safely perform OAuth2 logins and other web-based authentication.","OAuth","Overview, Action Properties, On Error","URL","","22","104","0.86827 s","347kb","107","419","","699","","","https://docs.createwithplay.com/en/articles/oauth-action","7","15kb","2","165","0","0"
"Open Sheet - Createwithplay","https://docs.createwithplay.com/en/articles/open-sheet-action","An action that opens a page as a native sheet.","Open Sheet","Overview, Action Properties, Resources, Bottom Drawer Template, Open Sheet Template","Page, Style, Detents, Start Detent, Corner Radius, Grabber, Prevent Dismissal, Always Scrollable, Interaction Beneath","","27","46","0.57314 s","375kb","125","660","","739","","","https://docs.createwithplay.com/en/articles/open-sheet-action","7","15kb","2","183","0","0"
"Open Page - Createwithplay","https://docs.createwithplay.com/en/articles/open-page-action","An action that navigates a user to a new page.","Open Page","Overview, Action Properties, Custom Style Properties, Resources, New to Play? Start here!, Learn Interactions 2.0","Page, Style, Transition, Zoom Target, Animation, Move In From, Load on Root Level, Animate","","26","46","0.63086 s","380kb","124","828","","755","","","https://docs.createwithplay.com/en/articles/open-page-action","7","15kb","2","182","0","0"
"Open Library - Createwithplay","https://docs.createwithplay.com/en/articles/open-library-action","An action that opens the device's photo library.","Open Library","Overview, Action Properties, Resources, Access Photo Library Template","Output, Allow Editing","","29","48","0.63255 s","350kb","110","381","","703","","","https://docs.createwithplay.com/en/articles/open-library-action","7","15kb","2","168","0","0"
"Open Camera - Createwithplay","https://docs.createwithplay.com/en/articles/open-camera-action","An action that opens the device's camera above the prototype.","Open Camera","Overview, Action Properties, Resources, Take Photo Template","Output, Camera, Allow Editing, Flash","","28","61","0.80440 s","358kb","115","466","","711","","","https://docs.createwithplay.com/en/articles/open-camera-action","7","15kb","2","173","0","0"
"Photo Picker - Createwithplay","https://docs.createwithplay.com/en/articles/photo-picker-action","An action that selects multiple assets from the device's photo library.","Photo Picker","Overview, Action Properties, Expression Editor Properties","Filter, Selection, Selection Limit, Representation Mode, Compact on iPad, Output, Output Types","","29","71","0.61761 s","378kb","121","615","","716","","","https://docs.createwithplay.com/en/articles/photo-picker-action","7","15kb","2","179","0","0"
"Reload Alert - Createwithplay","https://docs.createwithplay.com/en/articles/reload-alert-action","An action that reloads the content of a native alert.","Reload Alert","Overview, Action Properties","Target","","29","53","0.55077 s","343kb","106","353","","695","","","https://docs.createwithplay.com/en/articles/reload-alert-action","7","15kb","2","164","0","0"
"Progressive Blur - Createwithplay","https://docs.createwithplay.com/en/articles/progressive-blur-action","An action that adjusts a layer's native progressive.","Progressive Blur","Overview, Action Properties","Target, Value, Animate","","33","52","0.86004 s","351kb","111","505","","692","","","https://docs.createwithplay.com/en/articles/progressive-blur-action","7","15kb","2","169","0","0"
"Rive / Set Text - Createwithplay","https://docs.createwithplay.com/en/articles/rive-set-text-action","An action that sets a text value within a Rive file.","Rive / Set Text","Overview, Action Properties","Target, Text Name, Value","","32","52","0.56908 s","354kb","109","461","","709","","","https://docs.createwithplay.com/en/articles/rive-set-text-action","7","15kb","2","168","0","0"
"Rive / Set Data Model Property - Createwithplay","https://docs.createwithplay.com/en/articles/rive-set-data-model-property-action","An action that sets the value of a Rive data model property.","Rive / Set Data Model Property","Overview, Action Properties","Target, View Model, Property, Value","","47","60","0.59916 s","355kb","112","496","","711","","","https://docs.createwithplay.com/en/articles/rive-set-data-model-property-action","7","15kb","2","170","0","0"
"Remove - Createwithplay","https://docs.createwithplay.com/en/articles/remove-action","An action that removes an object within your prototype.","Remove","Overview, Action Properties, Resources, Duplicate & Remove Template","Target, Animate Out, Remove Child, Index","","23","55","0.69527 s","358kb","114","504","","697","","","https://docs.createwithplay.com/en/articles/remove-action","7","15kb","2","172","0","0"
"Reset All Properties - Createwithplay","https://docs.createwithplay.com/en/articles/reset-all-properties-action","An action that resets an object's properties to its default values.","Reset All Properties","Overview, Action Properties","Target, Animate","","37","67","0.68628 s","348kb","108","441","","693","","","https://docs.createwithplay.com/en/articles/reset-all-properties-action","7","15kb","2","166","0","0"
"Reload Menu - Createwithplay","https://docs.createwithplay.com/en/articles/reload-menu-action","An action that reloads the content of a native menu.","Reload Menu","Overview, Action Properties","Target","","28","52","0.95126 s","343kb","106","354","","708","","","https://docs.createwithplay.com/en/articles/reload-menu-action","7","15kb","2","164","0","0"
"Print - Createwithplay","https://docs.createwithplay.com/en/articles/print-action","An action that displays a value for debugging.","Print","Overview, Action Properties, Debugging with Print Actions","Title, Value","","22","46","1.14116 s","363kb","111","581","","699","","","https://docs.createwithplay.com/en/articles/print-action","7","15kb","2","170","0","0"
"Round Number Action - Createwithplay","https://docs.createwithplay.com/en/articles/round-number-action","An action that rounds a number variable displayed in a text element.","Round Number Action","Overview, Action Properties","Target, Variable, Before Decimal, After Decimal","","36","68","0.60890 s","355kb","111","490","","702","","","https://docs.createwithplay.com/en/articles/round-number-action","7","15kb","2","169","0","0"
"Rive / Set View Model - Createwithplay","https://docs.createwithplay.com/en/articles/rive-set-view-model-action","An action that changes a Rive file’s View Model.","Rive / Set View Model","Overview, Action Properties","Target, Type","Artboard, View Model, Instance, View Model, Instance, To View Model, To Instance","38","48","1.11278 s","362kb","114","487","","727","","","https://docs.createwithplay.com/en/articles/rive-set-view-model-action","7","15kb","2","172","0","0"
"Set Activity Indicator - Createwithplay","https://docs.createwithplay.com/en/articles/set-activity-indicator-action","An action that changes the UI appearance to light or dark mode.","Set Activity Indicator","Overview, Action Properties","Target, Type","","39","63","0.72292 s","347kb","108","375","","701","","","https://docs.createwithplay.com/en/articles/set-activity-indicator-action","7","15kb","2","166","0","0"
"Set Array - Createwithplay","https://docs.createwithplay.com/en/articles/set-array-action","An action that changes the values in an array variable.","Set Array","Overview, Action Properties","Variable, Action, Value, Index","","26","55","0.51212 s","355kb","112","516","","721","","","https://docs.createwithplay.com/en/articles/set-array-action","7","15kb","2","170","0","0"
"Rive / Set Data Model List - Createwithplay","https://docs.createwithplay.com/en/articles/rive-set-data-model-list-action","An action that modifies a Rive list.","Rive / Set Data Model List","Overview, Action Properties","Target, View Model, List, Action","View Model, Instance, View Model, Instance, Index, View Model, Property, Index, Value, Index 1, Index 2, View Model, Instance, Index","43","36","1.47200 s","389kb","125","771","","743","","","https://docs.createwithplay.com/en/articles/rive-set-data-model-list-action","7","15kb","2","183","0","0"
"Set Focus - Createwithplay","https://docs.createwithplay.com/en/articles/set-focus-action","An action that focuses a text field and opens the keyboard.","Set Focus","Overview, Action Properties","Direction, Text, Start Tag, Wrap","","26","59","0.50361 s","353kb","113","484","","701","","","https://docs.createwithplay.com/en/articles/set-focus-action","7","15kb","2","171","0","0"
"Set Event - Createwithplay","https://docs.createwithplay.com/en/articles/set-event-action","An action that fires an event that a Custom Event trigger listens for.","Set Event","Overview, Action Properties","Event, Delay","","26","70","0.67546 s","348kb","108","455","","712","","","https://docs.createwithplay.com/en/articles/set-event-action","7","15kb","2","166","0","0"
"Set Appearance - Createwithplay","https://docs.createwithplay.com/en/articles/set-appearance-action","An action that changes the UI appearance to light or dark mode.","Set Appearance","Overview, Action Properties","Type, Target, UI Appearance","","31","63","0.88359 s","352kb","110","481","","694","","","https://docs.createwithplay.com/en/articles/set-appearance-action","7","15kb","2","168","0","0"
"Set Color - Createwithplay","https://docs.createwithplay.com/en/articles/set-color-action","An action that sets an object's color.","Set Color","Overview, Properties","Target, Property, Set To","","26","38","0.78570 s","357kb","111","516","","692","","","https://docs.createwithplay.com/en/articles/set-color-action","7","15kb","2","169","0","0"
"Set Audio Mute - Createwithplay","https://docs.createwithplay.com/en/articles/set-audio-mute-action","An action that mutes the sound of an audio file.","Set Audio Mute","Overview, Action Properties","Audio, Mute","","31","48","0.86416 s","345kb","107","363","","717","","","https://docs.createwithplay.com/en/articles/set-audio-mute-action","7","15kb","2","165","0","0"
"Set Audio - Createwithplay","https://docs.createwithplay.com/en/articles/set-audio-action","An action that controls the playback of an audio file.","Set Audio","Overview, Action Properties, Resources, Audio Waveform Template, Music Multi-Track Project","Audio, Playback, Play Playback Properties, Play At Playback Properties, Seek Playback Properties, Rate Playback Properties, Pan Playback Properties, Repeat Playback Properties","Return to Start on End, Time, Return to Start on End, Type, Rate, Pan, Repeat","26","54","0.88518 s","387kb","135","688","","761","","","https://docs.createwithplay.com/en/articles/set-audio-action","7","15kb","2","193","0","0"
"Set Audio Volume - Createwithplay","https://docs.createwithplay.com/en/articles/set-audio-volume-action","An action that adjusts the volume of an audio file.","Set Audio Volume","Overview, Action Properties","Audio, Volume","","33","51","0.79299 s","346kb","108","391","","704","","","https://docs.createwithplay.com/en/articles/set-audio-volume-action","7","15kb","2","166","0","0"
"Set Image - Createwithplay","https://docs.createwithplay.com/en/articles/set-image-action","An action that adds image data to an image element.","Set Image","Overview, Action Properties","Target, Image, Remove Current Image, Transition, Delay, Easing, Back Drop, Back Drop Opacity","Duration","26","51","0.70134 s","364kb","122","553","","732","","","https://docs.createwithplay.com/en/articles/set-image-action","7","15kb","2","180","0","0"
"Set Lens - Createwithplay","https://docs.createwithplay.com/en/articles/set-lens-action","An action that changes a camera element's lens.","Set Lens","Overview, Action Properties","Target, Mode, Lens, Digital Zoom, Animate Zoom","","25","47","0.69507 s","354kb","114","447","","733","","","https://docs.createwithplay.com/en/articles/set-lens-action","7","15kb","2","172","0","0"
"Set Page Loader - Createwithplay","https://docs.createwithplay.com/en/articles/set-page-loader-action","An action that loads or removes a page in a page loader element.","Set Page Loader","Overview, Action Properties","Target, Select Page, Remove Page, Animation, Delay, Duration, Easing","","32","64","0.58959 s","361kb","118","539","","716","","","https://docs.createwithplay.com/en/articles/set-page-loader-action","7","15kb","2","176","0","0"
"Set Haptic - Createwithplay","https://docs.createwithplay.com/en/articles/set-haptic-action","An action that plays haptic feedback.","Set Haptic","Overview, Action Properties, Resources, Haptics Template, short_haptic.json, long_haptic.json, long_knocks_haptic.json, gradient_haptic.json","Type, File","","27","37","1.06733 s","363kb","109","437","","701","","","https://docs.createwithplay.com/en/articles/set-haptic-action","7","15kb","2","167","0","0"
"Set Map Location - Createwithplay","https://docs.createwithplay.com/en/articles/set-map-location-action","An action that set's a native map's location.","Set Map Location","Overview, Action Properties","Map, Type, Latitude, Longitude, Altitude, Offset X, Offset Y, Animate","","33","45","0.73844 s","361kb","120","514","","741","","","https://docs.createwithplay.com/en/articles/set-map-location-action","7","15kb","2","178","0","0"
"Set Preview - Createwithplay","https://docs.createwithplay.com/en/articles/set-preview-action","An action that sets the appearance of a camera element's preview.","Set Preview","Overview, Action Properties","Target, Preview, Preview Quality, Preview FPS","","28","65","0.61721 s","350kb","112","412","","715","","","https://docs.createwithplay.com/en/articles/set-preview-action","7","15kb","2","170","0","0"
"Set Rive Artboard - Createwithplay","https://docs.createwithplay.com/en/articles/set-rive-artboard-action","An action that controls a Rive file's artboard and state machine.","Set Rive Artboard","Overview, Action Properties","Target, Artboard, State Machine","","34","65","0.93495 s","348kb","110","382","","711","","","https://docs.createwithplay.com/en/articles/set-rive-artboard-action","7","15kb","2","168","0","0"
"Set Rive Input - Createwithplay","https://docs.createwithplay.com/en/articles/set-rive-input-action","An action that controls a Rive file's state and input.","Set Rive Input","Overview, Action Properties","Target, Artboard, State Machine, Input","","31","54","1.07246 s","354kb","112","471","","711","","","https://docs.createwithplay.com/en/articles/set-rive-input-action","7","15kb","2","170","0","0"
"Set Map Pin - Createwithplay","https://docs.createwithplay.com/en/articles/set-map-pin-action","An action that selects or unselects a pin on a native map.","Set Map Pin","Overview, Action Properties, Resources, Map + Carousel Template, Map + List Template","Type, Map, Pin, Move to Pin, Animate","","28","58","1.31975 s","363kb","116","537","","739","","","https://docs.createwithplay.com/en/articles/set-map-pin-action","7","15kb","2","174","0","0"
"Set SF Symbol - Createwithplay","https://docs.createwithplay.com/en/articles/set-sf-symbol-action","An action that replaces one SF Symbol icon with another.","Set SF Symbol","Overview, Action Properties, Resources, Audio Waveform, Basic Video Controls","Target, Symbol, Variable Progress, Replace Animation","By Layer, Direction","30","56","0.53787 s","364kb","118","546","","723","","","https://docs.createwithplay.com/en/articles/set-sf-symbol-action","7","15kb","2","176","0","0"
"Set Property - Createwithplay","https://docs.createwithplay.com/en/articles/set-property-action","An action that adjusts an object property.","Set Property","Overview, Action Properties","Target, Property, Value, Animate","","29","42","1.37024 s","360kb","112","586","","704","","","https://docs.createwithplay.com/en/articles/set-property-action","7","15kb","2","170","0","0"
"Set Rive Mute - Createwithplay","https://docs.createwithplay.com/en/articles/set-rive-mute-action","An action that mutes the sound of an audio file.","Set Rive Mute","Overview, Action Properties","Target, Mute","","30","48","1.30335 s","345kb","108","364","","706","","","https://docs.createwithplay.com/en/articles/set-rive-mute-action","7","15kb","2","166","0","0"
"Set Rive Volume - Createwithplay","https://docs.createwithplay.com/en/articles/set-rive-volume","An action that adjusts the volume of a Rive file.","Set Rive Volume","Overview, Action Properties","Target, Volume","","32","49","0.83673 s","346kb","109","396","","707","","","https://docs.createwithplay.com/en/articles/set-rive-volume","7","15kb","2","167","0","0"
"Set Scroll X & Y - Createwithplay","https://docs.createwithplay.com/en/articles/set-scroll-x-y-actions","Actions that scroll a container horizontally or vertically.","Set Scroll X & Y","Overview, Action Properties","Target, Type, Value, Alignment, Animate","","33","59","0.66791 s","357kb","115","552","","698","","","https://docs.createwithplay.com/en/articles/set-scroll-x-y-actions","7","15kb","2","173","0","0"
"Set Segment - Createwithplay","https://docs.createwithplay.com/en/articles/set-segment-action","An action that selects a segment of a segmented control.","Set Segment","Overview, Action Properties","Target, Segment","","28","56","0.67779 s","346kb","108","392","","709","","","https://docs.createwithplay.com/en/articles/set-segment-action","7","15kb","2","166","0","0"
"Set Rive Playback - Createwithplay","https://docs.createwithplay.com/en/articles/set-rive-playback-action","An action that controls the playback of a Rive file.","Set Rive Playback","Overview, Action Properties","Target, Playback","","34","52","0.92976 s","348kb","108","412","","704","","","https://docs.createwithplay.com/en/articles/set-rive-playback-action","7","15kb","2","166","0","0"
"Set SF Symbol Effect - Createwithplay","https://docs.createwithplay.com/en/articles/set-sf-symbol-effect-action","An action that animates an SF Symbol icon.","Set SF Symbol Effect","Overview, Action Properties","Target, Animation, Scope, Scope","Direction, Direction, By Layer, Speed, Repeat, Direction, By Layer, Speed, Repeat, Direction, By Layer, Speed, Layer Style, Hide Inactive Layers, Auto-Reverse, Speed, Repeat","37","42","0.79129 s","401kb","126","963","","785","","","https://docs.createwithplay.com/en/articles/set-sf-symbol-effect-action","7","15kb","2","184","0","0"
"Set Shadow - Createwithplay","https://docs.createwithplay.com/en/articles/set-shadow-action","An action that adjusts an object's shadow.","Set Shadow","Overview, Action Properties","Target, Shadow Index, Offset X & Y, Blur, Spread, Opacity, Color, Animate","","27","42","0.78162 s","362kb","119","565","","729","","","https://docs.createwithplay.com/en/articles/set-shadow-action","7","15kb","2","177","0","0"
"Set Sheet Detent - Createwithplay","https://docs.createwithplay.com/en/articles/set-sheet-detent-action","An action that changes an open sheet's detent.","Set Sheet Detent","Overview, Action Properties","Detent, Animate","","33","46","0.60162 s","345kb","108","388","","699","","","https://docs.createwithplay.com/en/articles/set-sheet-detent-action","7","15kb","2","166","0","0"
"Set Text - Createwithplay","https://docs.createwithplay.com/en/articles/set-text-action","An action that adds copy to a text element.","Set Text","Overview, Action Properties, Resources, Native Controls, Saving Data Across Pages","Target, Text, Delay","","25","43","0.52658 s","355kb","113","410","","763","","","https://docs.createwithplay.com/en/articles/set-text-action","7","15kb","2","171","0","0"
"Set Status Bar - Createwithplay","https://docs.createwithplay.com/en/articles/set-status-bar-action","An action that changes the appearance of the device's status bar.","Set Status Bar","Overview, Action Properties","Appearance, Show Status Bar, Animate","","31","65","0.57796 s","351kb","109","478","","697","","","https://docs.createwithplay.com/en/articles/set-status-bar-action","7","15kb","2","167","0","0"
"Set State - Createwithplay","https://docs.createwithplay.com/en/articles/set-state-action","An action that changes a component's state.","Set State","Overview, Action Properties, Resources, Accordions, Select One to Enable, Expanding Cards, Change Header on Scroll","Target, State, Invert Other Instances, Animate","","26","43","0.78031 s","364kb","116","491","","716","","","https://docs.createwithplay.com/en/articles/set-state-action","7","15kb","2","174","0","0"
"Start and Stop Speech - Createwithplay","https://docs.createwithplay.com/en/articles/start-and-stop-speech-actions","Actions that start or stop a Speech trigger.","Start and Stop Speech","Overview, Action Properties","Target, Speech, Language","","38","44","0.75181 s","356kb","111","462","","727","","","https://docs.createwithplay.com/en/articles/start-and-stop-speech-actions","7","15kb","2","170","0","0"
"Set Video Playback - Createwithplay","https://docs.createwithplay.com/en/articles/set-video-playback-action","An action that controls the playback of a video file.","Set Video Playback","Overview, Action Properties, Resources, Basic Video Controls","Target, Playback","","35","53","0.92899 s","355kb","110","466","","710","","","https://docs.createwithplay.com/en/articles/set-video-playback-action","7","15kb","2","168","0","0"
"Show Alert - Createwithplay","https://docs.createwithplay.com/en/articles/show-alert-action","An action that display a native alert.","Show Alert","Overview, Action Properties","Target, Alert","","27","38","0.91742 s","345kb","108","378","","717","","","https://docs.createwithplay.com/en/articles/show-alert-action","7","15kb","2","166","0","0"
"Start and Stop Timer - Createwithplay","https://docs.createwithplay.com/en/articles/start-and-stop-timer-actions","Actions that start or stop a Timer trigger.","Start and Stop Timer","Overview, Action Properties","Target, Timer","","37","43","0.86120 s","346kb","108","396","","718","","","https://docs.createwithplay.com/en/articles/start-and-stop-timer-actions","7","15kb","2","166","0","0"
"Set Video - Createwithplay","https://docs.createwithplay.com/en/articles/set-video-action","An action that adds video content to a video element.","Set Video","Overview, Action Properties","Target, Video, Remove Current Video","","26","53","1.32570 s","348kb","110","391","","711","","","https://docs.createwithplay.com/en/articles/set-video-action","7","15kb","2","168","0","0"
"Toggle Tab Bar - Createwithplay","https://docs.createwithplay.com/en/articles/toggle-tab-bar-action","An action that shows or hides a native tab bar.","Toggle Tab Bar","Overview, Action Properties","Visibility, Animated","","31","47","0.84742 s","345kb","108","386","","691","","","https://docs.createwithplay.com/en/articles/toggle-tab-bar-action","7","15kb","2","166","0","0"
"Snapshot - Createwithplay","https://docs.createwithplay.com/en/articles/snapshot-action","An action that captures an object's view.","Snapshot","Overview, Action Properties, Expression Editor Properties","Target, Snapshot Image","","25","41","1.23712 s","354kb","111","398","","693","","","https://docs.createwithplay.com/en/articles/snapshot-action","7","15kb","2","169","0","0"
"Sub Menu - Createwithplay","https://docs.createwithplay.com/en/articles/sub-menu-action","An action that creates a section or submenu of a native menu.","Sub Menu","Overview, Trigger Properties","Title, Subtitle, Image, Element Size, Display, Destructive, Single Selection","","25","61","0.97562 s","364kb","121","610","","757","","","https://docs.createwithplay.com/en/articles/sub-menu-action","7","15kb","2","179","0","0"
"Waveform / Toggle Live - Createwithplay","https://docs.createwithplay.com/en/articles/waveform-toggle-live-action","An action that controls how a waveform responds to an audio input.","Waveform / Toggle Live","Overview, Action Properties, Resources, Music Multi-Track Explore Project","Target, Listening","","39","66","0.53762 s","352kb","110","456","","709","","","https://docs.createwithplay.com/en/articles/waveform-toggle-live-action","7","15kb","2","168","0","0"
"Tween State - Createwithplay","https://docs.createwithplay.com/en/articles/tween-state-action","An action that animates a component between states.","Tween State","Overview, Action Properties, Resources, Tween State Template","Target, State, Percent","","28","51","0.95646 s","352kb","112","398","","695","","","https://docs.createwithplay.com/en/articles/tween-state-action","7","15kb","2","170","0","0"
"Toggle Nav Bar - Createwithplay","https://docs.createwithplay.com/en/articles/toggle-nav-bar-action","An action that shows or hides a native navigation bar.","Toggle Nav Bar","Overview, Action Properties","Visibility, Animated","","31","54","1.09112 s","345kb","108","386","","694","","","https://docs.createwithplay.com/en/articles/toggle-nav-bar-action","7","15kb","2","166","0","0"
"Waveform / Set Input - Createwithplay","https://docs.createwithplay.com/en/articles/waveform-set-input-action","An action that changes a waveform element’s audio input.","Waveform / Set Input","Overview, Action Properties","Target, Input","","37","56","0.91848 s","347kb","108","392","","706","","","https://docs.createwithplay.com/en/articles/waveform-set-input-action","7","15kb","2","166","0","0"
"View Enter & Exit - Createwithplay","https://docs.createwithplay.com/en/articles/view-enter-exit-triggers","A single or continuous trigger that fires when a user scrolls a view into or out of the bounds.","View Enter & Exit","Overview, Action Properties","View, Threshold, Trigger","","34","95","0.76584 s","328kb","64","463","","382","","","https://docs.createwithplay.com/en/articles/view-enter-exit-triggers","7","15kb","2","122","0","0"
"Variables - Createwithplay","https://docs.createwithplay.com/en/articles/variables","","Variables","Overview, Creating a Variable, Using a Variable","Variable Scope, Variable Properties, Set Variable, Set Array, Using Variables as Values, Variables in Expressions and Conditions","","26","0","0.63220 s","394kb","54","1177","","2531","","","https://docs.createwithplay.com/en/articles/variables","7","15kb","1","113","0","0"
"Conditions - Createwithplay","https://docs.createwithplay.com/en/articles/condition","A helper that uses logic to fire different actions in different circumstances.","Conditions, Conditions","Overview, Creating Conditions in Play, Overview, Creating Conditions in Play","And & Or, Nested Conditions, And & Or, Nested Conditions","","27","78","0.63834 s","717kb","80","1499","","151","","","https://docs.createwithplay.com/en/articles/condition","14","30kb","1","191","0","0"
"Triggers - Createwithplay","https://docs.createwithplay.com/en/articles/triggers","Triggers are events that cause an action to fire.","Triggers","Overview","","","25","49","0.79040 s","382kb","106","423","","420","","","https://docs.createwithplay.com/en/articles/triggers","7","15kb","1","164","0","0"
"Prefabs - Createwithplay","https://docs.createwithplay.com/en/articles/prefabs","Prefabs are advanced, already-created interactions to make prototyping faster.","Prefabs","Overview, Adding a Prefab, Prefab Controls, Editing Prefabs","Action Prefabs, Renaming Prefabs","","24","78","0.59535 s","332kb","39","587","","2251","","","https://docs.createwithplay.com/en/articles/prefabs","7","15kb","1","98","0","0"
"Share App Clip - Createwithplay","https://docs.createwithplay.com/en/articles/share-app-clip","Share Play prototypes natively with App Clips.","Share App Clip","Overview, Generate an App Clip Link","From the Lobby, From the Editor","","31","46","0.42144 s","318kb","32","475","","31","","noindex","https://docs.createwithplay.com/en/articles/share-app-clip","7","15kb","1","91","0","0"
"Timer - Createwithplay","https://docs.createwithplay.com/en/articles/timer","A helper that fires every X seconds.","Timer","Overview, Timer Properties","Interval, Repetitions, Fires Immediately","","22","36","0.70126 s","309kb","39","237","","94","","","https://docs.createwithplay.com/en/articles/timer","7","15kb","1","97","0","0"
"Loops - Createwithplay","https://docs.createwithplay.com/en/articles/loop","A helper that applies an action(s) multiple times.","Loops","Overview, Action Properties, Expression Editor Properties","Type, Parent, Start, End, Array, Index, Child, Count, Index, Index Inverted","","22","50","0.84256 s","355kb","56","499","","145","","","https://docs.createwithplay.com/en/articles/loop","7","15kb","1","114","0","0"
"Selection Menu - Createwithplay","https://docs.createwithplay.com/en/articles/prefab-selection-menu","A prefab that creates a native selection menu.","Selection Menu","Overview, Controls","Title, Items, Selected Index, Keep Menu Open, Action","","31","46","0.61488 s","321kb","37","259","","60","","","https://docs.createwithplay.com/en/articles/prefab-selection-menu","7","15kb","3","95","0","0"
"Elastic Header - Createwithplay","https://docs.createwithplay.com/en/articles/prefab-elastic-header","A prefab that stretches a header.","Elastic Header","Overview, Controls, Resources, Elastic Header","Header, Stretch","","31","33","0.97380 s","323kb","41","231","","112","","","https://docs.createwithplay.com/en/articles/prefab-elastic-header","7","15kb","3","99","0","0"
"Alert - Createwithplay","https://docs.createwithplay.com/en/articles/alert-trigger","A single trigger that creates a native alert.","Alert","Overview, Trigger Properties","Title, Message, Preferred Style, Build on Load","","22","45","0.79123 s","327kb","68","335","","447","","","https://docs.createwithplay.com/en/articles/alert-trigger","7","15kb","3","126","0","0"
"Button Menu - Createwithplay","https://docs.createwithplay.com/en/articles/button-menu-trigger","A trigger that opens a button’s native menu on tap.","Button Menu","Overview, Trigger Properties","Title, Subtitle, Element Size, Display, Destructive, Single Selection, Build on Load","","28","51","0.57062 s","341kb","77","546","","466","","","https://docs.createwithplay.com/en/articles/button-menu-trigger","7","15kb","3","135","0","0"
"Bar Item Menu - Createwithplay","https://docs.createwithplay.com/en/articles/bar-item-menu-trigger","A trigger that opens a nav bar item’s native menu on tap.","Bar Item Menu","Overview, Trigger Properties","Title, Subtitle, Element Size, Display, Destructive, Single Selection, Build on Load","","30","57","0.52934 s","340kb","72","573","","473","","","https://docs.createwithplay.com/en/articles/bar-item-menu-trigger","7","15kb","3","130","0","0"
"Context Menu - Createwithplay","https://docs.createwithplay.com/en/articles/context-menu-trigger","A trigger that opens a native menu on long press.","Context Menu","Overview, Trigger Properties","Title, Subtitle, Element Size, Display, Destructive, Single Selection, Preview, Build on Load","","29","49","0.79370 s","344kb","74","615","","476","","","https://docs.createwithplay.com/en/articles/context-menu-trigger","7","15kb","3","132","0","0"
"Timer - Createwithplay","https://docs.createwithplay.com/en/articles/timer-trigger","A continuous trigger that fires every X seconds.","Timer","Overview, Trigger Properties, Resources, Timer Template, Timer Project","Interval, Auto Start, Repeat, Fires Immediately","","22","48","0.60234 s","334kb","70","344","","409","","","https://docs.createwithplay.com/en/articles/timer-trigger","7","15kb","3","128","0","0"
"Rive - Createwithplay","https://docs.createwithplay.com/en/articles/rive","An element that embeds a Rive animation in your prototype.","Rive","Overview, Properties, Expression Editor Properties, Resources, Rive Event Trigger, Set Rive Input, Set Rive Playback Action, Rive / Set Text Action, Set Rive Artboard Action, Set Rive Volume Action, Set Rive Mute Action, Prototyping with Rive, About Rive Files","Asset, Content Mode, Artboard, Animation, Direction, Loop, Auto Start, Is Playing, Rive Current State","","21","58","0.63880 s","382kb","89","712","","506","","","https://docs.createwithplay.com/en/articles/rive","7","15kb","3","147","0","0"
"Target - Createwithplay","https://docs.createwithplay.com/en/articles/target","A helper that selects a target for multiple actions at once.","Target","Overview, Target Properties","Target","","23","60","0.56059 s","309kb","34","166","","86","","","https://docs.createwithplay.com/en/articles/target","7","15kb","3","93","0","0"
"Device Properties - Createwithplay","https://docs.createwithplay.com/en/articles/device-properties","Expression Editor values for an iOS device's properties.","Device Properties","Overview, Accessing Device Properties, Device Properties","Appearance, Clipboard, Is Custom, Is Landscape, Is Pad, Is Phone, Is Portrait, Keyboard Height, Keyboard Height with Input Accessory, Orientation, Safe Area Bottom, Safe Area Top, Screen Height, Screen Width, Tab Bar Height, Version, Version Major, Version Minor, Version Patch, Version String","","34","56","0.51007 s","486kb","74","633","","726","","","https://docs.createwithplay.com/en/articles/device-properties","7","15kb","3","133","0","0"
"Object Properties - Createwithplay","https://docs.createwithplay.com/en/articles/object-properties","Expression Editor values for objects' properties.","Object Properties","Overview, Accessing Object Properties, Selection Helpers, Object Properties","Appearance, Background Color, Border Bottom Left Radius, Border Bottom Right Radius, Border Top Left Radius, Border Top Right Radius, Child Count, Current State, Height, Index, is Decelerating, is Hidden, is Scroll Animating, is Scroll Enabled, is Zoom Enabled, Layer Blur, Margin Bottom, Margin Left, Margin Right, Margin Top, Max X, Max Y, Max Zoom Scale, Mid X, Mid Y, Min X, Min Y, Min Zoom Scale, Offset X, Offset Y, Opacity, Origin X, Origin Y, Padding Bottom, Padding Left, Padding Right, Padding Top, Parent, Parent X, Parent Y, Percent Scrolled X, Percent Scrolled Y, Pin Type, Position, Progressive Blur, Radius, Rotation X, Rotation Y, Rotation Z, Scale, Scale X, Scale Y, Screen X, Screen Y, Scroll Index X, Scroll Index Y, Scroll X, Scroll Y, Self, Stack Axis, Stack Gap, Translate X, Translate Y, Translate Z, Visible Count, Visible Index, Width, Z Index, Zoom Scale","","34","49","0.65440 s","893kb","174","1501","","1135","","","https://docs.createwithplay.com/en/articles/object-properties","7","15kb","3","233","0","0"
"Color Properties - Createwithplay","https://docs.createwithplay.com/en/articles/color-properties","Expression Editor values for colors' properties.","Color Properties","Overview, Accessing Color Properties, Color Properties","Get Alpha, Get Blue, Get Brightness, Get Green, Get HEX, Get Hue, Get Lightness, Get Red, Get Saturation, Set Alpha, Set Blue, Set Brightness, Set Green, Set HSB, Set HSL, Set HEX, Set Hue, Set Lightness, Set RGBA, Set Red, Set Saturation, To HSB, To HSL, To RGB","","33","48","0.50297 s","504kb","81","665","","654","","","https://docs.createwithplay.com/en/articles/color-properties","7","15kb","3","139","0","0"
"Equations - Createwithplay","https://docs.createwithplay.com/en/articles/equations","","Equations","","","","26","0","0.84669 s","307kb","27","207","","587","","","https://docs.createwithplay.com/en/articles/equations","7","15kb","3","85","0","0"
"Text - Createwithplay","https://docs.createwithplay.com/en/articles/text","An element that displays text data.","Text","Overview, Properties, Resources, Text Event Trigger, Set Text Action","Text, Font / Style, Weight, Size, Design, Fill, Spacing, Align, More, Editable Text, Text Linking","Transform, Decoration, Stylistic Sets, Is Editable, Is Selectable, Keyboard, Return Key, Dismiss Keyboard on Return Key, Auto-Capitalization, Auto-Correction, Text Content Type, Dismiss Button","21","35","0.77052 s","506kb","111","1290","","643","","","https://docs.createwithplay.com/en/articles/text","7","15kb","3","170","0","0"
"Image - Createwithplay","https://docs.createwithplay.com/en/articles/image","An element that displays an image.","Image","Overview, Properties, Resources, Image Event Trigger, Set Image Action","Image, Content Mode, Rendering Mode, Tint Adjustment Mode, Tint, Fade In On Load","","22","34","0.85756 s","389kb","76","591","","462","","","https://docs.createwithplay.com/en/articles/image","7","15kb","3","135","0","0"
"SF Symbol - Createwithplay","https://docs.createwithplay.com/en/articles/sf-symbol","An element that displays an icon.","SF Symbol","Overview, Properties, Resources, Apple Human Interface Guidelines for SF Symbols","SF Symbol, Size, Weight, Scale, Rendering Mode., Color(s)., Tint Adjustment Mode., Variable Fill., Align to Baseline.","","26","33","0.79972 s","398kb","81","668","","524","","","https://docs.createwithplay.com/en/articles/sf-symbol","7","15kb","3","140","0","0"
"Stacks - Createwithplay","https://docs.createwithplay.com/en/articles/stacks","An element that contains other elements.","Stacks","Overview, Properties","Direction, Alignment, Distribution, Gap, Scrolling, Scroll Effects, Trigger, Alignment, Trigger Area, Clamp Values, Mirror Animations, Values, Scroll Edge Effect","Paging, Deceleration Rate, Delay Content Touches, Vertical & Horizontal Scrolling, Indicator is Hidden, Indicator Insets, Indicator Style, Bounces, Always Bounce Vertical & Horizontal","23","40","1.48648 s","423kb","104","1121","","518","","","https://docs.createwithplay.com/en/articles/stacks","7","15kb","3","163","0","0"
"Web View - Createwithplay","https://docs.createwithplay.com/en/articles/web-view","An element that loads in a URL.","Web View","Overview, Properties, Resources, Apple Human Interface Guidelines for Web Views, Apple Developer Documentation for Web Views","URL, Allow Navigation Gestures","","25","31","0.61699 s","335kb","66","283","","423","","","https://docs.createwithplay.com/en/articles/web-view","7","15kb","3","124","0","0"
"Glass Effect Container - Createwithplay","https://docs.createwithplay.com/en/articles/glass-container","An element that can morph multiple Liquid Glass shapes into one another.","Glass Effect Container","Overview, Properties, Using Glass Effect Containers","Spacing","","39","72","0.56489 s","329kb","67","403","","438","","","https://docs.createwithplay.com/en/articles/glass-container","7","15kb","3","126","0","0"
"Activity Indicator - Createwithplay","https://docs.createwithplay.com/en/articles/activity-indicator","A native element that communicates loading.","Activity Indicator","Overview, Properties, Resources, Set Activity Indicator Action","Style, Color, Start Animating, Hides When Stopped","","35","43","1.30460 s","371kb","71","385","","418","","","https://docs.createwithplay.com/en/articles/activity-indicator","7","15kb","3","130","0","0"
"Slider - Createwithplay","https://docs.createwithplay.com/en/articles/slider","A native element that slides to change a value.","Slider","Overview, Properties, Resources, Slider Event Trigger, Apple Human Interface Guidelines for Sliders, Apple Developer Documentation for Sliders","Value, Step, Min, Max, Min Symbol, Max Symbol, Round To, Neutral Value, Ticks, Customize","Snap to Ticks, Colors, Symbol Colors","23","47","0.95450 s","430kb","89","672","","468","","","https://docs.createwithplay.com/en/articles/slider","7","15kb","3","148","0","0"
"AI Event - Createwithplay","https://docs.createwithplay.com/en/articles/ai-event-trigger","A trigger than connects an AI View to Play interactions.","AI Event","Overview, Properties","Target, Event","","25","56","0.50516 s","327kb","62","253","","375","","","https://docs.createwithplay.com/en/articles/ai-event-trigger","7","15kb","3","121","0","0"
"Date Picker Event - Createwithplay","https://docs.createwithplay.com/en/articles/date-picker-event-trigger","A single trigger that fires when the user selects a date or time from a native date picker.","Date Picker Event","Overview, Trigger Properties, Expression Editor Properties","Event, Is Enabled, Is Enabled","","34","91","0.98246 s","337kb","66","391","","418","","","https://docs.createwithplay.com/en/articles/date-picker-event-trigger","7","15kb","3","124","0","0"
"Map Gesture - Createwithplay","https://docs.createwithplay.com/en/articles/map-gesture-trigger","A trigger that fires when the user pans to move a native map.","Map Gesture","Overview, Trigger Properties, Expression Editor Properties","Event, Is Enabled, Is Enabled","","28","61","0.64072 s","337kb","67","398","","419","","","https://docs.createwithplay.com/en/articles/map-gesture-trigger","7","15kb","3","125","0","0"
"Gyroscope - Createwithplay","https://docs.createwithplay.com/en/articles/gyroscope-trigger","A continuous trigger that fires based on the device's gyroscope.","Gyroscope","Overview, Trigger Properties, Expression Editor Properties","Axis, From, To, X Offset, Y Offset, Z Offset, Auto Start, Is Enabled, Max, Min, Axis, Rotation X, X Offset, Rotation Y, Y Offset, Rotation Z, Z Offset, Is Enabled","","26","64","0.87197 s","430kb","96","686","","438","","","https://docs.createwithplay.com/en/articles/gyroscope-trigger","7","15kb","3","154","0","0"
"Edge Pan - Createwithplay","https://docs.createwithplay.com/en/articles/edge-pan-trigger","A single or continuous trigger that fires when the user pans from an edge of the device screen.","Edge Pan","Overview, Trigger Properties, Expression Editor Properties, Resources, Swipe in Menu Template","State, Edge, Is Enabled, Delta X, Delta Y, Location X, Location Y, Translation X, Translation Y, Velocity X, Velocity Y, Translation Percent X, Translation Percent Y, Is Enabled","","25","95","0.94535 s","422kb","90","625","","429","","","https://docs.createwithplay.com/en/articles/edge-pan-trigger","7","15kb","3","148","0","0"
"Page Loader Event - Createwithplay","https://docs.createwithplay.com/en/articles/page-loader-event-trigger","A single trigger that fires when a page loader's content is updated.","Page Loader Event","Overview, Trigger Properties, Expression Editor Properties","Event, Is Enabled, Is Enabled","","34","68","0.66002 s","335kb","67","344","","404","","","https://docs.createwithplay.com/en/articles/page-loader-event-trigger","7","15kb","3","125","0","0"
"Image Event - Createwithplay","https://docs.createwithplay.com/en/articles/image-event-trigger","A single trigger that fires as an image element's content loads.","Image Event","Overview, Trigger Properties, Expression Editor Properties","Event, Is Enabled, Is Enabled","","28","64","0.96539 s","335kb","67","327","","418","","","https://docs.createwithplay.com/en/articles/image-event-trigger","7","15kb","3","125","0","0"
"Map Pin Event - Createwithplay","https://docs.createwithplay.com/en/articles/map-pin-event-trigger","A single trigger that fires when the user interacts with a native map's pins.","Map Pin Event","Overview, Trigger Properties, Expression Editor Properties","Event, Is Enabled, Is Enabled","","30","77","0.89635 s","335kb","67","353","","413","","","https://docs.createwithplay.com/en/articles/map-pin-event-trigger","7","15kb","3","125","0","0"
"Pan - Createwithplay","https://docs.createwithplay.com/en/articles/pan-trigger","A single or continuous trigger that fires when the user pans across an object.","Pan","Overview, Trigger Properties, Expression Editor Properties, Resources, Swipe In Menu Template, Swipe Actions Template, Drag to Target Template, Volume Control Project","State, Direction, Is Enabled, Delta X, Delta Y, Location X, Location Y, Translation X, Translation Y, Velocity X, Velocity Y, Translation Percent X, Translation Percent Y, Is Enabled","","20","78","0.70287 s","428kb","90","599","","422","","","https://docs.createwithplay.com/en/articles/pan-trigger","7","15kb","3","148","0","0"
"Picker Event - Createwithplay","https://docs.createwithplay.com/en/articles/picker-event-trigger","A single trigger that fires when the user selects a value from a native picker.","Picker Event","Overview, Trigger Properties, Expression Editor Properties","Event, Is Enabled, Is Enabled","","29","79","0.74992 s","334kb","67","286","","408","","","https://docs.createwithplay.com/en/articles/picker-event-trigger","7","15kb","3","125","0","0"
"Rive Event - Createwithplay","https://docs.createwithplay.com/en/articles/rive-event-trigger","A single trigger that fires when a native Rive event occurs.","Rive Event","Overview, Trigger Properties, Expression Editor Properties","Event, Is Enabled, Is Enabled","Event Type, Event Name, View Model, Property","27","60","0.81651 s","350kb","71","497","","425","","","https://docs.createwithplay.com/en/articles/rive-event-trigger","7","15kb","3","129","0","0"
"Scroll - Createwithplay","https://docs.createwithplay.com/en/articles/scroll-trigger","A single or continuous trigger that fires as the user scrolls.","Scroll","Overview, Trigger Properties, Expression Editor Properties, Resources, Scrolling Progress Bar, Next & Previous Button Carousel, Change Header on Scroll, Map Pins + Scrolling Carousel, Pagination Dots","State, Direction, Only Trigger on Drag, Trigger within Range, Is Enabled, Location X, Location Y, Velocity X, Velocity Y, Scroll Velocity X, Scroll Velocity Y, Scroll Offset X, Scroll Offset Y, Is Enabled","","23","62","0.82833 s","421kb","90","654","","429","","","https://docs.createwithplay.com/en/articles/scroll-trigger","7","15kb","3","148","0","0"
"Speech - Createwithplay","https://docs.createwithplay.com/en/articles/speech-trigger","A trigger that listens for spoken words.","Speech","Overview, Trigger Properties, Expression Editor Properties","Trigger, Words, Stop on Match, Auto Start, Language, Uses Continuously, Max Silence, Max Speech Duration, Is Enabled, Output, Error","","23","40","0.50992 s","411kb","84","790","","420","","","https://docs.createwithplay.com/en/articles/speech-trigger","7","15kb","3","143","0","0"
"Long Press - Createwithplay","https://docs.createwithplay.com/en/articles/long-press-trigger","A single or continuous trigger that fires when the user presses on an object.","Long Press","Overview, Trigger Properties, Expression Editor Properties, Resources, Expanding Cards Template","State, Duration, Is Enabled, Location X, Location Y, Minimum Press Duration, Number Of Fingers, Is Enabled","","27","77","1.53763 s","372kb","78","442","","404","","","https://docs.createwithplay.com/en/articles/long-press-trigger","7","15kb","3","136","0","0"
"Slider Event - Createwithplay","https://docs.createwithplay.com/en/articles/slider-event-trigger","A single or continuous trigger that fires when the user slides a native slider.","Slider Event","Overview, Trigger Properties, Expression Editor Properties, Example Projects, Native Controls","Event, Is Enabled, Is Enabled","","29","79","0.57606 s","340kb","69","364","","416","","","https://docs.createwithplay.com/en/articles/slider-event-trigger","7","15kb","3","127","0","0"
"Segmented Control Event - Createwithplay","https://docs.createwithplay.com/en/articles/segmented-control-event-trigger","A single trigger that fires when the user interacts with a native segmented control.","Segmented Control Event","Overview, Trigger Properties, Expression Editor Properties, Resources, Grid Prefab","Event, Is Enabled, Location X, Location Y, Is Enabled","","40","84","0.88980 s","356kb","73","372","","419","","","https://docs.createwithplay.com/en/articles/segmented-control-event-trigger","7","15kb","3","131","0","0"
"Tap - Createwithplay","https://docs.createwithplay.com/en/articles/tap-trigger","A single trigger that fires when the user taps an object.","Tap","Overview, Trigger Properties, Expression Editor Properties, Example Projects, Expanding Cards Template, Take Photo Template, Set Scroll Anchors Template, Accordion Template, Grid Zoom Project, Custom Transition Project","Number of Taps, Number of Fingers, Is Enabled, Location X, Location Y, Number Of Taps, Number Of Fingers, Is Enabled","","20","57","0.77283 s","381kb","78","417","","400","","","https://docs.createwithplay.com/en/articles/tap-trigger","7","15kb","3","136","0","0"
"Text Event - Createwithplay","https://docs.createwithplay.com/en/articles/text-event-trigger","A single trigger that fires when the user interacts with an editable text element.","Text Event","Overview, Trigger Properties","Event, Is Enabled","","27","82","0.66931 s","336kb","63","396","","414","","","https://docs.createwithplay.com/en/articles/text-event-trigger","7","15kb","3","121","0","0"
"Switch Event - Createwithplay","https://docs.createwithplay.com/en/articles/switch-event-trigger","A single trigger that fires when the user toggles a native switch.","Switch Event","Overview, Trigger Properties","Event, Is Enabled","","29","66","0.91372 s","333kb","63","313","","392","","","https://docs.createwithplay.com/en/articles/switch-event-trigger","7","15kb","3","121","0","0"
"Shake - Createwithplay","https://docs.createwithplay.com/en/articles/shake-trigger","A single trigger that fires when the user shakes their device.","Shake","Overview, Trigger Properties, Expression Editor Properties","State, Is Enabled, Is Enabled","","22","62","1.19875 s","332kb","66","281","","390","","","https://docs.createwithplay.com/en/articles/shake-trigger","7","15kb","3","124","0","0"
"Text Field Event - Createwithplay","https://docs.createwithplay.com/en/articles/text-field-event-trigger","A single or continuous trigger that fires when the user interacts with a native text field.","Text Field Event","Overview, Trigger Properties, Resources, Native Controls Template","Event, Is Enabled","","33","91","0.79936 s","340kb","65","413","","404","","","https://docs.createwithplay.com/en/articles/text-field-event-trigger","7","15kb","3","123","0","0"
"Video Event - Createwithplay","https://docs.createwithplay.com/en/articles/video-event-trigger","A single or continuous trigger that fires based on a video's behavior.","Video Event","Overview, Trigger Properties, Expression Editor Properties","Event, Is Enabled, Periodic Time String, Photo Picker Progress, Time Control Status, Is Enabled","","28","70","0.82246 s","359kb","73","433","","414","","","https://docs.createwithplay.com/en/articles/video-event-trigger","7","15kb","3","131","0","0"
"Stepper Event - Createwithplay","https://docs.createwithplay.com/en/articles/stepper-event-trigger","A single trigger that fires when the user changes a native stepper's value.","Stepper Event","Overview, Trigger Properties, Resources, Native Controls Template","Event, Is Enabled","","30","75","1.50047 s","338kb","65","338","","401","","","https://docs.createwithplay.com/en/articles/stepper-event-trigger","7","15kb","3","123","0","0"
"Touch - Createwithplay","https://docs.createwithplay.com/en/articles/touch-trigger","A single trigger that fires when a user touches an object.","Touch","Overview, Trigger Properties, Expression Editor Properties, Resources, Touch Up and Down Template, Drag to Target Template, Custom Transition Project, Move an Object to a User's Touch Location Tutorial","State, Number of Touches, Is Enabled, Location X, Location Y","","22","58","0.91245 s","371kb","72","427","","399","","","https://docs.createwithplay.com/en/articles/touch-trigger","7","15kb","3","130","0","0"
"Color Well - Createwithplay","https://docs.createwithplay.com/en/articles/color-well","A native element that selects a color.","Color Well","Overview, Properties, Expression Editor Properties, Resources, Color Picker Event, Apple Human Interface Guidelines for Color Wells, Apple Developer Documentation for Color Wells","Title, Color","","27","38","0.50458 s","342kb","69","281","","433","","","https://docs.createwithplay.com/en/articles/color-well","7","15kb","3","128","0","0"
"Chart - Createwithplay","https://docs.createwithplay.com/en/articles/chart","A native element that displays data.","Chart","Overview, Properties, Resources, Apple Human Interface Guidelines for Charts, Apple Developer Documentation for Charts","Type, Interpolation, Shape, Count, Noise, Series, Stacking, Legend, Axes, Series 1, 2, 3","Position, Alignment, Categories, Gap","22","36","0.58653 s","368kb","90","701","","452","","","https://docs.createwithplay.com/en/articles/chart","7","15kb","3","149","0","0"
"Camera - Createwithplay","https://docs.createwithplay.com/en/articles/camera","An native element that uses the device's camera.","Camera","Overview, Properties, Resources, Capture Action, Set Preview Action, Set Lens Action, Apple Developer Documentation for Camera Views","Mode, Lens, Digital Zoom, Content Mode, Quality, FPS, Show Preview, Pinch to Zoom","","23","48","0.73644 s","348kb","81","464","","491","","","https://docs.createwithplay.com/en/articles/camera","7","15kb","3","139","0","0"
"Button - Createwithplay","https://docs.createwithplay.com/en/articles/button","A native element that initiates an action when tapped.","Button","Overview, Properties, Resources, Apple Human Interface Guidelines for Buttons, Apple Developer Documentation for Buttons","Tint, Size, Style, Corner Style, Content, Alignment, Customize, Title, System Image, Image Alignment, Gap, Style, Border Shape, Tint, Destructive, Customize","Title, SF Symbol, Subtitle, Text Properties, Symbol Properties, Control Padding, BG, Text Properties, Symbol Properties","23","54","0.93067 s","583kb","91","1442","","513","","","https://docs.createwithplay.com/en/articles/button","7","15kb","3","150","0","0"
"Audio Waveform - Createwithplay","https://docs.createwithplay.com/en/articles/audio-waveform","An element that visualizes audio.","Audio Waveform","Overview, Properties, Resources, Waveform / Toggle Live Action, Waveform / Set Input Action, Set Audio Action, Set Audio Volume Action, Set Audio Mute Action, Audio Waveform Template, Music Multi-Track Project","Input, Mode, Listen on Start, Spectrum, Alignment, Style, Default Style Options, Bar Style Options, Curved Style Options","","31","33","1.05159 s","380kb","87","813","","465","","","https://docs.createwithplay.com/en/articles/audio-waveform","7","15kb","3","146","0","0"
"Date Picker - Createwithplay","https://docs.createwithplay.com/en/articles/date-picker","A native element that selects a date or time.","Date Picker","Overview, Properties, Expression Editor Properties, Resources, Date Picker Event, Date Picker Project, Apple Human Interface Guidelines for Pickers & Date Pickers, Apple Developer Documentation for Date Pickers","Mode, Style, Tint Color, Value, Day, Month, Year, Hour, Minute, Second","","28","45","0.91795 s","497kb","85","837","","443","","","https://docs.createwithplay.com/en/articles/date-picker","7","15kb","3","144","0","0"
"Picker - Createwithplay","https://docs.createwithplay.com/en/articles/picker","A native element that selects a value.","Picker","Overview, Properties, Resources, Picker Event Trigger, Apple Human Interface Guidelines for Pickers, Apple Developer Documentation for Pickers","Column 1, 2, 3","","23","38","0.64320 s","355kb","65","316","","421","","","https://docs.createwithplay.com/en/articles/picker","7","15kb","3","124","0","0"
"Page Loader - Createwithplay","https://docs.createwithplay.com/en/articles/page-loader","An element that loads in another page.","Page Loader","Overview, Properties, Resources, Page Loader Event, Set Page Loader","Page","","28","38","0.69663 s","323kb","66","237","","444","","","https://docs.createwithplay.com/en/articles/page-loader","7","15kb","3","124","0","0"
"Spacer - Createwithplay","https://docs.createwithplay.com/en/articles/spacer","An element that fills unused space.","Spacer","Overview, Resources, Apple Developer Documentation for Spacers","","","23","35","0.59962 s","316kb","59","243","","432","","","https://docs.createwithplay.com/en/articles/spacer","7","15kb","3","117","0","0"
"Map - Createwithplay","https://docs.createwithplay.com/en/articles/map","An native element that displays an interactive map.","Map","Overview, Pins, Properties, Resources, Map Pin Event Trigger, Set Map Pin Action, Map Gesture Trigger, Set Map Location Action, Map + Carousel Template, Map + List Template, Apple Human Interface Guidelines for Maps","Edit All Pins, Type, Pin Tint, Content Tint, Start Location, Type, Pin Selection, Other Settings, Show User Marker","Location Accuracy, Altitude, Animate, Index, Select Pin, Altitude, Animate, Latitude, Longitude, Altitude, Rotation, Animate","20","51","0.92178 s","464kb","98","863","","510","","","https://docs.createwithplay.com/en/articles/map","7","15kb","3","157","0","0"
"Gauge - Createwithplay","https://docs.createwithplay.com/en/articles/gauge","A native element that displays a value within a range.","Gauge","Overview, Properties, Resources, Apple Human Interface Guidelines for Gauges, Apple Developer Documentation for Gauges","Type, Style, Show Value, SF Symbol, Value, Min, Max, Customize","","22","54","1.08443 s","384kb","78","605","","435","","","https://docs.createwithplay.com/en/articles/gauge","7","15kb","3","137","0","0"
"Segmented Control - Createwithplay","https://docs.createwithplay.com/en/articles/segmented-control","A native element that has several selectable segments.","Segmented Control","Overview, Properties, Using the Segmented Control with a Horizontal Stack, Resources, Segmented Controller Event Trigger, Set Segment Action, Apple Human Interface Guidelines for Segmented Controls, Apple Developer Documentation for Segmented Controls","Segments, Value, Customize","Colors, Control Padding, Label Style","34","54","0.85319 s","374kb","77","537","","456","","","https://docs.createwithplay.com/en/articles/segmented-control","7","15kb","3","136","0","0"
"Switch - Createwithplay","https://docs.createwithplay.com/en/articles/switch","A native element that toggles on and off.","Switch","Overview, Properties, Resources, Switch Event Trigger, Apple Human Interface Guidelines for Switches, Apple Developer Documentation for Switches","Value, Tint Color","","23","41","0.99717 s","351kb","67","295","","419","","","https://docs.createwithplay.com/en/articles/switch","7","15kb","3","126","0","0"
"SVG - Createwithplay","https://docs.createwithplay.com/en/articles/svg","An element that displays a vector.","SVG","Overview, Properties","SVG, Content Mode, Tint","","20","34","0.91388 s","335kb","67","373","","431","","","https://docs.createwithplay.com/en/articles/svg","7","15kb","3","125","0","0"
"Text Field - Createwithplay","https://docs.createwithplay.com/en/articles/text-field","A native element for inputting text.","Text Field","Overview, Properties, Resources, Text Field Event Trigger, Set Text Action, Apple Human Interface Guidelines for Text Fields, Apple Developer Documentation for Text Fields","Placeholder Text, Value, Text Field Style, Customize, Keyboard, Show Clear Button, Password, Tag","Colors, Text Properties, Type, Return Key, Dismiss Keyboard on Return Key, Auto-Capitalization, Auto-Correction, Text Content Type, Dismiss Button","27","36","0.89479 s","465kb","100","958","","501","","","https://docs.createwithplay.com/en/articles/text-field","7","15kb","3","158","0","0"
"Stepper - Createwithplay","https://docs.createwithplay.com/en/articles/stepper","A native element that increases or decreases a value.","Stepper","Overview, Properties, Resources, Stepper Event Trigger, Apple Human Interface Guidelines for Steppers, Apple Developer Documentation for Steppers","Value, Step, Min, Max, Wrap, Auto Repeat","","24","53","1.34215 s","376kb","75","368","","449","","","https://docs.createwithplay.com/en/articles/stepper","7","15kb","3","134","0","0"
"Video - Createwithplay","https://docs.createwithplay.com/en/articles/video","An element that displays a video.","Video","Overview, Properties, Expression Editor Properties, Resources, Video Event Trigger, Set Video Action, Set Video Playback Action, Video Controls","Video, Content Mode, Native Controls, Auto Play, Loop, Rate, Mute, Current Time, Current Percent, Is Playing, Total Time","","22","33","1.05624 s","409kb","89","620","","479","","","https://docs.createwithplay.com/en/articles/video","7","15kb","3","147","0","0"
"As Text - Createwithplay","https://docs.createwithplay.com/en/articles/as-text","An expression editor function that casts an object as a text element.","As Text","Overview, Parameters","","","24","69","0.79478 s","319kb","40","189","","62","","","https://docs.createwithplay.com/en/articles/as-text","7","15kb","2","98","0","0"
"Slide in Menu - Createwithplay","https://docs.createwithplay.com/en/articles/prefab-slide-in-menu","A prefab that creates a slide in menu from the left edge of the screen.","Slide in Menu","Overview, Controls","Menu, Opacity, Duration, Spring","","30","71","0.60631 s","324kb","43","284","","111","","","https://docs.createwithplay.com/en/articles/prefab-slide-in-menu","7","15kb","4","101","0","0"
"Scroll Progress Bar - Createwithplay","https://docs.createwithplay.com/en/articles/prefab-scroll-progress-bar","A prefab that create a progress bar on scroll.","Scroll Progress Bar","Overview, Controls, Resources, Hide Header","Progress Bar, Fill Direction","","36","46","0.67048 s","329kb","41","248","","109","","","https://docs.createwithplay.com/en/articles/prefab-scroll-progress-bar","7","15kb","4","100","0","0"
"Weather API - Createwithplay","https://docs.createwithplay.com/en/articles/prefab-weather-api","A prefab that uses data from WeatherAPI.com.","Weather API","Overview, Prefab Controls, Get API Data, Populate Data, Resources, Weather API Learn Project","Fetch Onload, API Key, Lat, Lon, API Loading, API Response, API Error, Spinner, Map Location Input","Break the expression down","28","44","0.86911 s","366kb","58","596","","163","","","https://docs.createwithplay.com/en/articles/prefab-weather-api","7","15kb","4","117","0","0"
"Hide Header on Scroll - Createwithplay","https://docs.createwithplay.com/en/articles/prefab-hide-header-on-scroll","A prefab that hides a header.","Hide Header on Scroll","Overview, Controls, Resources, Hide Header","Header, Opacity, Offset Y, Duration","","38","29","0.74195 s","328kb","45","275","","113","","","https://docs.createwithplay.com/en/articles/prefab-hide-header-on-scroll","7","15kb","4","103","0","0"
"Bottom Drawer - Createwithplay","https://docs.createwithplay.com/en/articles/prefab-bottom-drawer","A prefab that creates a bottom drawer.","Bottom Drawer","Overview, Controls","Target, Open Position, Closed Position, Snap to Position","","30","38","0.64084 s","323kb","43","261","","115","","","https://docs.createwithplay.com/en/articles/prefab-bottom-drawer","7","15kb","4","101","0","0"
"Sticky Headers - Createwithplay","https://docs.createwithplay.com/en/articles/prefab-sticky-headers","A prefab that pins objects to the page as a user scrolls past.","Sticky Headers","Overview, Controls, Resources, Sticker Header","Header 1, 2, 3, Offset","","31","62","1.25642 s","324kb","41","260","","108","","","https://docs.createwithplay.com/en/articles/prefab-sticky-headers","7","15kb","4","99","0","0"
"Tinder Swipe - Createwithplay","https://docs.createwithplay.com/en/articles/prefab-tinder-swipe","A prefab that makes a stack of cards swipable.","Tinder Swipe","Overview, Controls, Resources, Catch Up","Threshold, Y Dampening, Max Rotation, Offset Cards, Haptics, Outlets","","29","46","0.90353 s","333kb","49","337","","121","","","https://docs.createwithplay.com/en/articles/prefab-tinder-swipe","7","15kb","4","107","0","0"
"Card Flip - Createwithplay","https://docs.createwithplay.com/en/articles/prefab-card-flip","A prefab that flips a card.","Card Flip","Overview, Controls","Front, Back, Haptic, Duration","","26","27","0.86279 s","323kb","43","254","","115","","","https://docs.createwithplay.com/en/articles/prefab-card-flip","7","15kb","4","101","0","0"
"Set Pagination Dots - Createwithplay","https://docs.createwithplay.com/en/articles/prefab-set-pagination-dots","A prefab that tracks scroll progress using indicator dots.","Set Pagination Dots","Overview, Controls, Resources, Pagination Dots","Dots, Active Opacity, Idle Opacity","","36","58","0.66922 s","326kb","43","231","","111","","","https://docs.createwithplay.com/en/articles/prefab-set-pagination-dots","7","15kb","4","101","0","0"
"Blend Color - Createwithplay","https://docs.createwithplay.com/en/articles/blend-color","An expression editor function that blends two colors based on a percentage.","Blend Color","Overview, Parameters, Example","","","28","75","0.81958 s","329kb","45","231","","81","","","https://docs.createwithplay.com/en/articles/blend-color","7","15kb","4","103","0","0"
"Make Draggable - Createwithplay","https://docs.createwithplay.com/en/articles/prefab-make-draggable","A prefab that moves an object with your finger.","Make Draggable","Overview, Prefab Controls, Resources","Drag X, Drag Y, Delay, Haptics, Projects:","","31","47","0.70542 s","326kb","43","271","","113","","","https://docs.createwithplay.com/en/articles/prefab-make-draggable","7","15kb","4","101","0","0"
"As Component - Createwithplay","https://docs.createwithplay.com/en/articles/as-component","An expression editor function that casts an instance as a component.","As Component","Overview, Parameters","","","29","68","0.76847 s","319kb","40","193","","59","","","https://docs.createwithplay.com/en/articles/as-component","7","15kb","3","98","0","0"
"As Boolean - Createwithplay","https://docs.createwithplay.com/en/articles/as-boolean","An expression editor function that converts an object to a boolean type.","As Boolean","Overview, Parameters, Example","","","27","72","0.77614 s","333kb","42","205","","61","","","https://docs.createwithplay.com/en/articles/as-boolean","7","15kb","3","100","0","0"
"As Element - Createwithplay","https://docs.createwithplay.com/en/articles/as-element","An expression editor function that casts an object as a generic element.","As Element","Overview, Parameters","","","27","72","0.76047 s","319kb","40","181","","58","","","https://docs.createwithplay.com/en/articles/as-element","7","15kb","3","98","0","0"
"As SVG - Createwithplay","https://docs.createwithplay.com/en/articles/as-svg","An expression editor function that casts an object as an SVG element.","As SVG","Overview, Parameters","","","23","69","0.57052 s","318kb","40","190","","59","","","https://docs.createwithplay.com/en/articles/as-svg","7","15kb","3","98","0","0"
"As String - Createwithplay","https://docs.createwithplay.com/en/articles/as-string","An expression editor function that converts an object to a string type.","As String","Overview, Parameters, Example","","","26","71","0.64198 s","327kb","42","197","","62","","","https://docs.createwithplay.com/en/articles/as-string","7","15kb","3","100","0","0"
"As Image - Createwithplay","https://docs.createwithplay.com/en/articles/as-image","An expression editor function that casts an object as an image element.","As Image","Overview, Parameters","","","25","71","0.93314 s","319kb","40","190","","59","","","https://docs.createwithplay.com/en/articles/as-image","7","15kb","3","98","0","0"
"As Number - Createwithplay","https://docs.createwithplay.com/en/articles/as-number","An expression editor function that converts an object to a number type.","As Number","Overview, Parameters, Example","","","26","71","0.80560 s","327kb","42","197","","62","","","https://docs.createwithplay.com/en/articles/as-number","7","15kb","3","100","0","0"
"As Symbol - Createwithplay","https://docs.createwithplay.com/en/articles/as-symbol","An expression editor function that casts an object as an SF Symbol element.","As Symbol","Overview, Parameters","","","26","75","0.63455 s","319kb","40","192","","58","","","https://docs.createwithplay.com/en/articles/as-symbol","7","15kb","3","98","0","0"
"Open AI API Dall-E - Createwithplay","https://docs.createwithplay.com/en/articles/prefab-openai-api-dalle","A prefab that uses OpenAI to respond to a prompt with an image.","Open AI API Dall-E","Overview, Controls, Get API Data, Populate Data","Fetch Onload, Prompt, API Key, API Loading, API Response, API Error, Spinner, Textfield Input","","35","63","0.52900 s","348kb","52","508","","164","","","https://docs.createwithplay.com/en/articles/prefab-openai-api-dalle","7","15kb","5","110","0","0"
"NYTimes API - Createwithplay","https://docs.createwithplay.com/en/articles/prefab-nytimes-api","A prefab that loads the NYT Top Stories.","NYTimes API","Overview, Prefab Controls, Get API Data, Populate Data, Resources, NYTimes API Learn Project","Fetch Onload, API Key, API Loading, API Response, API Error, Spinner","","28","40","0.52065 s","359kb","50","515","","158","","","https://docs.createwithplay.com/en/articles/prefab-nytimes-api","7","15kb","5","109","0","0"
"OpenAI API - Createwithplay","https://docs.createwithplay.com/en/articles/prefab-openai-api","A prefab that uses OpenAI to respond to a prompt.","OpenAI API","Overview, Prefab Controls, Get API Data, Populate Data, Resources, OpenAI Chat Learn Project, OpenAI Generate Image Learn Project","Fetch Onload, Prompt, API Key, Model, Role, Remember Context, API Loading, API Response, API Error, Spinner, Textfield Input, Speech Input","","27","49","0.61167 s","391kb","63","736","","167","","","https://docs.createwithplay.com/en/articles/prefab-openai-api","7","15kb","5","122","0","0"
"Pexels API - Createwithplay","https://docs.createwithplay.com/en/articles/prefab-pexels-api","A prefab that loads the Pexels videos.","Pexels API","Overview, Controls, Populate Data","Fetch Onload, Search Keyword, Image Pool, API Key, API Loading, API Response, API Error, Spinner","","27","38","0.82227 s","334kb","50","397","","161","","","https://docs.createwithplay.com/en/articles/prefab-pexels-api","7","15kb","5","108","0","0"
"Mapbox API Address Lookup - Createwithplay","https://docs.createwithplay.com/en/articles/prefab-mapbox-api","A prefab that searches for an address based on a keyword.","Mapbox API Address Lookup","Overview, Prefab Controls, Get API Data, Populate Data, Resources, Mapbox Address List Learn Project","Fetch Onload, API Key, Search Result, Search Keyword, API Loading, API Response, API Error, Textfield Input","","42","57","1.16148 s","365kb","55","616","","161","","","https://docs.createwithplay.com/en/articles/prefab-mapbox-api","7","15kb","5","114","0","0"
"HEX - Createwithplay","https://docs.createwithplay.com/en/articles/hex","An expression editor function that creates a color from a hexadecimal color code.","HEX","Overview, Parameters, Example","","","20","81","0.49812 s","328kb","45","201","","84","","","https://docs.createwithplay.com/en/articles/hex","7","15kb","5","103","0","0"
"HSB To HSL - Createwithplay","https://docs.createwithplay.com/en/articles/hsb-to-hsl","An expression editor function that converts HSB color values to HSL color space.","HSB To HSL","Overview, Parameters (Return Color), Parameters (Return Array)","","","27","80","0.51935 s","330kb","45","237","","84","","","https://docs.createwithplay.com/en/articles/hsb-to-hsl","7","15kb","5","103","0","0"
"Toggle Tap - Createwithplay","https://docs.createwithplay.com/en/articles/prefab-toggle-tap","A prefab that fires different actions on alternating taps.","Toggle Tap","Overview, Prefab Controls","First Tap, Second Tap, Haptic","","27","58","0.97207 s","317kb","34","234","","65","","","https://docs.createwithplay.com/en/articles/prefab-toggle-tap","7","15kb","5","92","0","0"
"Calculate Luminance - Createwithplay","https://docs.createwithplay.com/en/articles/calculate-luminance","An expression editor function that calculates the luminance value of a color.","Calculate Luminance","Overview, Parameters, Example","","","36","77","0.55419 s","335kb","45","211","","84","","","https://docs.createwithplay.com/en/articles/calculate-luminance","7","15kb","5","103","0","0"
"HSLA - Createwithplay","https://docs.createwithplay.com/en/articles/hsla","An expression editor function that creates colors using hue, saturation, lightness, and alpha values.","HSLA","Overview, Parameters (Return Color), Parameters (Return Array)","","","21","101","0.75396 s","331kb","45","238","","84","","","https://docs.createwithplay.com/en/articles/hsla","7","15kb","5","103","0","0"
"RGBA - Createwithplay","https://docs.createwithplay.com/en/articles/rgba","An expression editor function that creates colors using red, green, blue, and alpha values.","RGBA","Overview, Parameters, Array Input","","","21","91","0.65282 s","330kb","45","232","","84","","","https://docs.createwithplay.com/en/articles/rgba","7","15kb","5","103","0","0"
"HSL To RGB - Createwithplay","https://docs.createwithplay.com/en/articles/hsl-to-rgb","An expression editor function that converts HSL color values to RGB color space.","HSL To RGB","Overview, Parameters (Return Color), Parameters (Return Array)","","","27","80","0.73706 s","330kb","45","237","","84","","","https://docs.createwithplay.com/en/articles/hsl-to-rgb","7","15kb","5","103","0","0"
"HSBA - Createwithplay","https://docs.createwithplay.com/en/articles/hsba","An expression editor function that creates colors using hue, saturation, brightness, and alpha values.","HSBA","Overview, Parameters (Return Color), Parameters (Return Array)","","","21","102","0.77337 s","331kb","45","240","","84","","","https://docs.createwithplay.com/en/articles/hsba","7","15kb","5","103","0","0"
"HSL To HSB - Createwithplay","https://docs.createwithplay.com/en/articles/hsl-to-hsb","An expression editor function that converts HSL color values to HSB color space.","HSL To HSB","Overview, Parameters (Return Color), Parameters (Return Array)","","","27","80","0.84196 s","330kb","45","237","","84","","","https://docs.createwithplay.com/en/articles/hsl-to-hsb","7","15kb","5","103","0","0"
"HSB To RGB - Createwithplay","https://docs.createwithplay.com/en/articles/hsb-to-rgb","An expression editor function that converts HSB color values to RGB color space.","HSB To RGB","Overview, Parameters (Return Color), Parameters (Return Array)","","","27","80","1.14022 s","330kb","45","237","","84","","","https://docs.createwithplay.com/en/articles/hsb-to-rgb","7","15kb","5","103","0","0"
"RGB To HSL - Createwithplay","https://docs.createwithplay.com/en/articles/rgb-to-hsl","An expression editor function that converts RGB color values to HSL color space.","RGB To HSL","Overview, Parameters (Return Color), Array Input (Return Array)","","","27","80","0.71498 s","330kb","45","241","","84","","","https://docs.createwithplay.com/en/articles/rgb-to-hsl","7","15kb","5","103","0","0"
"RGB To HSB - Createwithplay","https://docs.createwithplay.com/en/articles/rgb-to-hsb","An expression editor function that converts RGB color values to HSB color space.","RGB To HSB","Overview, Parameters, Array Input","","","27","80","0.78683 s","330kb","45","231","","84","","","https://docs.createwithplay.com/en/articles/rgb-to-hsb","7","15kb","5","103","0","0"
"Snap to Bounds - Createwithplay","https://docs.createwithplay.com/en/articles/prefab-snap-to-bounds","A prefab that moves an object to the boundary of its container.","Snap to Bounds","Overview, Prefab Controls, Resources","Up, Down, Left, Right, Threshold, Duration, Spring, Haptics, Projects:","","31","63","0.85612 s","335kb","52","350","","116","","","https://docs.createwithplay.com/en/articles/prefab-snap-to-bounds","7","15kb","5","110","0","0"
"Drag To Target - Createwithplay","https://docs.createwithplay.com/en/articles/prefab-drag-to-target","A prefab that fires actions when an object is dragged to another object.","Drag To Target","Overview, Prefab Controls","Target, On Enter, Release Inside, On Exit","","31","72","0.87346 s","322kb","39","283","","105","","","https://docs.createwithplay.com/en/articles/prefab-drag-to-target","7","15kb","5","97","0","0"
"Drag & Drop Grid - Createwithplay","https://docs.createwithplay.com/en/articles/prefab-drag-and-drop-grid","A prefab that adds items to a grid and allows users to rearrange them.","Drag & Drop Grid","Overview, Prefab Controls, Resources","Columns, Spacing, Scale, Opacity, Duration, Spring, Touch Delay, Auto Height, Projects:","","33","70","1.20355 s","336kb","51","344","","121","","","https://docs.createwithplay.com/en/articles/prefab-drag-and-drop-grid","7","15kb","5","109","0","0"
"Drag & Drop List - Createwithplay","https://docs.createwithplay.com/en/articles/prefab-drag-and-drop-list","A prefab that allows users to rearrange list.","Drag & Drop List","Overview, Prefab Controls, Resources","Scale, Opacity, Duration, Spring, Touch Delay, Projects:","","33","45","1.26568 s","328kb","45","287","","111","","","https://docs.createwithplay.com/en/articles/prefab-drag-and-drop-list","7","15kb","5","103","0","0"
"Make Sticky - Createwithplay","https://docs.createwithplay.com/en/articles/prefab-make-sticky","A prefab that pins an object to the page as a user scrolls past.","Make Sticky","Overview, Controls","Target, Edge, Offset","","28","64","1.33139 s","319kb","37","247","","80","","","https://docs.createwithplay.com/en/articles/prefab-make-sticky","7","15kb","5","95","0","0"
"Time Since 1970 - Createwithplay","https://docs.createwithplay.com/en/articles/time-since-1970","An expression editor function that returns the current Unix timestamp.","Time Since 1970","Overview, Parameters","","","32","70","0.91359 s","315kb","34","173","","32","","","https://docs.createwithplay.com/en/articles/time-since-1970","7","15kb","4","92","0","0"
"Blend Color Children - Createwithplay","https://docs.createwithplay.com/en/articles/prefab-blend-color-children","","Blend Color Children","Overview, Controls","Color A, Color B","","37","0","0.94774 s","314kb","34","227","","66","","","https://docs.createwithplay.com/en/articles/prefab-blend-color-children","7","15kb","6","92","0","0"
"Stack & Unstack - Createwithplay","https://docs.createwithplay.com/en/articles/prefab-stack-and-unstack","A prefab that stacks a group of objects.","Stack & Unstack","Overview, Controls, Resources, Stack List","Overlap, Blur, Opacity, Scale, Stack On Load, Invert, Random Unstack, Stagger, Duration, Spring","","32","40","1.12688 s","339kb","50","414","","84","","","https://docs.createwithplay.com/en/articles/prefab-stack-and-unstack","7","15kb","6","108","0","0"
"Base 64 Image - Createwithplay","https://docs.createwithplay.com/en/articles/base-64-image","An expression editor function that encodes an image in base64 format.","Base 64 Image","Overview, Parameters, Example","","","30","69","0.52750 s","338kb","61","282","","157","","","https://docs.createwithplay.com/en/articles/base-64-image","7","15kb","6","119","0","0"
"Animate Into View - Createwithplay","https://docs.createwithplay.com/en/articles/prefab-animate-into-view","A prefab that animates an object into view.","Animate Into View","Overview, Prefab Controls","Scale, Opacity, Blur, Translate Y, Delay, Duration, Spring, Trigger Window","","34","43","0.65328 s","329kb","45","281","","91","","","https://docs.createwithplay.com/en/articles/prefab-animate-into-view","7","15kb","6","103","0","0"
"Set Property on Scroll - Createwithplay","https://docs.createwithplay.com/en/articles/prefab-set-property-on-scroll","A prefab that adjusts an object's property as the user scrolls","Set Property on Scroll","Overview, Controls","Scroll From, Scroll To, Target, Property, From Value, To Value","","39","62","0.70057 s","327kb","43","330","","84","","","https://docs.createwithplay.com/en/articles/prefab-set-property-on-scroll","7","15kb","6","101","0","0"
"Scroll To Range - Createwithplay","https://docs.createwithplay.com/en/articles/prefab-scroll-to-range","A prefab that fires one set of actions within a scroll range and another outside the scroll range.","Scroll To Range","Overview, Controls","From, To, On Enter, On Exit","","32","98","0.99836 s","322kb","39","265","","80","","","https://docs.createwithplay.com/en/articles/prefab-scroll-to-range","7","15kb","6","97","0","0"
"Trigger On Scroll Direction - Createwithplay","https://docs.createwithplay.com/en/articles/prefab-trigger-on-scroll-direction","A prefab that fires actions based on a scroll direction.","Trigger On Scroll Direction","Overview, Controls, Resources, Trigger on Scroll Direction Tutorial","Scroll Down, Scroll Up, Velocity","","44","56","0.96879 s","324kb","39","260","","79","","","https://docs.createwithplay.com/en/articles/prefab-trigger-on-scroll-direction","7","15kb","6","97","0","0"
"Scrolled to Position - Createwithplay","https://docs.createwithplay.com/en/articles/prefab-scrolled-to-position","A prefab that fires one set of actions before a scroll point and another after the scroll point.","Scrolled to Position","Overview, Controls","Scroll Amount, On Scroll Past, On Scroll Back","","37","96","0.98069 s","320kb","37","274","","76","","","https://docs.createwithplay.com/en/articles/prefab-scrolled-to-position","7","15kb","6","95","0","0"
"Current Media Time - Createwithplay","https://docs.createwithplay.com/en/articles/current-media-time","An expression editor function that returns the current absolute time.","Current Media Time","Overview, Parameters","","","35","69","0.67543 s","315kb","34","163","","32","","","https://docs.createwithplay.com/en/articles/current-media-time","7","15kb","5","92","0","0"
"Get Image Colors - Createwithplay","https://docs.createwithplay.com/en/articles/prefab-get-image-colors","","Get Image Colors","Overview, Controls, Using Get Image Colors Prefabs","","","33","0","0.52954 s","325kb","32","226","","52","","","https://docs.createwithplay.com/en/articles/prefab-get-image-colors","7","15kb","7","90","0","0"
"Local Time Since 1970s - Createwithplay","https://docs.createwithplay.com/en/articles/local-time-since-1970","An expression editor function that returns the current Unix timestamp.","Local Time Since 1970s","Overview, Parameters","","","39","70","1.11167 s","316kb","34","178","","31","","","https://docs.createwithplay.com/en/articles/local-time-since-1970","7","15kb","5","92","0","0"
"Text Contrast (Luminance) - Createwithplay","https://docs.createwithplay.com/en/articles/prefab-text-contrast-luminance","","Text Contrast (Luminance)","Overview, Controls","Contrast Ratio, Min Brightness, BG Container","","42","0","0.85457 s","319kb","36","291","","63","","","https://docs.createwithplay.com/en/articles/prefab-text-contrast-luminance","7","15kb","7","94","0","0"
"Text Contrast (Hue) - Createwithplay","https://docs.createwithplay.com/en/articles/prefab-text-contrast-hue","","Text Contrast (Hue)","Overview, Controls","Contrast Ratio, Min Brightness, BG Container","","36","0","0.76501 s","319kb","36","303","","57","","","https://docs.createwithplay.com/en/articles/prefab-text-contrast-hue","7","15kb","7","94","0","0"
"Contains Emoji - Createwithplay","https://docs.createwithplay.com/en/articles/contains-emoji","An expression editor function that checks if a string contains any emoji characters.","Contains Emoji","Overview, Parameters, Example","","","31","84","0.53462 s","337kb","61","235","","157","","","https://docs.createwithplay.com/en/articles/contains-emoji","7","15kb","7","119","0","0"
"Conditional - Createwithplay","https://docs.createwithplay.com/en/articles/conditional","An expression editor function that returns one of two values based on a boolean condition.","Conditional","Overview, Parameters, Example","","","28","90","0.57447 s","339kb","61","289","","157","","","https://docs.createwithplay.com/en/articles/conditional","7","15kb","7","119","0","0"
"Child At Index - Createwithplay","https://docs.createwithplay.com/en/articles/child-at-index","An expression editor function that targets a specific child element by its position.","Child At Index","Overview, Parameters, Example","","","31","84","0.61344 s","342kb","61","263","","157","","","https://docs.createwithplay.com/en/articles/child-at-index","7","15kb","7","119","0","0"
"Base 64 String - Createwithplay","https://docs.createwithplay.com/en/articles/base-64-string","An expression editor function that encodes a string in base64 format.","Base 64 String","Overview, Parameters, Example","","","31","69","0.66143 s","338kb","61","240","","157","","","https://docs.createwithplay.com/en/articles/base-64-string","7","15kb","7","119","0","0"
"Touch Down Effect - Createwithplay","https://docs.createwithplay.com/en/articles/prefab-touch-down-effect","A prefab that changes an object's size then resets it.","Touch Down Effect","Overview, Controls, Resources, Touch Up & Down","Scale, Opacity, Spring, Duration, Down Haptic, Up Haptic","","34","54","0.89187 s","329kb","42","289","","76","","","https://docs.createwithplay.com/en/articles/prefab-touch-down-effect","7","15kb","7","100","0","0"
"Dictionary - Createwithplay","https://docs.createwithplay.com/en/articles/dictionary","An expression editor function that creates a new empty dictionary.","Dictionary","Overview, Parameters","","","27","66","0.78049 s","328kb","59","212","","154","","","https://docs.createwithplay.com/en/articles/dictionary","7","15kb","7","117","0","0"
"Decode JSON - Createwithplay","https://docs.createwithplay.com/en/articles/decode-json","An expression editor function that converts JSON strings back to usable data structures.","Decode JSON","Overview, Parameters, Example","","","28","88","0.96333 s","338kb","61","241","","156","","","https://docs.createwithplay.com/en/articles/decode-json","7","15kb","7","119","0","0"
"Distance (Values) - Createwithplay","https://docs.createwithplay.com/en/articles/distance-between-values","An expression editor function that calculates the absolute difference between two numbers.","Distance (Values)","Overview, Parameters, Example","","","34","90","0.81848 s","338kb","61","241","","156","","","https://docs.createwithplay.com/en/articles/distance-between-values","7","15kb","7","119","0","0"
"Get All Descendent Views - Createwithplay","https://docs.createwithplay.com/en/articles/get-all-descendent-views","An expression editor function that returns all nested child views in a hierarchy.","Get All Descendent Views","Overview, Parameters","","","41","81","0.83566 s","330kb","59","236","","153","","","https://docs.createwithplay.com/en/articles/get-all-descendent-views","7","15kb","7","117","0","0"
"Distance (Points) - Createwithplay","https://docs.createwithplay.com/en/articles/distance-between-points","An expression editor function that calculates the distance between two coordinate points.","Distance (Points)","Overview, Parameters, Example","","","34","89","0.91680 s","339kb","61","268","","156","","","https://docs.createwithplay.com/en/articles/distance-between-points","7","15kb","7","119","0","0"
"Get User Default - Createwithplay","https://docs.createwithplay.com/en/articles/get-user-default","An expression editor function that retrieves stored data from UserDefaults.","Get User Default","Overview, Parameters, Example","","","33","75","0.61292 s","338kb","61","242","","155","","","https://docs.createwithplay.com/en/articles/get-user-default","7","15kb","7","119","0","0"
"Image Shuffle - Createwithplay","https://docs.createwithplay.com/en/articles/image-shuffle","An expression editor function that returns a random image from your project assets.","Image Shuffle","Overview, Parameters","","","30","83","0.62710 s","329kb","59","215","","154","","","https://docs.createwithplay.com/en/articles/image-shuffle","7","15kb","7","117","0","0"
"Get Subviews - Createwithplay","https://docs.createwithplay.com/en/articles/get-subviews","An expression editor function that returns an array of direct child views.","Get Subviews","Overview, Parameters","","","29","74","0.83717 s","329kb","59","227","","153","","","https://docs.createwithplay.com/en/articles/get-subviews","7","15kb","7","117","0","0"
"! (Inverse) - Createwithplay","https://docs.createwithplay.com/en/articles/inverse","An expression editor function that returns the inverse of a variable or property.","! (Inverse)","Overview, Parameters, Example","","","28","81","0.78616 s","337kb","61","241","","156","","","https://docs.createwithplay.com/en/articles/inverse","7","15kb","7","119","0","0"
"Is Emoji - Createwithplay","https://docs.createwithplay.com/en/articles/is-emoji","An expression editor function that checks if a string is an emoji.","Is Emoji","Overview, Parameters, Example","","","25","66","0.96511 s","337kb","61","232","","157","","","https://docs.createwithplay.com/en/articles/is-emoji","7","15kb","7","119","0","0"
"Number - Createwithplay","https://docs.createwithplay.com/en/articles/number","An expression editor function that converts a string to a number.","Number","Overview, Parameters, Example","","","23","65","0.44059 s","339kb","61","245","","157","","","https://docs.createwithplay.com/en/articles/number","7","15kb","7","119","0","0"
"Is Nil - Createwithplay","https://docs.createwithplay.com/en/articles/is-nil","An expression editor function that checks if a value is nil.","Is Nil","Overview, Parameters, Example","","","23","60","0.95719 s","343kb","61","265","","157","","","https://docs.createwithplay.com/en/articles/is-nil","7","15kb","7","119","0","0"
"Placeholder - Createwithplay","https://docs.createwithplay.com/en/articles/placeholder","An expression editor function that generates random placeholder content by category.","Placeholder","Overview, Parameters, Example","","","28","84","0.62364 s","338kb","61","250","","156","","","https://docs.createwithplay.com/en/articles/placeholder","7","15kb","7","119","0","0"
"JSON String - Createwithplay","https://docs.createwithplay.com/en/articles/json-string","An expression editor function that converts a dictionary to JSON format.","JSON String","Overview, Parameters, Example","","","28","72","0.98056 s","337kb","61","235","","157","","","https://docs.createwithplay.com/en/articles/json-string","7","15kb","7","119","0","0"
"Set User Default - Createwithplay","https://docs.createwithplay.com/en/articles/set-user-default","An expression editor function that stores data persistently in UserDefaults.","Set User Default","Overview, Parameters, Example","","","33","76","0.76611 s","338kb","61","257","","155","","","https://docs.createwithplay.com/en/articles/set-user-default","7","15kb","7","119","0","0"
"Snapshot - Createwithplay","https://docs.createwithplay.com/en/articles/snapshot","An expression editor function that captures a screenshot of a view within the prototype.","Snapshot","Overview, Parameters","","","25","88","0.67381 s","331kb","60","239","","154","","","https://docs.createwithplay.com/en/articles/snapshot","7","15kb","7","118","0","0"
"Remove User Default - Createwithplay","https://docs.createwithplay.com/en/articles/remove-user-default","An expression editor function that deletes stored data from UserDefaults.","Remove User Default","Overview, Parameters","","","36","73","0.94727 s","329kb","59","222","","154","","","https://docs.createwithplay.com/en/articles/remove-user-default","7","15kb","7","117","0","0"
"String Contains - Createwithplay","https://docs.createwithplay.com/en/articles/string-contains","An expression editor function that checks if a string contains a specific substring.","String Contains","Overview, Parameters, Example","","","32","84","0.91982 s","339kb","61","280","","156","","","https://docs.createwithplay.com/en/articles/string-contains","7","15kb","7","119","0","0"
"Value Between - Createwithplay","https://docs.createwithplay.com/en/articles/value-between","An expression editor function that calculates a value between two numbers based on a percentage.","Value Between","Overview, Parameters, Example","","","30","96","0.66932 s","340kb","61","296","","157","","","https://docs.createwithplay.com/en/articles/value-between","7","15kb","7","119","0","0"
"Text Shuffle - Createwithplay","https://docs.createwithplay.com/en/articles/text-shuffle","An expression editor function that returns random text generated by Play.","Text Shuffle","Overview, Parameters","","","29","73","0.98988 s","329kb","59","212","","154","","","https://docs.createwithplay.com/en/articles/text-shuffle","7","15kb","7","117","0","0"
"Unsplash - Createwithplay","https://docs.createwithplay.com/en/articles/unsplash","An expression editor function that retrieves random images from Unsplash based on keywords.","Unsplash","Overview, Parameters, Example","","","25","91","0.94254 s","337kb","61","243","","157","","","https://docs.createwithplay.com/en/articles/unsplash","7","15kb","7","119","0","0"
"String Split - Createwithplay","https://docs.createwithplay.com/en/articles/string-split","A expression editor function that splits a string into an array.","String Split","Overview, Parameters, Example","","","29","64","1.28225 s","338kb","61","258","","156","","","https://docs.createwithplay.com/en/articles/string-split","7","15kb","7","119","0","0"
"Toggle - Createwithplay","https://docs.createwithplay.com/en/articles/toggle","An expression editor function that returns the opposite value of a boolean.","Toggle","Overview, Parameters, Example","","","23","75","1.04789 s","338kb","61","251","","156","","","https://docs.createwithplay.com/en/articles/toggle","7","15kb","7","119","0","0"
"Animate Children into View - Createwithplay","https://docs.createwithplay.com/en/articles/prefab-animate-children-into-view","A prefab that animates an object's children into view.","Animate Children into View","Overview, Controls","Scale, Opacity, Blur, Offset Y, Stagger By, Duration, Spring","","43","54","0.87381 s","327kb","43","295","","83","","","https://docs.createwithplay.com/en/articles/prefab-animate-children-into-view","7","15kb","7","101","0","0"
"Animate on Keyboard Show - Createwithplay","https://docs.createwithplay.com/en/articles/prefab-animate-on-keyboard-show","A prefab that animates an object when the keyboard shows.","Animate on Keyboard Show","Overview, Controls","Move Up, Fade In, Duration, Spring","","41","57","0.97556 s","321kb","37","260","","72","","","https://docs.createwithplay.com/en/articles/prefab-animate-on-keyboard-show","7","15kb","7","95","0","0"
"Move To Touch - Createwithplay","https://docs.createwithplay.com/en/articles/prefab-move-to-touch","A prefab that an object to the position of a user's touch.","Move To Touch","Overview, Prefab Controls","Target, Move, Move Y, Duration, Spring","","30","58","1.12608 s","322kb","38","257","","65","","","https://docs.createwithplay.com/en/articles/prefab-move-to-touch","7","15kb","7","96","0","0"
"Uppercase - Createwithplay","https://docs.createwithplay.com/en/articles/uppercase","An expression editor function that makes a string's characters lowercase.","Uppercase","Overview, Parameters, Example","","","26","73","0.96591 s","326kb","40","180","","58","","","https://docs.createwithplay.com/en/articles/uppercase","7","15kb","6","98","0","0"
"Gyro 3D Transform  - Createwithplay","https://docs.createwithplay.com/en/articles/prefab-gyro-3d-transform","A prefab that changes an object's properties based on the device's orientation.","Gyro 3D Transform","Overview, Controls","Target, From, To, Translate X & Y, Rotate X & Y","","35","79","0.63458 s","323kb","37","335","","57","","","https://docs.createwithplay.com/en/articles/prefab-gyro-3d-transform","7","15kb","8","95","0","0"
"Abs - Createwithplay","https://docs.createwithplay.com/en/articles/abs-absolute-value","An expression editor function that returns the absolute value of a number.","Abs","Overview, Parameters, Example","","","20","74","1.29938 s","335kb","58","216","","144","","","https://docs.createwithplay.com/en/articles/abs-absolute-value","7","15kb","8","116","0","0"
"Circular Grid - Createwithplay","https://docs.createwithplay.com/en/articles/prefab-circular-grid","A prefab that lays out objects in a circle.","Circular Grid","Overview, Controls","Start, End, Radius","","30","43","1.08240 s","324kb","38","221","","76","","","https://docs.createwithplay.com/en/articles/prefab-circular-grid","7","15kb","8","97","0","0"
"Is Empty - Createwithplay","https://docs.createwithplay.com/en/articles/is-empty","An expression editor function that checks if a string has 0 characters.","Is Empty","Overview, Parameters, Example","","","25","71","0.90569 s","332kb","40","215","","59","","","https://docs.createwithplay.com/en/articles/is-empty","7","15kb","7","98","0","0"
"String Count - Createwithplay","https://docs.createwithplay.com/en/articles/string-count","An expression editor function that counts the number of characters in a string.","String Count","Overview, Parameters, Example","","","29","79","0.79582 s","332kb","40","193","","59","","","https://docs.createwithplay.com/en/articles/string-count","7","15kb","7","98","0","0"
"Substring - Createwithplay","https://docs.createwithplay.com/en/articles/substring","An expression editor function that extracts a portion of a string.","Substring","Overview, Parameters, Example","","","26","66","0.90111 s","327kb","40","201","","59","","","https://docs.createwithplay.com/en/articles/substring","7","15kb","7","98","0","0"
"Format Number - Createwithplay","https://docs.createwithplay.com/en/articles/format-number","An expression editor function that formats a number for display.","Format Number","Overview, Parameters, Example","","","30","64","1.03119 s","338kb","40","300","","58","","","https://docs.createwithplay.com/en/articles/format-number","7","15kb","7","98","0","0"
"Format Number Locale - Createwithplay","https://docs.createwithplay.com/en/articles/format-number-locale","An expression editor function that formats a number for display.","Format Number Locale","Overview, Parameters, Examples","","","37","64","0.95457 s","346kb","40","351","","59","","","https://docs.createwithplay.com/en/articles/format-number-locale","7","15kb","7","98","0","0"
"Lowercase - Createwithplay","https://docs.createwithplay.com/en/articles/lowercase","An expression editor function that makes a string's characters lowercase.","Lowercase","Overview, Parameters, Example","","","26","73","1.03739 s","326kb","40","180","","59","","","https://docs.createwithplay.com/en/articles/lowercase","7","15kb","7","98","0","0"
"Scroll when Pin Selected - Createwithplay","https://docs.createwithplay.com/en/articles/prefab-scroll-when-pin-selected","A prefab that scrolls a stack of cards based on a map's pin indexes.","Scroll when Pin Selected","Overview, Controls","Cards, Duration, Spring","","41","68","0.60913 s","318kb","34","248","","52","","","https://docs.createwithplay.com/en/articles/prefab-scroll-when-pin-selected","7","15kb","9","92","0","0"
"Int - Createwithplay","https://docs.createwithplay.com/en/articles/int","An expression editor function that casts an number as an integer.","Int","Overview, Parameters","","","20","65","0.65312 s","327kb","56","196","","141","","","https://docs.createwithplay.com/en/articles/int","7","15kb","9","114","0","0"
"Hypotenuse - Createwithplay","https://docs.createwithplay.com/en/articles/hypotenuse","An expression editor function that calculates the hypotenuse of a right triangle.","Hypotenuse","Overview, Parameters, Example","","","27","81","0.73662 s","336kb","58","220","","142","","","https://docs.createwithplay.com/en/articles/hypotenuse","7","15kb","9","116","0","0"
"Percent - Createwithplay","https://docs.createwithplay.com/en/articles/percent","An expression editor function that calculates a percentage of a given number.","Percent","Overview, Parameters, Example","","","24","77","0.58457 s","335kb","58","213","","144","","","https://docs.createwithplay.com/en/articles/percent","7","15kb","9","116","0","0"
"Pi - Createwithplay","https://docs.createwithplay.com/en/articles/pi","An expression editor function that returns the mathematical constant pi.","Pi","Overview, Parameters, Example","","","19","72","0.55291 s","334kb","58","190","","144","","","https://docs.createwithplay.com/en/articles/pi","7","15kb","9","116","0","0"
"Max - Createwithplay","https://docs.createwithplay.com/en/articles/max","An expression editor function that returns the larger of two values.","Max","Overview, Parameters, Example","","","20","68","0.64131 s","342kb","58","230","","143","","","https://docs.createwithplay.com/en/articles/max","7","15kb","9","116","0","0"
"Clamp - Createwithplay","https://docs.createwithplay.com/en/articles/clamp","An expression editor function that constrains a value between two numbers.","Clamp","Overview, Parameters, Example","","","22","74","0.87290 s","350kb","58","327","","143","","","https://docs.createwithplay.com/en/articles/clamp","7","15kb","9","116","0","0"
"Auto - Createwithplay","https://docs.createwithplay.com/en/articles/auto","An expression editor function that applies an auto value an object's height or width.","Auto","Overview, Parameters","","","21","85","0.89737 s","327kb","56","197","","141","","","https://docs.createwithplay.com/en/articles/auto","7","15kb","9","114","0","0"
"Fill - Createwithplay","https://docs.createwithplay.com/en/articles/fill","An expression editor function that applies a fill value an object's height or width.","Fill","Overview, Parameters","","","21","84","0.86629 s","327kb","56","190","","141","","","https://docs.createwithplay.com/en/articles/fill","7","15kb","9","114","0","0"
"Arctangent (atan2) - Createwithplay","https://docs.createwithplay.com/en/articles/arctangent-atan2","An expression editor function that calculates the arctangent of y/x coordinates.","Arctangent (atan2)","Overview, Parameters, Example","","","35","80","0.93248 s","336kb","58","209","","143","","","https://docs.createwithplay.com/en/articles/arctangent-atan2","7","15kb","9","116","0","0"
"Cos - Createwithplay","https://docs.createwithplay.com/en/articles/cos","An expression editor function that calculates the cosine of an angle.","Cos","Overview, Parameters, Example","","","20","69","1.02703 s","335kb","58","199","","143","","","https://docs.createwithplay.com/en/articles/cos","7","15kb","9","116","0","0"
"Min - Createwithplay","https://docs.createwithplay.com/en/articles/min","An expression editor function that returns the smaller of two values.","Min","Overview, Parameters, Example","","","20","69","0.96677 s","342kb","58","230","","144","","","https://docs.createwithplay.com/en/articles/min","7","15kb","9","116","0","0"
"Round - Createwithplay","https://docs.createwithplay.com/en/articles/round","An expression editor function that rounds a number to the nearest whole number.","Round","Overview, Parameters, Example","","","22","79","0.55066 s","341kb","58","212","","144","","","https://docs.createwithplay.com/en/articles/round","7","15kb","9","116","0","0"
"Random Integer - Createwithplay","https://docs.createwithplay.com/en/articles/random-integer","An expression editor function that generates a random whole number within a range.","Random Integer","Overview, Parameters, Example","","","31","82","0.51882 s","338kb","58","230","","144","","","https://docs.createwithplay.com/en/articles/random-integer","7","15kb","9","116","0","0"
"Pow (Power) - Createwithplay","https://docs.createwithplay.com/en/articles/pow-power","An expression editor function that raises a number to a specified power.","Pow (Power)","Overview, Parameters, Example","","","28","72","0.60890 s","337kb","58","233","","144","","","https://docs.createwithplay.com/en/articles/pow-power","7","15kb","9","116","0","0"
"Random - Createwithplay","https://docs.createwithplay.com/en/articles/random","An expression editor function that generates a random decimal number within a range.","Random","Overview, Parameters, Example","","","23","84","0.70295 s","337kb","58","228","","144","","","https://docs.createwithplay.com/en/articles/random","7","15kb","9","116","0","0"
"String Height - Createwithplay","https://docs.createwithplay.com/en/articles/string-height","An expression editor function that calculates the height of a string.","String Height","Overview, Parameters","","","30","69","0.56305 s","328kb","57","220","","140","","","https://docs.createwithplay.com/en/articles/string-height","7","15kb","9","115","0","0"
"String Width - Createwithplay","https://docs.createwithplay.com/en/articles/string-width","An expression editor function that calculates the width of a string.","String Width","Overview, Parameters","","","29","68","0.51999 s","328kb","57","219","","140","","","https://docs.createwithplay.com/en/articles/string-width","7","15kb","9","115","0","0"
"Sin - Createwithplay","https://docs.createwithplay.com/en/articles/sin","An expression editor function that calculates the sine of an angle.","Sin","Overview, Parameters, Example","","","20","67","0.79508 s","335kb","58","203","","144","","","https://docs.createwithplay.com/en/articles/sin","7","15kb","9","116","0","0"
"Round Up - Createwithplay","https://docs.createwithplay.com/en/articles/round-up","An expression editor function that rounds a number up to the next whole number.","Round Up","Overview, Parameters, Example","","","25","79","0.87655 s","335kb","58","209","","144","","","https://docs.createwithplay.com/en/articles/round-up","7","15kb","9","116","0","0"
"Round To - Createwithplay","https://docs.createwithplay.com/en/articles/round-to","An expression editor function that rounds a number to a specific number of decimal places.","Round To","Overview, Parameters, Example","","","25","90","0.91890 s","336kb","58","232","","144","","","https://docs.createwithplay.com/en/articles/round-to","7","15kb","9","116","0","0"
"Square Root - Createwithplay","https://docs.createwithplay.com/en/articles/square-root","An expression editor function that calculates the square root of a number.","Square Root","Overview, Parameters, Example","","","28","74","0.83941 s","335kb","58","208","","143","","","https://docs.createwithplay.com/en/articles/square-root","7","15kb","9","116","0","0"
"Round Down - Createwithplay","https://docs.createwithplay.com/en/articles/round-down","An expression editor function that rounds a number down to the previous whole number.","Round Down","Overview, Parameters, Example","","","27","85","1.01325 s","335kb","58","209","","144","","","https://docs.createwithplay.com/en/articles/round-down","7","15kb","9","116","0","0"
"Truncating Remainder - Createwithplay","https://docs.createwithplay.com/en/articles/truncating-remainder","An expression editor function that calculates the remainder after division.","Truncating Remainder","Overview, Parameters, Example","","","37","75","0.53735 s","336kb","58","223","","143","","","https://docs.createwithplay.com/en/articles/truncating-remainder","7","15kb","9","116","0","0"
"Grid (Fill Width) - Createwithplay","https://docs.createwithplay.com/en/articles/prefab-grid-fill-width","A prefab that stretches objects in a grid.","Grid (Fill Width)","Overview, Controls","Columns, Spacing, Auto Height","","34","42","0.65643 s","319kb","38","224","","74","","","https://docs.createwithplay.com/en/articles/prefab-grid-fill-width","7","15kb","9","96","0","0"
"Tan - Createwithplay","https://docs.createwithplay.com/en/articles/tan","An expression editor function that calculates the tangent of an angle.","Tan","Overview, Parameters, Example","","","20","70","1.15679 s","335kb","58","201","","143","","","https://docs.createwithplay.com/en/articles/tan","7","15kb","9","116","0","0"
"Grid (Auto Spacing) - Createwithplay","https://docs.createwithplay.com/en/articles/prefab-grid-auto-spacing","A prefab that lays out objects in a grid with auto spacing.","Grid (Auto Spacing)","Overview, Controls","Columns, Auto Height","","36","59","0.80721 s","317kb","36","217","","72","","","https://docs.createwithplay.com/en/articles/prefab-grid-auto-spacing","7","15kb","9","94","0","0"
"Grid - Createwithplay","https://docs.createwithplay.com/en/articles/prefab-grid","A prefab that lays out objects in a grid.","Grid","Overview, Controls","Columns, Spacing, Auto Height","","21","41","0.95182 s","319kb","38","218","","75","","","https://docs.createwithplay.com/en/articles/prefab-grid","7","15kb","9","96","0","0"
"Stagger Grid - Createwithplay","https://docs.createwithplay.com/en/articles/prefab-stagger-grid","A prefab that lays out objects in a staggered grid.","Stagger Grid","Overview, Controls","Columns, Spacing, Auto Height","","29","51","1.10055 s","319kb","38","233","","75","","","https://docs.createwithplay.com/en/articles/prefab-stagger-grid","7","15kb","9","96","0","0"
"Wrap - Createwithplay","https://docs.createwithplay.com/en/articles/prefab-wrap","A prefab that wraps overflow items to the next line within a stack.","Wrap","Overview, Controls","Spacing H, Spacing V, Auto Height","","21","67","1.04613 s","319kb","38","221","","74","","","https://docs.createwithplay.com/en/articles/prefab-wrap","7","15kb","9","96","0","0"
"Project Appearance - Createwithplay","https://docs.createwithplay.com/en/articles/project-appearance","An expression editor function that returns the current UI appearance mode of the project.","Project Appearance","Overview, Parameters","","","35","89","0.90729 s","315kb","32","162","","25","","","https://docs.createwithplay.com/en/articles/project-appearance","7","15kb","8","90","0","0"
"Select Pin on Scroll - Createwithplay","https://docs.createwithplay.com/en/articles/prefab-select-pin-on-scroll","A prefab that selects a map pin based on a scroll index.","Select Pin on Scroll","Overview, Controls","Map, Altitutde, Duration","","37","56","0.59333 s","318kb","34","238","","48","","","https://docs.createwithplay.com/en/articles/prefab-select-pin-on-scroll","7","15kb","10","92","0","0"
